{"version":2,"hash":{"type":"Buffer","data":"Qh6S+JM0oUwiuFUfNyu3QC1xJr1HHNW8fXCesh69aKr8T655yd2CvXrU8eEZnXUVW/MtxWSosYScVtBIwS+4go/eA9ZBpoIlQFyn1Mq8LIv23dIzfGCI5euXulwTMS9fuLQ7AhrNGmlfNI4K2B4Dq0bD2shbN3J2OqP3epdCsro="},"indexValueMap":{"MeT2sy6Ht0UtOza12lUKifb4mRtS3DuXCWkuAIm0FV4=":{"valueMac":{"type":"Buffer","data":"N11LMKeR4dVHcFUxM3apdv5xGAHvzOKdAGZtuUt0MkQ="}},"fAZQefejBWa9WGDcNjkbJBDxiboyfhxPCCLdMRH5ylw=":{"valueMac":{"type":"Buffer","data":"KhHurp+txqQB173M47CHTke3jXgdJ4WyXX+C07u9Ypc="}},"v+L6J2AHVux2ugz+W+pBgPi5NAdbxKOVD4my80IMyYc=":{"valueMac":{"type":"Buffer","data":"huCPCBZkcPzFLDrCHdZFlOuGcEQdT9D+k8T12q5KrEg="}},"EiHongbhktOHCuqIHuG0BLBj0yDkBaDPtDEgGCJrV/Y=":{"valueMac":{"type":"Buffer","data":"ayS5dFiz414oxWgFGllJKF9EtmUyCmC//C9t4Cv9rTE="}},"hedCUX6vuGNXhP0JeHf0Dv7KnEGZhhpStFPsiych4Jg=":{"valueMac":{"type":"Buffer","data":"aQHTfsBaszRiPp4V0DbW9I3cPwfamIyG5SH7Yg1dlZo="}},"Qb4Da+i6l7qom5WTtF17QXR132Ar3Tchl0Auv7+Fy+Y=":{"valueMac":{"type":"Buffer","data":"yrhDHekiBFArzENPuY3iNaFVozxOQrVZ3lWfDq8w1WM="}},"gVzOZ0EKU4OS3TPpYCApMyNFyBiylB99p+i9pbf6m5A=":{"valueMac":{"type":"Buffer","data":"6K5SnWdXucxv9aViYHW8TgN+xUg2dGFDsbNzQ4k88IU="}},"/Xs1DlyI0RvoxLyEVufFZekMClY+2dhWwPDqmBrNYuQ=":{"valueMac":{"type":"Buffer","data":"Mu2SfLQJvYzFgSH0uhokVNR4ROYvvc+4o5hOwhgVRzQ="}},"MEMv6GJVvg7iP40Q6epjgzTQKIiqZ3REj+pQ7dtSdrA=":{"valueMac":{"type":"Buffer","data":"3+29jJgwJhW6LzWfCWhuS6VLF5acdlvarNLO/PXPtqY="}},"hdT39Hjai2mOWyF9HATs2vzdaBETRZGO2EnBJ1nYeUM=":{"valueMac":{"type":"Buffer","data":"HeRNO/RFpo8S2Dda5B5LQeCb9MDMyHqQ18Yq7sugYmM="}},"TiqjP/wqxmYIUyuLkpUvckAeLGx8tCOWQgEmay7KCPI=":{"valueMac":{"type":"Buffer","data":"Re/IK0+a3Dz33QTNpbtJ7emtu7Gf03gt5zQ6d26L8Q8="}},"zGPaWBxuCxW17C9Aqkf7sluL4AVUjwn8LnvGzoWLqII=":{"valueMac":{"type":"Buffer","data":"2AiPCS33Ik/W6aUcjqOJP5dIR4Ykzu+YHXHf6T2TZao="}},"11vs5Fb4xy8EfO7XhCj/H6w/HVxo1TJOrLGgi0BhyzU=":{"valueMac":{"type":"Buffer","data":"Qrb25zH9ajSSOUyAzsGk3+Z4oGzX9WK/ae6QMi2nD8w="}},"ezin4YeVAeQLeCMlKVSi8WQbrhpTxrNdd9gu2eE52/w=":{"valueMac":{"type":"Buffer","data":"VinU2oJyHRfIW5V28o6Mchs6z+mjm5nqBFSMrlY/0O4="}}}}