{"noiseKey":{"private":{"type":"Buffer","data":"QKOoujyBiF/FO/brLg9YcbFM2PW6gPoBYgr6ktwJIG8="},"public":{"type":"Buffer","data":"ltS0w7+tieO5ELdNeCfKDyQZ+5DUOKT/pwsWAeolqRs="}},"pairingEphemeralKeyPair":{"private":{"type":"Buffer","data":"AItycrDqVetfSFcJ/KlCmz2ByrScjH+rHZWEhcc7FVk="},"public":{"type":"Buffer","data":"yMsO/ne5Ace/i48XphPVvshQDsVCdPP34RmlqcfGaHU="}},"signedIdentityKey":{"private":{"type":"Buffer","data":"+HgCnbEvJIkq2GudIU8r2X2g7geAR8YE2y9YTff9lkY="},"public":{"type":"Buffer","data":"ntCbBMq2IkkmR3UFoHZJxbcpGFeHRT0AzeMx0+TjE1w="}},"signedPreKey":{"keyPair":{"private":{"type":"Buffer","data":"EFagNQq1CLm2LCH+af2f8eNlFAsWYfqLBS89MXP9G0M="},"public":{"type":"Buffer","data":"cKYCGrCjCVErQ9h6BWwU5u8fXkPMQHAukCo84uC06DE="}},"signature":{"type":"Buffer","data":"2JadsI4sIhjhcjp5m9MR4pL7i8lDlYwyJv7aKceTj4pYoPe+iTz4V2Ru5n8kcQsgYIxqv3K8iZVCswOnebcTDA=="},"keyId":1},"registrationId":67,"advSecretKey":"MfeziwUfq6+/T6kd5JPPiCaIvqzJYDj3v2nzyPrS9is=","processedHistoryMessages":[{"key":{"remoteJid":"62857552519341@s.whatsapp.net","fromMe":true,"id":"E979239BF578F084DB5DDAF2400E77E8"},"messageTimestamp":1711683990},{"key":{"remoteJid":"62857552519341@s.whatsapp.net","fromMe":true,"id":"0D288A145CF45E16A860AAA45ABA6CFD"},"messageTimestamp":1711683992},{"key":{"remoteJid":"62857552519341@s.whatsapp.net","fromMe":true,"id":"9029A7DF64E76C51E8553F4CBB06468B"},"messageTimestamp":1711684013},{"key":{"remoteJid":"62857552519341@s.whatsapp.net","fromMe":true,"id":"3040DF6FDC3BDA64A222DED2B537DD85"},"messageTimestamp":1711684038},{"key":{"remoteJid":"62857552519341@s.whatsapp.net","fromMe":true,"id":"E482BFAC547815C741F908A1D0234138"},"messageTimestamp":1711684058},{"key":{"remoteJid":"62857552519341@s.whatsapp.net","fromMe":true,"id":"FABDC5EC063556E8C662D55ADB9886F4"},"messageTimestamp":1711684103},{"key":{"remoteJid":"62857552519341@s.whatsapp.net","fromMe":true,"id":"7EDB8FD5DB2857C3F7277060B736804F"},"messageTimestamp":1711684117},{"key":{"remoteJid":"62857552519341@s.whatsapp.net","fromMe":true,"id":"61D21F5B3B3B4E19F5555C76CC2A53F6"},"messageTimestamp":1711684121},{"key":{"remoteJid":"62857552519341@s.whatsapp.net","fromMe":true,"id":"ABE63EE20B1C8F757D955CFC5E691FAD"},"messageTimestamp":1711684121}],"nextPreKeyId":91,"firstUnuploadedPreKeyId":91,"accountSyncCounter":1,"accountSettings":{"unarchiveChats":false},"deviceId":"jFSz3UB3QMW2I66xqp4mFw","phoneId":"aa6ad239-20f2-4a81-8b02-2266fb39b240","identityId":{"type":"Buffer","data":"jWeAFg1ooASGmIPPjnWVlSGfPbQ="},"registered":true,"backupToken":{"type":"Buffer","data":"3LgZXJO38m8w1qyQrbxli2nWpyM="},"registration":{},"pairingCode":"EPTTHFQQ","me":{"id":"62857552519341:3@s.whatsapp.net","name":"Pablo"},"account":{"details":"CL60wooGEIvzmLAGGAEgACgA","accountSignatureKey":"UoxGCg5TALmhmgHySdPSOZ5m3l66kDdEtptkLD0TSBw=","accountSignature":"6hDwtlXvl5PNcWP8lliTUgXLyTPu4BptV8n0Y1FdG5v033f+yoLzs5/zY27ja2VG8Ix5/05oUYFOgao3XwfKBA==","deviceSignature":"ITw/TzXVjXfJdmC9f/m2jc2PzuDAsx8rvFnxTnCTofd/GBPA3riYY/vl+yy0I2kVQPX1DZMHC54gGW7lV+BwDg=="},"signalIdentities":[{"identifier":{"name":"62857552519341:3@s.whatsapp.net","deviceId":0},"identifierKey":{"type":"Buffer","data":"BVKMRgoOUwC5oZoB8knT0jmeZt5eupA3RLabZCw9E0gc"}}],"platform":"smba","lastAccountSyncTimestamp":1711684114,"myAppStateKeyId":"AAAAAGHc"}