[{"senderKeyId":319585948,"senderChainKey":{"iteration":12,"seed":"ogmq44QUQshdA9VBMcKXA9mWelAGEzTSjYc0NAvM5yw="},"senderSigningKey":{"public":"BZrDEAsh4Y8+F9HtbHteS7+924FiRg54buBEu1/YgC0b"},"senderMessageKeys":[]},{"senderKeyId":319585948,"senderChainKey":{"iteration":7,"seed":"RaUSrnfSYj4zuifuD+fwKyLKj4qJlc8xLc28vMq/BkY="},"senderSigningKey":{"public":"BZrDEAsh4Y8+F9HtbHteS7+924FiRg54buBEu1/YgC0b"},"senderMessageKeys":[]},{"senderKeyId":1680904652,"senderChainKey":{"iteration":8,"seed":"ZrPzyVw8NVKj08RD3JX1qHo133FRhFQPLx/b+88ewc8="},"senderSigningKey":{"public":"BeKmPO5nqmgN7Z8nbSkACMxHjbxvYNw+J+ntmehtle19"},"senderMessageKeys":[]}]