[{"senderKeyId":1347505596,"senderChainKey":{"iteration":15,"seed":"V0qC4HOxsvqh5fIucqzjr9vu5TapSxzefCMA6yWOooA="},"senderSigningKey":{"public":"BcCxybPumSTFo/Aq/44TG4Oyb7KQsH23TWx00Vwk7eYJ"},"senderMessageKeys":[]},{"senderKeyId":1347505596,"senderChainKey":{"iteration":9,"seed":"Ud5U00vBosDN1vBAZPpsC4vRT+EHRLig5hEaM8ye+aI="},"senderSigningKey":{"public":"BcCxybPumSTFo/Aq/44TG4Oyb7KQsH23TWx00Vwk7eYJ"},"senderMessageKeys":[]},{"senderKeyId":1347505596,"senderChainKey":{"iteration":9,"seed":"Ud5U00vBosDN1vBAZPpsC4vRT+EHRLig5hEaM8ye+aI="},"senderSigningKey":{"public":"BcCxybPumSTFo/Aq/44TG4Oyb7KQsH23TWx00Vwk7eYJ"},"senderMessageKeys":[]},{"senderKeyId":1347505596,"senderChainKey":{"iteration":9,"seed":"Ud5U00vBosDN1vBAZPpsC4vRT+EHRLig5hEaM8ye+aI="},"senderSigningKey":{"public":"BcCxybPumSTFo/Aq/44TG4Oyb7KQsH23TWx00Vwk7eYJ"},"senderMessageKeys":[]},{"senderKeyId":1347505596,"senderChainKey":{"iteration":9,"seed":"Ud5U00vBosDN1vBAZPpsC4vRT+EHRLig5hEaM8ye+aI="},"senderSigningKey":{"public":"BcCxybPumSTFo/Aq/44TG4Oyb7KQsH23TWx00Vwk7eYJ"},"senderMessageKeys":[]}]