[{"senderKeyId":683672164,"senderChainKey":{"iteration":43,"seed":"1Xqa29Fe3JZwJq2DxVWrnWkJ9ywNWfgOvYyXKP3pUq8="},"senderSigningKey":{"public":"BfUWdwq+EURZIptHTZhhm4YLJ+W03MSEdRl0i6mJzUN1"},"senderMessageKeys":[{},{},{},{},{},{},{},{},{},{},{},{},{},{},{},{},{},{},{},{},{},{},{},{},{},{},{}]},{"senderKeyId":683672164,"senderChainKey":{"iteration":42,"seed":"5xAQcNGlS1mcxGTgiC2hHRTP/vGgM2/H4sGG9+gigok="},"senderSigningKey":{"public":"BfUWdwq+EURZIptHTZhhm4YLJ+W03MSEdRl0i6mJzUN1"},"senderMessageKeys":[]}]