{"_sessions":{"BdFWv/54mh7MRiQcc5lDsJrWZFtkrdZgMDPcKJQL9kEI":{"registrationId":1888065293,"currentRatchet":{"ephemeralKeyPair":{"pubKey":"Bavcm5u99QK1VKiYGbtID1/6iRz5WGXiiQkhZkUVPo40","privKey":"GOhOJ9cRN4cEHJ+1pgcu31o1qWt1yfzySblEuHshU3g="},"lastRemoteEphemeralKey":"BbY71QkX03RVmrw8YpgmF7dTdzCMgxLAZb+IRV0biPMS","previousCounter":0,"rootKey":"kYNuefEZKweBcBKD09P8CCwFpaEtiMgMalcV047mXqg="},"indexInfo":{"baseKey":"BdFWv/54mh7MRiQcc5lDsJrWZFtkrdZgMDPcKJQL9kEI","baseKeyType":1,"closed":-1,"used":1711684400238,"created":1711684400238,"remoteIdentityKey":"BSpumM/YKT7ODeXOKAq8qcnNGP/12Y6WEVEO9IKmnW9X"},"_chains":{"Bavcm5u99QK1VKiYGbtID1/6iRz5WGXiiQkhZkUVPo40":{"chainKey":{"counter":2,"key":"YMl1pstLaHNP1lrlykL7NGPkwMt0PBtHLezBpZAnoS0="},"chainType":1,"messageKeys":{}}},"pendingPreKey":{"signedKeyId":2,"baseKey":"BdFWv/54mh7MRiQcc5lDsJrWZFtkrdZgMDPcKJQL9kEI","preKeyId":1113189}}},"version":"v1"}