{"_sessions":{"BV0RZFSZ4Kc1UZ8dl0fNIUpAT2u1kVVqFXdVEIfNDaoW":{"registrationId":271707751,"currentRatchet":{"ephemeralKeyPair":{"pubKey":"Bbl8MIc1jiWrr52IkF5GhPJA3AlhuWaRen2v2xN7Zsok","privKey":"iA6ZrgmfQM2aQGbhWGgAQpw2NZSpexogm44PynrgOno="},"lastRemoteEphemeralKey":"Bc0pv6rvpAvcAsUn36hO42B5qmpzz7nKFFn2NH0wP1Mv","previousCounter":0,"rootKey":"TEdgScYBweEREKJYE9UZ2UrVquo7QFYhvuvaYQTS1VQ="},"indexInfo":{"baseKey":"BV0RZFSZ4Kc1UZ8dl0fNIUpAT2u1kVVqFXdVEIfNDaoW","baseKeyType":1,"closed":-1,"used":1711684398433,"created":1711684398433,"remoteIdentityKey":"Bay9DXuPCjO0rwpJqs/5yUiBiKmrObPSiL61bnXBBsxM"},"_chains":{"Bbl8MIc1jiWrr52IkF5GhPJA3AlhuWaRen2v2xN7Zsok":{"chainKey":{"counter":2,"key":"MpuQescNygu3cWIRLEDQyj9PE11LQpJ/cs0lTuPChAQ="},"chainType":1,"messageKeys":{}}},"pendingPreKey":{"signedKeyId":9,"baseKey":"BV0RZFSZ4Kc1UZ8dl0fNIUpAT2u1kVVqFXdVEIfNDaoW","preKeyId":8469215}}},"version":"v1"}