{"_sessions":{"BdD9wkKNzFZOLtetzDT1cxzMbPJUz90y7X+Id072AnUN":{"registrationId":158,"currentRatchet":{"ephemeralKeyPair":{"pubKey":"Be1AjtsUyXyppawf3a1g4XvraxhhfVIK3QZoI+U/avwi","privKey":"WHuAu/mVhvoxXxR3g1GlAy0M0SqzEZwJ9DA4EEoU10o="},"lastRemoteEphemeralKey":"BSLsoHUIMM+NreDCXL4ssQ3ZqiLSKw4dYbMYyikxOXBC","previousCounter":0,"rootKey":"imLd737HBlpyGHg+UAQ1z5DOGrUXbdGNvqBh0ZwLmVk="},"indexInfo":{"baseKey":"BdD9wkKNzFZOLtetzDT1cxzMbPJUz90y7X+Id072AnUN","baseKeyType":1,"closed":-1,"used":1711684325518,"created":1711684325518,"remoteIdentityKey":"BWwXO8ABVathy4nlxs/29x2OvGlof2CUDkOikGjqHTwv"},"_chains":{"Be1AjtsUyXyppawf3a1g4XvraxhhfVIK3QZoI+U/avwi":{"chainKey":{"counter":8,"key":"IfRlLLzOg9t+yuN7DEg6Yx3TdoOt++akn4bgkJ1LAak="},"chainType":1,"messageKeys":{}}},"pendingPreKey":{"signedKeyId":1,"baseKey":"BdD9wkKNzFZOLtetzDT1cxzMbPJUz90y7X+Id072AnUN"}}},"version":"v1"}