{"_sessions":{"Bbw+D4RL7EaPyl7AZasO0dHcKSVssu1EZpiFkBsaxiEJ":{"registrationId":1583292725,"currentRatchet":{"ephemeralKeyPair":{"pubKey":"BeYx9/bErlglzIXp/BACwrD9vRQu7eT8r2+gra/UUQ4A","privKey":"sOr3mOVA9l0gz9PsgivLiOFqfu3SS9vxN0q7iXsZCVg="},"lastRemoteEphemeralKey":"BTmLvtJ1HzaaqsgbaJco9Ti4DepLeV9brMcIQ1zaUik2","previousCounter":0,"rootKey":"DFHs7KQPXdFcmelR0psYvQG9QkeMJ/yBKHrOWqaa6m8="},"indexInfo":{"baseKey":"Bbw+D4RL7EaPyl7AZasO0dHcKSVssu1EZpiFkBsaxiEJ","baseKeyType":1,"closed":-1,"used":1711684401320,"created":1711684401320,"remoteIdentityKey":"Bf7zDRNHmBshH75CgOJ09aX9wr1o4dZwWJ5sB+4FVHN5"},"_chains":{"BeYx9/bErlglzIXp/BACwrD9vRQu7eT8r2+gra/UUQ4A":{"chainKey":{"counter":2,"key":"Npe0qT6X/j0qM/fCqU5ImzEutjdQYeu3W+DOSmvBxs8="},"chainType":1,"messageKeys":{}}},"pendingPreKey":{"signedKeyId":1,"baseKey":"Bbw+D4RL7EaPyl7AZasO0dHcKSVssu1EZpiFkBsaxiEJ","preKeyId":7239106}}},"version":"v1"}