{"_sessions":{"BVEMhwZuHcUPJhdIlXUlmnSv99vkGJKXVzUpEPamp7MX":{"registrationId":50,"currentRatchet":{"ephemeralKeyPair":{"pubKey":"BdBwEGYO0dIseqE6N65Ao/ST+uf13ZzC8tVO1zH8nw5N","privKey":"6LqX+0omglB4DPfxFLe9qkvC74HErtLKy8UTgnompkw="},"lastRemoteEphemeralKey":"Be7JY2kGrQpTw6oRSWm6z0aLPg5LInCKUc1xlMSMyf1C","previousCounter":0,"rootKey":"mDIM32I9THoM3sICwLJ92A1eaTTxY4Km8+bUtFCJT4s="},"indexInfo":{"baseKey":"BVEMhwZuHcUPJhdIlXUlmnSv99vkGJKXVzUpEPamp7MX","baseKeyType":1,"closed":1711684325782,"used":1711684403699,"created":1711684325524,"remoteIdentityKey":"BUq39pgQQp4AhcAEztbTFQ63g2wocMmHRh8swvd3yO88"},"_chains":{"Be7JY2kGrQpTw6oRSWm6z0aLPg5LInCKUc1xlMSMyf1C":{"chainKey":{"counter":0,"key":"VdeAvq4Y+SVp/ABiKwZ1prIXfiLT07hAJh8z6r2ZejE="},"chainType":2,"messageKeys":{}},"BdBwEGYO0dIseqE6N65Ao/ST+uf13ZzC8tVO1zH8nw5N":{"chainKey":{"counter":-1,"key":"t+RevxVajvlXqltADtH3iwy7fUuaqqWjdZKU1UEUCgY="},"chainType":1,"messageKeys":{}}}},"BQLDieU1hFzenmR5T2+MHPnTbUn0UC27zVCvrabqk0Ix":{"registrationId":50,"currentRatchet":{"ephemeralKeyPair":{"pubKey":"BTTUQ9wL3CxU84X0SwVVukmC1WYrwmZvB1DVU7PHWXA5","privKey":"oE/naLfzu+HnPOfhBTar3U6gN1YRvbtHfjasox58o3U="},"lastRemoteEphemeralKey":"Be7JY2kGrQpTw6oRSWm6z0aLPg5LInCKUc1xlMSMyf1C","previousCounter":0,"rootKey":"StWWVkL1AFKBDFGGvaSYCyXqeRESlaUp4NeLkUN3YPg="},"indexInfo":{"baseKey":"BQLDieU1hFzenmR5T2+MHPnTbUn0UC27zVCvrabqk0Ix","baseKeyType":2,"closed":1711684457200,"used":1711684325788,"created":1711684325788,"remoteIdentityKey":"BUq39pgQQp4AhcAEztbTFQ63g2wocMmHRh8swvd3yO88"},"_chains":{"BWZSD/WCpUPypEmxZVOGGqV4noD6cW/z1evh/LO2OFwM":{"chainKey":{"counter":0},"chainType":2,"messageKeys":{}},"Be7JY2kGrQpTw6oRSWm6z0aLPg5LInCKUc1xlMSMyf1C":{"chainKey":{"counter":0,"key":"f75OWXmK/bl+r6gQCt5JRtyFToxySAVVtRzqUpg/otI="},"chainType":2,"messageKeys":{}},"BTTUQ9wL3CxU84X0SwVVukmC1WYrwmZvB1DVU7PHWXA5":{"chainKey":{"counter":0,"key":"Jy1CzdADT0uR349lwzwXZkMTJQZbTCNr23l3I+UO3Lc="},"chainType":1,"messageKeys":{}}}},"BSTuhpH+63oaHjvIq+U8XRTehG1tpWKieOaJa0b69uMS":{"registrationId":50,"currentRatchet":{"ephemeralKeyPair":{"pubKey":"BRT6fbvCaEO914FdT5SRjCMXKfjWRJttImmOD7tHTzxp","privKey":"CNjbwgbkcFZszlN3LQw4VEXrjLPMw0/FJC2RBd4Bu3c="},"lastRemoteEphemeralKey":"BUkzkYX/3QU4W8Qrv5i2U33ePPSlFmAB2s2tztr1uRkM","previousCounter":1,"rootKey":"uNBLwakvC3LnoZV6/4HSgPfhuIxQ3jgElX0D6n1MPJg="},"indexInfo":{"baseKey":"BSTuhpH+63oaHjvIq+U8XRTehG1tpWKieOaJa0b69uMS","baseKeyType":1,"closed":1711686166538,"used":1711684561210,"created":1711684457195,"remoteIdentityKey":"BUq39pgQQp4AhcAEztbTFQ63g2wocMmHRh8swvd3yO88"},"_chains":{"BUkzkYX/3QU4W8Qrv5i2U33ePPSlFmAB2s2tztr1uRkM":{"chainKey":{"counter":0,"key":"utcNfRlZvyfbNs4b1DPcDJSowDWg4pnIvWc4M3hhLkc="},"chainType":2,"messageKeys":{}},"BRT6fbvCaEO914FdT5SRjCMXKfjWRJttImmOD7tHTzxp":{"chainKey":{"counter":-1,"key":"JIdE5wPC0JpNV+ejVjxBum2HaHiQQPQ9NL02AfGOw8A="},"chainType":1,"messageKeys":{}}}},"BTw7Jm6ZoBQk54LO+AkazjrY0teuozjv5Jy195X1ZX8X":{"registrationId":50,"currentRatchet":{"ephemeralKeyPair":{"pubKey":"BYfR3XmIYVX9S7359hIsBJ/hDMTuzSmn0sg1mK3EePsP","privKey":"oMxM+faM8F7KR6w6uLKvnQJnT1dkFxw2Z6veiEZWN0M="},"lastRemoteEphemeralKey":"BbHF6HzmoM7YePv4zsOZnuyVb/1EHgPhxGcwWwHgUelV","previousCounter":0,"rootKey":"39Edz5Bq+ydBZETDa73gwMOQslgIS4KIgxDjVyWNMso="},"indexInfo":{"baseKey":"BTw7Jm6ZoBQk54LO+AkazjrY0teuozjv5Jy195X1ZX8X","baseKeyType":1,"closed":1711686200418,"used":1711686166527,"created":1711686166527,"remoteIdentityKey":"BUq39pgQQp4AhcAEztbTFQ63g2wocMmHRh8swvd3yO88"},"_chains":{"BYfR3XmIYVX9S7359hIsBJ/hDMTuzSmn0sg1mK3EePsP":{"chainKey":{"counter":0,"key":"VTX8k6FBhjDohtmeFsTqjJaxrNI87CdvkE1YynASJI0="},"chainType":1,"messageKeys":{}}},"pendingPreKey":{"signedKeyId":1,"baseKey":"BTw7Jm6ZoBQk54LO+AkazjrY0teuozjv5Jy195X1ZX8X","preKeyId":1831}},"BVZgXdsIez3X0e0x0a4wpc1Mobs8td4UrgQ3uDI5Lohx":{"registrationId":50,"currentRatchet":{"ephemeralKeyPair":{"pubKey":"BXPk7APJpZCKeEA6UmSkMCCaipMwJN9h+Fx/uXY1jtQp","privKey":"cMJYTv7AL5Ey50zajN7xEDAqW3frM8ULz7YPXnvDX0o="},"lastRemoteEphemeralKey":"BbHF6HzmoM7YePv4zsOZnuyVb/1EHgPhxGcwWwHgUelV","previousCounter":0,"rootKey":"tnh6NeWjlm2ZRFZMt0OPskiyUu0AuWLfR/cjD780pqc="},"indexInfo":{"baseKey":"BVZgXdsIez3X0e0x0a4wpc1Mobs8td4UrgQ3uDI5Lohx","baseKeyType":1,"closed":1711686226580,"used":1711686200401,"created":1711686200401,"remoteIdentityKey":"BUq39pgQQp4AhcAEztbTFQ63g2wocMmHRh8swvd3yO88"},"_chains":{"BXPk7APJpZCKeEA6UmSkMCCaipMwJN9h+Fx/uXY1jtQp":{"chainKey":{"counter":0,"key":"Ow/vLFy8L2lUs0p/kT0V92L7AjHuG6TR+lP3nQ/3Z2c="},"chainType":1,"messageKeys":{}}},"pendingPreKey":{"signedKeyId":1,"baseKey":"BVZgXdsIez3X0e0x0a4wpc1Mobs8td4UrgQ3uDI5Lohx","preKeyId":1846}},"Bd1A0cNSrDxev2Tor5Dd8Xh716r3TxcE3S4cIpyUeH1E":{"registrationId":50,"currentRatchet":{"ephemeralKeyPair":{"pubKey":"BcTDBjpgY6ijyH6N1ArQi8W3N5axhO2qXAwF3mdawctC","privKey":"WKe67bjZ9ExedcLBd05gqj2vG+lRmNbh6KMFN/xh60w="},"lastRemoteEphemeralKey":"BbHF6HzmoM7YePv4zsOZnuyVb/1EHgPhxGcwWwHgUelV","previousCounter":0,"rootKey":"jJ7CFkN2Ds3RDtPp39vvLvPhKnTSDeSQezntBTekKA0="},"indexInfo":{"baseKey":"Bd1A0cNSrDxev2Tor5Dd8Xh716r3TxcE3S4cIpyUeH1E","baseKeyType":1,"closed":1711688832209,"used":1711686226562,"created":1711686226562,"remoteIdentityKey":"BUq39pgQQp4AhcAEztbTFQ63g2wocMmHRh8swvd3yO88"},"_chains":{"BcTDBjpgY6ijyH6N1ArQi8W3N5axhO2qXAwF3mdawctC":{"chainKey":{"counter":1,"key":"SmjVq7kVwRIcEznBnYU4sYcMwAIqH44op8t5YaMCyOE="},"chainType":1,"messageKeys":{}}},"pendingPreKey":{"signedKeyId":1,"baseKey":"Bd1A0cNSrDxev2Tor5Dd8Xh716r3TxcE3S4cIpyUeH1E","preKeyId":1835}},"BXKVEX+MrYYD0XTW3Y9++0Zuga7YYu6GkdBvN0Q+qvAb":{"registrationId":50,"currentRatchet":{"ephemeralKeyPair":{"pubKey":"BWDFKPS2327wu9a8emFekhWedo8ia0FY/v/+IO9l8b0r","privKey":"IKVtWE6eTkUVxJO856QukuAkzOLEcVjMM+P2A4ln/H8="},"lastRemoteEphemeralKey":"BTBqtsYh40GYXxzOvbXuZgIz1Fsim0k16kh5gNBwymBB","previousCounter":0,"rootKey":"EWQY3zPk87aQUF31/B01bma49bNNinVwUVQImZGePdw="},"indexInfo":{"baseKey":"BXKVEX+MrYYD0XTW3Y9++0Zuga7YYu6GkdBvN0Q+qvAb","baseKeyType":2,"closed":-1,"used":1711688832216,"created":1711688832216,"remoteIdentityKey":"BUq39pgQQp4AhcAEztbTFQ63g2wocMmHRh8swvd3yO88"},"_chains":{"BTBqtsYh40GYXxzOvbXuZgIz1Fsim0k16kh5gNBwymBB":{"chainKey":{"counter":2,"key":"F/r/cZUICoQVg8Xdk8FhS/sq1IMd9Sjbpiqa9g9fhpE="},"chainType":2,"messageKeys":{"0":"SW8DafwA7L96mP2GW6r7qs57i9zWx9FK9QH+vOe3NOs="}},"BWDFKPS2327wu9a8emFekhWedo8ia0FY/v/+IO9l8b0r":{"chainKey":{"counter":-1,"key":"Dw+LJ2ycwvBz8uhtIK6rzBqUtEo94YRsukAxiMYH+lY="},"chainType":1,"messageKeys":{}}}}},"version":"v1"}