{"_sessions":{"BWpjIs6OSnLR44kdC1sNkeNe3WKZxbmgAAOPnbGPyr8d":{"registrationId":1561571591,"currentRatchet":{"ephemeralKeyPair":{"pubKey":"BURcvevUwjo2JjzQI8HGVC8VuJwcy30bdESDz6lwW08E","privKey":"EHBEVc7vk4XVOOMMtlk6DkQMtfOcTw3ggTiaecf66nk="},"lastRemoteEphemeralKey":"BYvhgDB7bBNan8iOEvg+/fsTYN0BvybZQg2g8MvOQJYA","previousCounter":0,"rootKey":"ZtpfFpAKgU1A/Ye+3mfMN7o7N+A6LE6uB3X0ygsuKzo="},"indexInfo":{"baseKey":"BWpjIs6OSnLR44kdC1sNkeNe3WKZxbmgAAOPnbGPyr8d","baseKeyType":1,"closed":-1,"used":1711684398199,"created":1711684398199,"remoteIdentityKey":"BdVIAmhdazl6POBgbThUhml2xOGX1HogrzbU48hcHt4K"},"_chains":{"BURcvevUwjo2JjzQI8HGVC8VuJwcy30bdESDz6lwW08E":{"chainKey":{"counter":2,"key":"+tYbBgVaA9ANf0ZMJ7T3TEwUsGJUveVszl/ybZxxJVE="},"chainType":1,"messageKeys":{}}},"pendingPreKey":{"signedKeyId":3,"baseKey":"BWpjIs6OSnLR44kdC1sNkeNe3WKZxbmgAAOPnbGPyr8d","preKeyId":1799377}}},"version":"v1"}