{"_sessions":{"BTuDkpFbTYXeoUKVeoNzfarKTlpeXxViqUc2hmTBVqsv":{"registrationId":308685571,"currentRatchet":{"ephemeralKeyPair":{"pubKey":"BYlwLHM8p6Tj7vAvqUH4d6yV64jFP9uW5wporQIfJuQv","privKey":"QFDTheDoDqhUBPLeXdyt8mN2VRIYytfj4ZgDy1cUa3U="},"lastRemoteEphemeralKey":"BRm+W6hwthdV8yAeR4ev+uQi2ujFGJFJkX+v+nPqBwFj","previousCounter":0,"rootKey":"C/aJxMMWBa8FYlz8UN80n+b2h5Xr9YHDP3K9pHIVZgE="},"indexInfo":{"baseKey":"BTuDkpFbTYXeoUKVeoNzfarKTlpeXxViqUc2hmTBVqsv","baseKeyType":1,"closed":-1,"used":1711684399225,"created":1711684399225,"remoteIdentityKey":"BcAu2BjqJU66zAFSy6HcYaJSBwNI5LbT1oelFBg1fDlS"},"_chains":{"BYlwLHM8p6Tj7vAvqUH4d6yV64jFP9uW5wporQIfJuQv":{"chainKey":{"counter":2,"key":"3wbkAEoJnVlFeF0diHxVedPKPFapkCOHsQUrXm9mfBA="},"chainType":1,"messageKeys":{}}},"pendingPreKey":{"signedKeyId":37,"baseKey":"BTuDkpFbTYXeoUKVeoNzfarKTlpeXxViqUc2hmTBVqsv","preKeyId":16718240}}},"version":"v1"}