{"_sessions":{"BWrA4lSDezR91KoMOruu6rbIwocLZppGMQ54hxb1ysUP":{"registrationId":1507071655,"currentRatchet":{"ephemeralKeyPair":{"pubKey":"BfUG7Zd3zUTul1STxo13Lzq9q1n/tLuJZ9a/27g10eh4","privKey":"SF8s3hivKy6AItF2fkKmvi/Yza24zzfDLiDH0Lj7n1k="},"lastRemoteEphemeralKey":"BYxmUgzTC0pt2LPPZdu4LBCZDYEFruAo37o8ln2Fh7cH","previousCounter":0,"rootKey":"yP48sf4OCJ9mlWKdo8kr2/n+miAIGvMIg1XAz5X1N0Q="},"indexInfo":{"baseKey":"BWrA4lSDezR91KoMOruu6rbIwocLZppGMQ54hxb1ysUP","baseKeyType":1,"closed":-1,"used":1711684399140,"created":1711684399140,"remoteIdentityKey":"BfgCRvg69m/Ho87sefuXcyKGuoDXtNP0//NBI4YrIYYI"},"_chains":{"BfUG7Zd3zUTul1STxo13Lzq9q1n/tLuJZ9a/27g10eh4":{"chainKey":{"counter":2,"key":"wOyh52CFVNgA+YPMObEWs7VENY+M5F/ltUqZTX6C740="},"chainType":1,"messageKeys":{}}},"pendingPreKey":{"signedKeyId":2,"baseKey":"BWrA4lSDezR91KoMOruu6rbIwocLZppGMQ54hxb1ysUP","preKeyId":10374141}}},"version":"v1"}