{"_sessions":{"BVHzyzsCDKaKTun7eGTzd+lR3wwQWQ7EoCrgUvs/wtps":{"registrationId":700833854,"currentRatchet":{"ephemeralKeyPair":{"pubKey":"BYS3pmgxfp24rmquLJaRiJfhg2Oeqem1/q/WbZoNFzpV","privKey":"ANOeUDfTgbVgq31N3s3NcGueZwAIPy/DveVMphhYxX4="},"lastRemoteEphemeralKey":"BVGGbhR7Prxin6NnOHamkr56vCqg183L3N6rWSXAc5Bd","previousCounter":0,"rootKey":"NZXX4FhDsuMWUkSv1D9kuAMml8pgbjqFpgm8vmhn6sM="},"indexInfo":{"baseKey":"BVHzyzsCDKaKTun7eGTzd+lR3wwQWQ7EoCrgUvs/wtps","baseKeyType":1,"closed":-1,"used":1711684401643,"created":1711684401643,"remoteIdentityKey":"BbrJfZGZUCDhlVJHR6MPzDetUKgiQPz5ysXYfulCzppX"},"_chains":{"BYS3pmgxfp24rmquLJaRiJfhg2Oeqem1/q/WbZoNFzpV":{"chainKey":{"counter":2,"key":"u/LSNomeVb/rYu68hIG7SCg6BmaRPuWIabfdaxEpbso="},"chainType":1,"messageKeys":{}}},"pendingPreKey":{"signedKeyId":37,"baseKey":"BVHzyzsCDKaKTun7eGTzd+lR3wwQWQ7EoCrgUvs/wtps","preKeyId":16599533}}},"version":"v1"}