{"_sessions":{"BcqqCraC2OjvhWf5zIaEQOktthHB0HnxeutiJtzMiCd9":{"registrationId":857989976,"currentRatchet":{"ephemeralKeyPair":{"pubKey":"BQwLanW0PuJvjwaqMLDsiOeEYaOdkmJxwI+R4j5Obkg2","privKey":"iEBoGy1dDFu2QAMme9kYWBF5KVAY/Gi5rAJ875OnzXo="},"lastRemoteEphemeralKey":"BdzjqkkjOJTvVQoO/RQmGjyos4MWGGIyF60kBWjg5mF8","previousCounter":0,"rootKey":"VYNDmPTX/DclfWnkKnfWbFWmrouRTMsiaLzqxar7Sss="},"indexInfo":{"baseKey":"BcqqCraC2OjvhWf5zIaEQOktthHB0HnxeutiJtzMiCd9","baseKeyType":1,"closed":-1,"used":1711684400316,"created":1711684400316,"remoteIdentityKey":"BYkJ+aRQ29p1O/65A0U/67dzWdDwk1pZyonbgjlceg0v"},"_chains":{"BQwLanW0PuJvjwaqMLDsiOeEYaOdkmJxwI+R4j5Obkg2":{"chainKey":{"counter":2,"key":"tv8a1u8qzwk+GVbfKqQdMK/m+W4x5CfkESdRoxIcnAE="},"chainType":1,"messageKeys":{}}},"pendingPreKey":{"signedKeyId":8,"baseKey":"BcqqCraC2OjvhWf5zIaEQOktthHB0HnxeutiJtzMiCd9","preKeyId":911918}}},"version":"v1"}