{"_sessions":{"Bc58VT+OzunepRwQNFfXDH6HTfqDOWcSoJlVPptu/DFe":{"registrationId":274675079,"currentRatchet":{"ephemeralKeyPair":{"pubKey":"BW0lO8qr114r/QBQ3CIXSohUS4co9Is6oA9WSrDnvTAH","privKey":"WLheV2FVJDmiQs+g5OWqIWPwqV85YApi3TuDYsHhS3E="},"lastRemoteEphemeralKey":"BfEZo0lOSykN032HQiyRZ1oq1ovwO6zwAitFhrMOWl0t","previousCounter":0,"rootKey":"BWR4ugJ3oy7VDM67sjec6INGz9vSPyERh/+9aSeCX3Q="},"indexInfo":{"baseKey":"Bc58VT+OzunepRwQNFfXDH6HTfqDOWcSoJlVPptu/DFe","baseKeyType":1,"closed":-1,"used":1711684399540,"created":1711684399540,"remoteIdentityKey":"BafzgxZ3ggn+BFgY9fgayyc9QWP8lB6uu9cFUiTjAucI"},"_chains":{"BW0lO8qr114r/QBQ3CIXSohUS4co9Is6oA9WSrDnvTAH":{"chainKey":{"counter":2,"key":"dSqbm4ArM8v4yuhR9tYwh4cOEaBraksW1tAJKPrv19E="},"chainType":1,"messageKeys":{}}},"pendingPreKey":{"signedKeyId":4,"baseKey":"Bc58VT+OzunepRwQNFfXDH6HTfqDOWcSoJlVPptu/DFe","preKeyId":3651894}}},"version":"v1"}