{"_sessions":{"BVtgHeX/OeDEv9R5pzLBNEYEHCNHuqfAWUAc+ngJcUo2":{"registrationId":2028872687,"currentRatchet":{"ephemeralKeyPair":{"pubKey":"BaW9Xl/ca3BtRpfDrGmNl7VPzJmEAxyPRf+0hyczC2Zn","privKey":"cGoxl8nM5yqNgsQuT5dj6y6sVg8dkUxhQk9pKwIjdHo="},"lastRemoteEphemeralKey":"BbK2WHQxNG81CBfqCN11Ra1Pc5iLh+ahGWFxIzFJ7oMk","previousCounter":0,"rootKey":"vOk9T++yXuuPA2CjO/xAvPZY4An3blz9gc64bv2KEac="},"indexInfo":{"baseKey":"BVtgHeX/OeDEv9R5pzLBNEYEHCNHuqfAWUAc+ngJcUo2","baseKeyType":2,"closed":-1,"used":1711688748996,"created":1711688748996,"remoteIdentityKey":"BR2BqB3VZkQPLspx9+hnIuqIWsRR6NQuVpLQK5jPQZNe"},"_chains":{"BbK2WHQxNG81CBfqCN11Ra1Pc5iLh+ahGWFxIzFJ7oMk":{"chainKey":{"counter":0,"key":"QogKfO9YacYnbf+D/K87dBzM8DIlqoEqsDgEVGTxV7E="},"chainType":2,"messageKeys":{}},"BaW9Xl/ca3BtRpfDrGmNl7VPzJmEAxyPRf+0hyczC2Zn":{"chainKey":{"counter":-1,"key":"tsh8ZFspJcEBBHyosowjM+y76WEW6NAIvgOol1WE0wI="},"chainType":1,"messageKeys":{}}}}},"version":"v1"}