{"_sessions":{"BVyxl7hpPX/51rhEakslGDbZfdgyJ0WIItu3l4Eb+5pd":{"registrationId":6772,"currentRatchet":{"ephemeralKeyPair":{"pubKey":"BdgLsoWU/7Pk41RtapHCbsv1qinsaOjtNLQ/DRdnTUkz","privKey":"OMuT0iujkhGm4NR5YaCZxXDIxdPm5lYaclNPtuFasFQ="},"lastRemoteEphemeralKey":"BV9jIdcIAgITzVO13iy9Ps7ulpRELNXopvBSQulhOx5l","previousCounter":0,"rootKey":"HI6OfPe/rNBh8GY1MspgaPSMhJ7MdhU21CuDCshVOL4="},"indexInfo":{"baseKey":"BVyxl7hpPX/51rhEakslGDbZfdgyJ0WIItu3l4Eb+5pd","baseKeyType":1,"closed":-1,"used":1711684398133,"created":1711684398133,"remoteIdentityKey":"BZGwFvvhQPXVmaifEX20/YhZ29aZ5p31/Et45g4e31w+"},"_chains":{"BdgLsoWU/7Pk41RtapHCbsv1qinsaOjtNLQ/DRdnTUkz":{"chainKey":{"counter":2,"key":"pEl0Xciyre2GI4sjKYxpf7Ix5vcWgDPpZCa06YEUhjc="},"chainType":1,"messageKeys":{}}},"pendingPreKey":{"signedKeyId":1,"baseKey":"BVyxl7hpPX/51rhEakslGDbZfdgyJ0WIItu3l4Eb+5pd"}}},"version":"v1"}