{"_sessions":{"BWRdUV0+bizi7srAOg4KoI8s9Tqsr6OXOBy6Snq1oPIy":{"registrationId":1930575238,"currentRatchet":{"ephemeralKeyPair":{"pubKey":"BfUGPGMPasNPh5Wypt2XPdNr7zhP18GuTTZ4YaxfigI5","privKey":"kOvrGBOrcra9Dg3w2SWcYBgnBHmVZIXkmquGVM71EUU="},"lastRemoteEphemeralKey":"BRgZNnkbZsQayem7l7GtF61TvsyEE5fH9l2JWWWv3qIr","previousCounter":0,"rootKey":"G4WFZ44jw3LN/xicQwIxE2sRMoK6gQTGX77J+sFUwrs="},"indexInfo":{"baseKey":"BWRdUV0+bizi7srAOg4KoI8s9Tqsr6OXOBy6Snq1oPIy","baseKeyType":1,"closed":-1,"used":1711684401419,"created":1711684401419,"remoteIdentityKey":"BbsmnWWXgRkoonrv7jDlu8EABDLFfC+Dl2W23Jp8y/V5"},"_chains":{"BfUGPGMPasNPh5Wypt2XPdNr7zhP18GuTTZ4YaxfigI5":{"chainKey":{"counter":2,"key":"kNNc61Id3xrHf6K5MQ9IpAGV85GJFJfzlqPoje8z+Vo="},"chainType":1,"messageKeys":{}}},"pendingPreKey":{"signedKeyId":0,"baseKey":"BWRdUV0+bizi7srAOg4KoI8s9Tqsr6OXOBy6Snq1oPIy","preKeyId":2852697}}},"version":"v1"}