{"_sessions":{"BeI2Cr8WoSon9dM0JUlDGnhY4DPnS+aYB1S+YIE3QAce":{"registrationId":1201598659,"currentRatchet":{"ephemeralKeyPair":{"pubKey":"BUpb7sOF8bLXYBdm+NY2oHEaB2wEqZ3TVAcptNdHp+4a","privKey":"OIFI2lDLSY5E7rWIRQwJFq8Zptz1gooBkgfiYGPXYk8="},"lastRemoteEphemeralKey":"BVOJ28U5H34LTUWTNARl5LiW1ZU6FBqO7xpfSV34hpRu","previousCounter":0,"rootKey":"HGR7EQ9ZJz6o0oRAIuGh2KhrY6oRTmEfIfKXyKOPRVM="},"indexInfo":{"baseKey":"BeI2Cr8WoSon9dM0JUlDGnhY4DPnS+aYB1S+YIE3QAce","baseKeyType":1,"closed":-1,"used":1711684399902,"created":1711684399902,"remoteIdentityKey":"BfwRSdYgoUNYr4DIstyXFPJ/yFLFFCx75z2TDyX5KpYJ"},"_chains":{"BUpb7sOF8bLXYBdm+NY2oHEaB2wEqZ3TVAcptNdHp+4a":{"chainKey":{"counter":2,"key":"BhTfRywWLhlASoXaFzzrtIfZrYtlWg5yyvpouCiahf4="},"chainType":1,"messageKeys":{}}},"pendingPreKey":{"signedKeyId":2,"baseKey":"BeI2Cr8WoSon9dM0JUlDGnhY4DPnS+aYB1S+YIE3QAce"}}},"version":"v1"}