{"_sessions":{"BTUd1TY5Y7KMlQM0JVPh072jlMRcVy8c8LFANrQT3XwA":{"registrationId":78,"currentRatchet":{"ephemeralKeyPair":{"pubKey":"BTbAcCEzwLATK69BcN5QmaanVIAwmbA/ETZE8nD04PkS","privKey":"qNeSbJAraNOpAyJLXosFGu0bQLZF7Udu4orEsx7GlWs="},"lastRemoteEphemeralKey":"BRp+ZdC+ZBBCcGZO0/VI5GejexkoY2/RXHKURfxQ37kr","previousCounter":0,"rootKey":"ph1+FzdGicloMFcxUBKu5lW4IP9oihhaMDAft9DNC/k="},"indexInfo":{"baseKey":"BTUd1TY5Y7KMlQM0JVPh072jlMRcVy8c8LFANrQT3XwA","baseKeyType":1,"closed":1711684404526,"used":1711684398107,"created":1711684398107,"remoteIdentityKey":"BSsV3g1Rff3GdmIlkKjBBY307PgTtzGw4HTtpyR2cXRa"},"_chains":{"BTbAcCEzwLATK69BcN5QmaanVIAwmbA/ETZE8nD04PkS":{"chainKey":{"counter":0,"key":"09NSXmVBWO06L0pyqtfitRkmFuJYcX2vqHs8O/sQep8="},"chainType":1,"messageKeys":{}}},"pendingPreKey":{"signedKeyId":1,"baseKey":"BTUd1TY5Y7KMlQM0JVPh072jlMRcVy8c8LFANrQT3XwA","preKeyId":52}},"BUBWEZgDqCJg1GVI3zzNjFaYNZoIXVKqeJ+sYhlvfjIU":{"registrationId":78,"currentRatchet":{"ephemeralKeyPair":{"pubKey":"BdVr1YDM6eZZGgQduNvpqzpmHTDYqKm9VyqIsqAWO1d5","privKey":"SNw/NNBSZoevGHrNz0q4Eg9j5kjrFalMiYmyBbwqUEM="},"lastRemoteEphemeralKey":"BRp+ZdC+ZBBCcGZO0/VI5GejexkoY2/RXHKURfxQ37kr","previousCounter":0,"rootKey":"IbnDMFTw70eelJDCbbZ2EafQE+CizTtA9YutsnCxlZQ="},"indexInfo":{"baseKey":"BUBWEZgDqCJg1GVI3zzNjFaYNZoIXVKqeJ+sYhlvfjIU","baseKeyType":1,"closed":-1,"used":1711684404460,"created":1711684404460,"remoteIdentityKey":"BSsV3g1Rff3GdmIlkKjBBY307PgTtzGw4HTtpyR2cXRa"},"_chains":{"BdVr1YDM6eZZGgQduNvpqzpmHTDYqKm9VyqIsqAWO1d5":{"chainKey":{"counter":1,"key":"+XWnpDKrGJ1M/VEY7LOnUhyEgjz9C+8PTmHqlEZt7gw="},"chainType":1,"messageKeys":{}}},"pendingPreKey":{"signedKeyId":1,"baseKey":"BUBWEZgDqCJg1GVI3zzNjFaYNZoIXVKqeJ+sYhlvfjIU","preKeyId":38}}},"version":"v1"}