{"_sessions":{"BRnMcToaW8VPUVBy4nuCUxG8TNhdCN0LLAZ251vlAqlN":{"registrationId":514847082,"currentRatchet":{"ephemeralKeyPair":{"pubKey":"BbLN+QDYNruEJdeL9JPP5pt84VucknJkTIGZp2l/qLEx","privKey":"UMeP9eRKd8Bt9SUJqn4YA1DDnc9wihrn3DC5/E9gimE="},"lastRemoteEphemeralKey":"BRRtE/Y98ELr68niw3hnASqSZEPVQdJNTEMv9hkAe18b","previousCounter":0,"rootKey":"En/EsRzrqeirzAKL76y4KzNoiRBc1ojjmgX/syht+pg="},"indexInfo":{"baseKey":"BRnMcToaW8VPUVBy4nuCUxG8TNhdCN0LLAZ251vlAqlN","baseKeyType":1,"closed":-1,"used":1711684401410,"created":1711684401410,"remoteIdentityKey":"BctBvhpsHfy2t+ALKlH127fuKoR7WlondwlfvsstJoxz"},"_chains":{"BbLN+QDYNruEJdeL9JPP5pt84VucknJkTIGZp2l/qLEx":{"chainKey":{"counter":2,"key":"lFMmlLal+UziIEoQp34iWDVDMNG5yjiVkEmI6vo9PbE="},"chainType":1,"messageKeys":{}}},"pendingPreKey":{"signedKeyId":1,"baseKey":"BRnMcToaW8VPUVBy4nuCUxG8TNhdCN0LLAZ251vlAqlN","preKeyId":1500899}}},"version":"v1"}