{"_sessions":{"BR2vIckBlCxhw/8wSKKpNF6cIZCnRt1+styZxjjCJoAJ":{"registrationId":719939443,"currentRatchet":{"ephemeralKeyPair":{"pubKey":"BbbYwC/hekGmzGdEeb1IJhAk5y80qgXacGaTc0tOt612","privKey":"+Dpp1VNHUeYFyKcM68eQF2D4SWhARI0tTcmB3BNUaUY="},"lastRemoteEphemeralKey":"BfwPSh7JXSgV+qw5LMW337Rw7Q5br3OJsDSidFIb2ltK","previousCounter":0,"rootKey":"kz4dX5x7+gecDGjf5HFPxRoMv9/IGOkiSOzPj65qW0U="},"indexInfo":{"baseKey":"BR2vIckBlCxhw/8wSKKpNF6cIZCnRt1+styZxjjCJoAJ","baseKeyType":1,"closed":-1,"used":1711684399936,"created":1711684399936,"remoteIdentityKey":"BTTl3m/DppENsDQQXysHkWEfM7lCkf6zKILuTCqinQIK"},"_chains":{"BbbYwC/hekGmzGdEeb1IJhAk5y80qgXacGaTc0tOt612":{"chainKey":{"counter":2,"key":"pjz00eSEVhJYQh+IWRsMLW9xaKbsMa3MDsB/rNjzqVU="},"chainType":1,"messageKeys":{}}},"pendingPreKey":{"signedKeyId":22,"baseKey":"BR2vIckBlCxhw/8wSKKpNF6cIZCnRt1+styZxjjCJoAJ"}}},"version":"v1"}