{"_sessions":{"BfIyB6PEjPIJ/J5RfTfxSu0roClhN28LZ36dTqA9UnIi":{"registrationId":1269331838,"currentRatchet":{"ephemeralKeyPair":{"pubKey":"BfvF4T6MqIHukK4Rw0Dclq+JVowdkdTVpy9XuO1Obqo0","privKey":"SJUY7QIOIvt7iNoHElTU11/1/QJ766HxwMJuvtj9Onk="},"lastRemoteEphemeralKey":"Bc+lx/qwcGOv6mALuCk2y4EhYoBAxXxXj3/auVrJlfwj","previousCounter":0,"rootKey":"JuuyKD/pP5AYt8VhLc1+qGKQkIEHa3ahiJohkKje4xg="},"indexInfo":{"baseKey":"BfIyB6PEjPIJ/J5RfTfxSu0roClhN28LZ36dTqA9UnIi","baseKeyType":2,"closed":-1,"used":1711688644806,"created":1711688644806,"remoteIdentityKey":"BV5F9G2uj/GuPW86JcXoMYrETPEwo7YwuYEd7/ce6YAT"},"_chains":{"Bc+lx/qwcGOv6mALuCk2y4EhYoBAxXxXj3/auVrJlfwj":{"chainKey":{"counter":0,"key":"RicWXbtA+zqcjViyucjLet3KgHsvAxCTf/OUhAUCTSA="},"chainType":2,"messageKeys":{}},"BfvF4T6MqIHukK4Rw0Dclq+JVowdkdTVpy9XuO1Obqo0":{"chainKey":{"counter":-1,"key":"/hZHBPZVl9dZuM2wOzUeoN6Y7zEW+1J0mTOzrXNjEuk="},"chainType":1,"messageKeys":{}}}}},"version":"v1"}