{"_sessions":{"BXi6u7A94+zgLTMRvkSJ82J33o7nYWjOeHZX+Z5/bjg2":{"registrationId":927921093,"currentRatchet":{"ephemeralKeyPair":{"pubKey":"BUwbr+CdnuCfSCnAUFMoHyPyyvzMoh0/o/YJ7Wyo/jlB","privKey":"EBDpJBxeic+iMZTHD6/3qBCMfuS9uKkA2/gVJyTDzEo="},"lastRemoteEphemeralKey":"BVuBWd4uA8Z7dnqCL872fyQNJL4g8CNNX/kaMAQTRyUr","previousCounter":0,"rootKey":"ImMlBWzbGN4rmL+dv+5f1xkfzWMubBwKA0SVp5XxcKI="},"indexInfo":{"baseKey":"BXi6u7A94+zgLTMRvkSJ82J33o7nYWjOeHZX+Z5/bjg2","baseKeyType":2,"closed":-1,"used":1711687267167,"created":1711687267167,"remoteIdentityKey":"BfSb6YTkEFolEtsX6KhUiMiRCZBVgs8jVxe3bAwaORYy"},"_chains":{"BVuBWd4uA8Z7dnqCL872fyQNJL4g8CNNX/kaMAQTRyUr":{"chainKey":{"counter":0,"key":"qHIHUeQQF2aC7vnqXVyocKq7cOawWRJ8HGjOSANWWB0="},"chainType":2,"messageKeys":{}},"BUwbr+CdnuCfSCnAUFMoHyPyyvzMoh0/o/YJ7Wyo/jlB":{"chainKey":{"counter":-1,"key":"e1zVsX4ZANRmjRErzOIwreqSOvz7XWY4LascB5nEQfQ="},"chainType":1,"messageKeys":{}}}}},"version":"v1"}