{"_sessions":{"BV6byNfGckClZW6ddDWg64Ayo/KeZMI7NqHHNfhVqw8a":{"registrationId":149326742,"currentRatchet":{"ephemeralKeyPair":{"pubKey":"BTFIMTBgNtW84vVwjtgXuz5z4oF4xxc7kTQzgek+eo0S","privKey":"8NLfSPfIJAiL8JwOYqu5TMhyT2tgTbZSGadwxAOisE8="},"lastRemoteEphemeralKey":"BVP3dVZtZx/gDOFVvvOhvTlCFQPQuCxlnhsGtEbVCRkV","previousCounter":0,"rootKey":"3wmPrpeYSIRt3DyhxJ2KQ79txjqR5IhIASSNXkf8/KY="},"indexInfo":{"baseKey":"BV6byNfGckClZW6ddDWg64Ayo/KeZMI7NqHHNfhVqw8a","baseKeyType":1,"closed":-1,"used":1711684399625,"created":1711684399625,"remoteIdentityKey":"BavfhW6KEyPxbjm7yxsnuVh9XZwCrwRooF9W0aGCEBgi"},"_chains":{"BTFIMTBgNtW84vVwjtgXuz5z4oF4xxc7kTQzgek+eo0S":{"chainKey":{"counter":2,"key":"4I+u4aDlt3jpIJGV4UURUmOT6/aAW/+oAw+qxMhegRU="},"chainType":1,"messageKeys":{}}},"pendingPreKey":{"signedKeyId":20,"baseKey":"BV6byNfGckClZW6ddDWg64Ayo/KeZMI7NqHHNfhVqw8a"}}},"version":"v1"}