{"_sessions":{"BbDxS6eqUPlyl81Y91ft8srt4qKGWiUfKhBaKYv+seJQ":{"registrationId":1134251792,"currentRatchet":{"ephemeralKeyPair":{"pubKey":"BWUXyDzc7mLHZjMJKsOpDxh4BwoCeKondGhijX3wRoAG","privKey":"yF9gkiQmiEADxn9UIkHNqfrexK6hAFPMyc6gfaNQflI="},"lastRemoteEphemeralKey":"Bcp/5wxoh7KR3zll4/NlHFNFzFGEPv0zCyLmV29BlVIv","previousCounter":0,"rootKey":"0tfaXv4RePf6Ap2KKkUoNup9uFAUe16ZW34mpsS5eHY="},"indexInfo":{"baseKey":"BbDxS6eqUPlyl81Y91ft8srt4qKGWiUfKhBaKYv+seJQ","baseKeyType":1,"closed":-1,"used":1711684399716,"created":1711684399716,"remoteIdentityKey":"BY3KNJ1lkIFUBug+Fm5PkBteXwCMeXYhgEa/P2m3CQAJ"},"_chains":{"BWUXyDzc7mLHZjMJKsOpDxh4BwoCeKondGhijX3wRoAG":{"chainKey":{"counter":2,"key":"UFEuBRTWyrQ6Pr+xm8OiNnPmQ45dXQJpAPfTCYvu/Jw="},"chainType":1,"messageKeys":{}}},"pendingPreKey":{"signedKeyId":7,"baseKey":"BbDxS6eqUPlyl81Y91ft8srt4qKGWiUfKhBaKYv+seJQ","preKeyId":14311044}}},"version":"v1"}