{"_sessions":{"BU75UP40kT5t6eQOv4k9FWhgUrTmoAy6F/H0NuSk/akF":{"registrationId":1431587040,"currentRatchet":{"ephemeralKeyPair":{"pubKey":"BXWGRv3U2HFlvS/zESp7OeIRjuIRbkX56NaRI6N9lesb","privKey":"mLe9uJrJUQQOcBW7ZPjOYgxD/Z2x2tZWCnmZkWQQ+nc="},"lastRemoteEphemeralKey":"BZr6fr8hXSu4XzNIWDDJWFziTZjeOis6hpwqSeE8AZ42","previousCounter":0,"rootKey":"CDCu3VnFwZL4xFKbX2SAmksLOLFZkKuMEsA0baXGov0="},"indexInfo":{"baseKey":"BU75UP40kT5t6eQOv4k9FWhgUrTmoAy6F/H0NuSk/akF","baseKeyType":1,"closed":-1,"used":1711684400743,"created":1711684400743,"remoteIdentityKey":"BdtqTMZ4ed1X+HacQijUnynXC1Pdcd+9xKyLKBSFsr10"},"_chains":{"BXWGRv3U2HFlvS/zESp7OeIRjuIRbkX56NaRI6N9lesb":{"chainKey":{"counter":2,"key":"2RStkaYkqQbOWiBJFvvYLmCbuN/LBlkSKok3aWiXRBw="},"chainType":1,"messageKeys":{}}},"pendingPreKey":{"signedKeyId":15,"baseKey":"BU75UP40kT5t6eQOv4k9FWhgUrTmoAy6F/H0NuSk/akF","preKeyId":5420676}}},"version":"v1"}