{"_sessions":{"BdGSp0I7kKaQfS6KPBdQHPdkcdOa+CIokb6mbLTpijlr":{"registrationId":149942334,"currentRatchet":{"ephemeralKeyPair":{"pubKey":"BToiUs9fdnqbdS6Rg4Mg/OJ1kokF17Sxnj2ya951oqxn","privKey":"qF6aTdGxQ9DjIJybWmYTSNAsanQjHmIlReFqtuIGxUI="},"lastRemoteEphemeralKey":"BfnD3s2q6P6NNahETThHgiYdOAwbV3wL8h/j2WiwHMkI","previousCounter":0,"rootKey":"F7Rs2BTNRqrTU8IQJCZsWfhraA9QnaNfneEN4DfGebs="},"indexInfo":{"baseKey":"BdGSp0I7kKaQfS6KPBdQHPdkcdOa+CIokb6mbLTpijlr","baseKeyType":2,"closed":-1,"used":1711687762053,"created":1711687762053,"remoteIdentityKey":"BfM5rEHc/MQvu6+TgwUvtN83b6bGKfa7p5e5rzuhKOYc"},"_chains":{"BfnD3s2q6P6NNahETThHgiYdOAwbV3wL8h/j2WiwHMkI":{"chainKey":{"counter":0,"key":"/vtRcILjJROe3fm5QXCFllRmGLY1kRf7vazPm/62K38="},"chainType":2,"messageKeys":{}},"BToiUs9fdnqbdS6Rg4Mg/OJ1kokF17Sxnj2ya951oqxn":{"chainKey":{"counter":-1,"key":"5TwiRsVBPqqc7d8FwISlh6hYcLJE6wcOrLTD82o6M6A="},"chainType":1,"messageKeys":{}}}}},"version":"v1"}