{"_sessions":{"BR9bP/yNNhO2bfp/vpqm6Sm6h79rSb0xq2RWzu/Bdy4N":{"registrationId":1082300768,"currentRatchet":{"ephemeralKeyPair":{"pubKey":"BZ0Em27UT5QbDvKBOGvfbLQL9qVkRIAguEIqTcRUiDV9","privKey":"8Nh+uIiGjb6Xm3gDzYBAtstesJ0Op0UylHZuaizp7GM="},"lastRemoteEphemeralKey":"BVwo2r0vHnZS1/OeQ/zHsbdOaJKmvMIyg9w7eAMaxIdQ","previousCounter":0,"rootKey":"3af1RO/qEQaIC+WqJ0N+v25cX4xUHZJCFGBf9lk9NDQ="},"indexInfo":{"baseKey":"BR9bP/yNNhO2bfp/vpqm6Sm6h79rSb0xq2RWzu/Bdy4N","baseKeyType":1,"closed":-1,"used":1711684398937,"created":1711684398937,"remoteIdentityKey":"BYHEJbUcq9XvNAKFJRW5HDWWQBQEbLLn/lmMlwOxsChr"},"_chains":{"BZ0Em27UT5QbDvKBOGvfbLQL9qVkRIAguEIqTcRUiDV9":{"chainKey":{"counter":2,"key":"fTfYFkKUNuqc3Vnc05zicoTqFrB39PwsCQ1m3YjvA7g="},"chainType":1,"messageKeys":{}}},"pendingPreKey":{"signedKeyId":26,"baseKey":"BR9bP/yNNhO2bfp/vpqm6Sm6h79rSb0xq2RWzu/Bdy4N","preKeyId":8820450}}},"version":"v1"}