{"_sessions":{"BUq77Pz1PZ3GXWttrJsBC6m3n6yJqeAP9zakAruwFLgx":{"registrationId":333555899,"currentRatchet":{"ephemeralKeyPair":{"pubKey":"BQNpO+HRq/cCLmhvyb7Z66tLmTYZhftrm6WnZUJKy5FD","privKey":"oF3p/aA1P4mTbA7ZD53TYa1JZa+lFt0otwhMaWh/rkc="},"lastRemoteEphemeralKey":"BcIqNaqAQjx57i5UQrWJ620inbH2aH6Q2REyqqpxL5A3","previousCounter":2,"rootKey":"juTh/MO1+LU6IPLmTDsuMXzu1p5W0LZVyaWn5MFA9L0="},"indexInfo":{"baseKey":"BUq77Pz1PZ3GXWttrJsBC6m3n6yJqeAP9zakAruwFLgx","baseKeyType":1,"closed":-1,"used":1711687419650,"created":1711684398000,"remoteIdentityKey":"BdKypUP270QzOKUZiP3zdZtShPG3bievVOfKkuClmuo7"},"_chains":{"BcIqNaqAQjx57i5UQrWJ620inbH2aH6Q2REyqqpxL5A3":{"chainKey":{"counter":2,"key":"9QpDrDQVt1zYyJIzx6TG1IrWVuHPmPUs96fqDadXZAc="},"chainType":2,"messageKeys":{}},"BQNpO+HRq/cCLmhvyb7Z66tLmTYZhftrm6WnZUJKy5FD":{"chainKey":{"counter":-1,"key":"ZXeNzZHoUpB1q67bJGbHeEeZdjXGsB339NjWBD66kBg="},"chainType":1,"messageKeys":{}}}}},"version":"v1"}