{"_sessions":{"BWkEX8IwWAZVCZ3gJEeKJDuSbGjn25HbMM7AirwSCmtp":{"registrationId":992213757,"currentRatchet":{"ephemeralKeyPair":{"pubKey":"BWsIEcdKRMoJMvWWQ5XNlCPitv+1jqE3LH0MZh/2tT0p","privKey":"cHqGIq/soVuwTO+vh59sqZLGvf1ZviHklXRypw5tTVU="},"lastRemoteEphemeralKey":"BciPtjCq3BQtsMsUr/cB+edfMKl/z+WaKhwwsQ2BwX5K","previousCounter":0,"rootKey":"kFy1JQ+dJP0ud5swgV3hf1X1NK2u3++jTfB6v5DBAXY="},"indexInfo":{"baseKey":"BWkEX8IwWAZVCZ3gJEeKJDuSbGjn25HbMM7AirwSCmtp","baseKeyType":1,"closed":-1,"used":1711684399640,"created":1711684399640,"remoteIdentityKey":"BY72z1gvf03EpcJx2/Lzf4TVFE0hnT5XLkS5vrmECsY3"},"_chains":{"BWsIEcdKRMoJMvWWQ5XNlCPitv+1jqE3LH0MZh/2tT0p":{"chainKey":{"counter":2,"key":"QZ+k+PMj5DbM3Pt1e9AUjgLMjXC0tujDVsYZJsSXUOY="},"chainType":1,"messageKeys":{}}},"pendingPreKey":{"signedKeyId":1,"baseKey":"BWkEX8IwWAZVCZ3gJEeKJDuSbGjn25HbMM7AirwSCmtp","preKeyId":12638763}}},"version":"v1"}