{"_sessions":{"BcVXTCpCgcsl8txTFWSR2rv+toUDf72PLBWYUqgJOpJJ":{"registrationId":2119550302,"currentRatchet":{"ephemeralKeyPair":{"pubKey":"BbO+jWfmlBglw2Ix5sTqoAuuNjB/LW8VbPrCGMWPHOdx","privKey":"2J2y2a1rxRkVanM/yj/sik4pOq7msYE+ajhtKVlDil8="},"lastRemoteEphemeralKey":"BWq1V53zKGrhMVIunZtoveSHBgTW3Xyw7VVz6ytkE4Uh","previousCounter":0,"rootKey":"9WkbOf+nQZzrmNDTlFSmMnTdza9SuUiH8T1ymhpRSxU="},"indexInfo":{"baseKey":"BcVXTCpCgcsl8txTFWSR2rv+toUDf72PLBWYUqgJOpJJ","baseKeyType":2,"closed":-1,"used":1711684990274,"created":1711684990274,"remoteIdentityKey":"BQhYKsVR0Mr4YTcgwNioQZ6E0ulSgpjQLPDMfdsTmYIg"},"_chains":{"BWq1V53zKGrhMVIunZtoveSHBgTW3Xyw7VVz6ytkE4Uh":{"chainKey":{"counter":0,"key":"uNXdEbrQihmdIjkFE5Ej1kQ+B3aM2bh2jz1gZ19TYC0="},"chainType":2,"messageKeys":{}},"BbO+jWfmlBglw2Ix5sTqoAuuNjB/LW8VbPrCGMWPHOdx":{"chainKey":{"counter":-1,"key":"w1ah2srawoMQdG0hFNc9b0wYq8s/IHJLTcZ1f0mLqu0="},"chainType":1,"messageKeys":{}}}}},"version":"v1"}