{"_sessions":{"BVp1HbfdImzHGPyGHS8cxV2X2UiOkr4DNVeXS+pT78Fq":{"registrationId":1225845670,"currentRatchet":{"ephemeralKeyPair":{"pubKey":"BdYRqmZniQCi1odb/E8GuLMZAkURAH6wYBYUPXsDjTg3","privKey":"eI6eXDkr8aIhXk+CCzsQJk8mVxTDOCkxDjP5FgZt21A="},"lastRemoteEphemeralKey":"BfbooFcaufXWFHoNTQsYYpH0DHwQheDbwleTqdjIWmsb","previousCounter":0,"rootKey":"ZDFBxeTBxlsJqPQsaFAZ/cT96jg8am0uFlwrZVGkCFA="},"indexInfo":{"baseKey":"BVp1HbfdImzHGPyGHS8cxV2X2UiOkr4DNVeXS+pT78Fq","baseKeyType":2,"closed":-1,"used":1711687272677,"created":1711687272677,"remoteIdentityKey":"BUiESWpKHAr64oWjXqkBAk4qB2YSLyjWNSH+1AvD2MME"},"_chains":{"BfbooFcaufXWFHoNTQsYYpH0DHwQheDbwleTqdjIWmsb":{"chainKey":{"counter":0,"key":"qFImVGUnuM97FFmGxguhpmF/uPrgO4DRWV0fisZctRk="},"chainType":2,"messageKeys":{}},"BdYRqmZniQCi1odb/E8GuLMZAkURAH6wYBYUPXsDjTg3":{"chainKey":{"counter":-1,"key":"7YT/P4vkaZQuXLPxqKaOg8d6iXlh8cPCGOg4jZccDW4="},"chainType":1,"messageKeys":{}}}}},"version":"v1"}