{"_sessions":{"BVoNmYsI1VYqxVxJxvipCKtIea3PtKSR14W7Tkf2yf8l":{"registrationId":2012221487,"currentRatchet":{"ephemeralKeyPair":{"pubKey":"BTeTnmLD2egvdF+u26dPQNqoMOTQc0Im9/FWT/iENwxO","privKey":"KMpqqnveq+mu2JrOBMd4wur4w+gUG+4Qvrn/hrn1z0o="},"lastRemoteEphemeralKey":"BagcBljqQYMnHiVf9IqjOTPOIAud+zB5bCl3A3EQg8NO","previousCounter":0,"rootKey":"c+vcaxhd4gHwpgoXYLFTZiO5eC9li41k7KYkLRWLL5c="},"indexInfo":{"baseKey":"BVoNmYsI1VYqxVxJxvipCKtIea3PtKSR14W7Tkf2yf8l","baseKeyType":1,"closed":-1,"used":1711684400941,"created":1711684400941,"remoteIdentityKey":"BZLhqYrc8eHETwQAQdBm5Wp6sLVgdkHEF+zy4V5Z13oQ"},"_chains":{"BTeTnmLD2egvdF+u26dPQNqoMOTQc0Im9/FWT/iENwxO":{"chainKey":{"counter":2,"key":"SEX06Mb2WmJFEA3uoJ36RGuifdZ+8DdX5gnMNMWf62A="},"chainType":1,"messageKeys":{}}},"pendingPreKey":{"signedKeyId":1,"baseKey":"BVoNmYsI1VYqxVxJxvipCKtIea3PtKSR14W7Tkf2yf8l","preKeyId":4278233}}},"version":"v1"}