{"_sessions":{"BUoD/i+kVjRzgKrWt9nDH3vlCgyA6VQCiL1JLZemWUFL":{"registrationId":892822084,"currentRatchet":{"ephemeralKeyPair":{"pubKey":"BcxfJZl2RWZyDjqm6QVqQ0QgmnKdxt00fq5fDyMtD1wU","privKey":"8PlbNTQpRX86ZnnlgFhxMDk28g19AD3XlM86aY4/ckQ="},"lastRemoteEphemeralKey":"BUQVfY2TRvHc/Cpu/JJ5QGtUxJ894MDWtWOpqykz4qYi","previousCounter":0,"rootKey":"Meg7G/11QvIxg+PkkVtzWSPjybKZgPerbppJSFijXUY="},"indexInfo":{"baseKey":"BUoD/i+kVjRzgKrWt9nDH3vlCgyA6VQCiL1JLZemWUFL","baseKeyType":1,"closed":-1,"used":1711684401332,"created":1711684401332,"remoteIdentityKey":"BYoTwGwGoX3VKMDj5AoKWIgS170w8kWozhkqTEc6rVMP"},"_chains":{"BcxfJZl2RWZyDjqm6QVqQ0QgmnKdxt00fq5fDyMtD1wU":{"chainKey":{"counter":2,"key":"EUxqnhAzgdpqy6Gej0uLyAcxTTMlXbR9Jj+BkmuW4RE="},"chainType":1,"messageKeys":{}}},"pendingPreKey":{"signedKeyId":8,"baseKey":"BUoD/i+kVjRzgKrWt9nDH3vlCgyA6VQCiL1JLZemWUFL"}}},"version":"v1"}