{"_sessions":{"BXVg6ctn0K1FIfp6EweLqu85mr6j5fU3PbivOYov5d4H":{"registrationId":1715,"currentRatchet":{"ephemeralKeyPair":{"pubKey":"BccgvsDUyjBaJpchPBDLBJxa/pxIVmDJTkFOdyHqAT4I","privKey":"sEkW2315/zqzvue3yYrMgWQBjTQfnfnN4e5J5arXN1A="},"lastRemoteEphemeralKey":"BQNFu1bmhubyxTcpFPObaawMOd1o+3/U3kz8KNd9/3s5","previousCounter":0,"rootKey":"I2PhwD6vdssnm5fyOKYul9QXcuP4gmoYGSeUxNaLjU4="},"indexInfo":{"baseKey":"BXVg6ctn0K1FIfp6EweLqu85mr6j5fU3PbivOYov5d4H","baseKeyType":1,"closed":-1,"used":1711684398121,"created":1711684398121,"remoteIdentityKey":"Bcmr7tBb2bDIzyVeNpm2ON9sBaBVTd7k9Q7pYNlrQaIp"},"_chains":{"BccgvsDUyjBaJpchPBDLBJxa/pxIVmDJTkFOdyHqAT4I":{"chainKey":{"counter":2,"key":"YZAu+w3EfMnTZoBaU15le6IIfOKih1D3KMXcYcbpxdI="},"chainType":1,"messageKeys":{}}},"pendingPreKey":{"signedKeyId":1,"baseKey":"BXVg6ctn0K1FIfp6EweLqu85mr6j5fU3PbivOYov5d4H"}}},"version":"v1"}