{"_sessions":{"BTptY7EZMQHsUuglx1hGelztxWQ4vDlgfcXa/U7Y6Y42":{"registrationId":2007689204,"currentRatchet":{"ephemeralKeyPair":{"pubKey":"BZ3+49dxrexcx3Pax6Og8Svxev8V+oDcFl59vtmcraV4","privKey":"6FmW/mGDKkAkvtj8VNsV6BFnbHXMk853ZHsUUhpCyFU="},"lastRemoteEphemeralKey":"BV1vx5Wqn3yrQF8NuUqz16Z/BAMVnlx4ZruAw0YGUl8t","previousCounter":0,"rootKey":"WYbD3PIhQDD09D4leBZGuYVwa3ubi8ncyVU86IlZnNk="},"indexInfo":{"baseKey":"BTptY7EZMQHsUuglx1hGelztxWQ4vDlgfcXa/U7Y6Y42","baseKeyType":1,"closed":-1,"used":1711684401636,"created":1711684401636,"remoteIdentityKey":"BWuDhE4d+JfkONMMzloFL5BSx8w9juEC/drlCbqw1ENa"},"_chains":{"BZ3+49dxrexcx3Pax6Og8Svxev8V+oDcFl59vtmcraV4":{"chainKey":{"counter":2,"key":"LyMu4twLrDe4hOQ8e3b9NuQ4STNC6fZTw1rn3Dm30Lk="},"chainType":1,"messageKeys":{}}},"pendingPreKey":{"signedKeyId":13,"baseKey":"BTptY7EZMQHsUuglx1hGelztxWQ4vDlgfcXa/U7Y6Y42"}}},"version":"v1"}