{"_sessions":{"BWVvVoCE0Tx5du/XFwEiOS3lyGJmp93QLZhamipxPvkL":{"registrationId":1843333404,"currentRatchet":{"ephemeralKeyPair":{"pubKey":"BUf8QqhZunTlHrYEeLbysSBJ/vA9Td90nJD0w+bjmdpt","privKey":"wDFyOuyc30rUFy+lzeKVE2Okrrhuv6tNkNPFJwpI1G4="},"lastRemoteEphemeralKey":"Bcpnt+efUD0k4+W3F802NO7mvnZwTHFQ3g8SadSpQ2pz","previousCounter":0,"rootKey":"CbLP4V4LSChrL29unt0zDccbSlEuemM9Vmb8fo5GSRQ="},"indexInfo":{"baseKey":"BWVvVoCE0Tx5du/XFwEiOS3lyGJmp93QLZhamipxPvkL","baseKeyType":1,"closed":-1,"used":1711684398712,"created":1711684398712,"remoteIdentityKey":"BfX6aOTjtaVBSPXQzEXCr2wsjNnjtWEp2FrwWUfuRwYI"},"_chains":{"BUf8QqhZunTlHrYEeLbysSBJ/vA9Td90nJD0w+bjmdpt":{"chainKey":{"counter":2,"key":"1SVG35FtHwizdycJeS3B8vo1fffbJ972AWR5D2w3zdg="},"chainType":1,"messageKeys":{}}},"pendingPreKey":{"signedKeyId":8,"baseKey":"BWVvVoCE0Tx5du/XFwEiOS3lyGJmp93QLZhamipxPvkL","preKeyId":5801083}}},"version":"v1"}