{"_sessions":{"BR9jItTunFgSGqih7TW1ikP7J5WfVINd9JrlG8XfAAwu":{"registrationId":1786898917,"currentRatchet":{"ephemeralKeyPair":{"pubKey":"BWiXLM48z9ptVXseqiJ9aHgOYRvcfInkbZXG8ZoJ/EUy","privKey":"kDucy6p4cNXuag2s1BNCv9H0R/3pEALl170awJXU5Ug="},"lastRemoteEphemeralKey":"BRuYVcitdgTFiXVUFvYQ22ymEoQY5QaNIrqCldmbY5Rq","previousCounter":0,"rootKey":"8CVEcLZwXM8bQVKgFhhfbCTrsArJ1Bq/g6GdjW66T30="},"indexInfo":{"baseKey":"BR9jItTunFgSGqih7TW1ikP7J5WfVINd9JrlG8XfAAwu","baseKeyType":2,"closed":-1,"used":1711684382406,"created":1711684382406,"remoteIdentityKey":"BUBy7uoozQ6l13TFABOsGfc2rszu1IrStdmghlMjwzUI"},"_chains":{"BRuYVcitdgTFiXVUFvYQ22ymEoQY5QaNIrqCldmbY5Rq":{"chainKey":{"counter":0,"key":"4fx+Rhx1dZvHEg1LZseRqqK0pTNF7pl4EYxiYhST4lU="},"chainType":2,"messageKeys":{}},"BWiXLM48z9ptVXseqiJ9aHgOYRvcfInkbZXG8ZoJ/EUy":{"chainKey":{"counter":-1,"key":"53e/jXVj+dnn2LI/dfzeQEl5L0eYmZ0Vy9fBMs0725s="},"chainType":1,"messageKeys":{}}}}},"version":"v1"}