{"_sessions":{"BS58WZcMdcA8Hog+cSKHV+xFUus2srhzhk61dMkjb14f":{"registrationId":866286743,"currentRatchet":{"ephemeralKeyPair":{"pubKey":"BZ8sJJGxR2zrjzK5xmXE5AXkJ56mPmGXJbTS9RTD/9Bb","privKey":"CODmo0MzMsqF6N7yz+yxU82keOE4BWCKjRaOAjlo/08="},"lastRemoteEphemeralKey":"BZH9ueMR3WMQNovvKf4ru6SjknWTSscnvhT9E5J8tqFu","previousCounter":0,"rootKey":"VzGBTW7BJX8TP8FET85wdysSnJ2D7K1PFqqbQ2DVGOk="},"indexInfo":{"baseKey":"BS58WZcMdcA8Hog+cSKHV+xFUus2srhzhk61dMkjb14f","baseKeyType":2,"closed":-1,"used":1711684488859,"created":1711684488859,"remoteIdentityKey":"BfJzQ3pIf8hgPhdJr8n/CR7je6WZp67WPdH+q7hrVcwM"},"_chains":{"BZH9ueMR3WMQNovvKf4ru6SjknWTSscnvhT9E5J8tqFu":{"chainKey":{"counter":1,"key":"z/MZ7USLbN3JQ+nRKHTT74jxnwgdvOtImze4AVKX9I4="},"chainType":2,"messageKeys":{}},"BZ8sJJGxR2zrjzK5xmXE5AXkJ56mPmGXJbTS9RTD/9Bb":{"chainKey":{"counter":-1,"key":"o428eFdJGvivvJe+ANhdtpik/fUPhIEGuqKphuSMXxM="},"chainType":1,"messageKeys":{}}}}},"version":"v1"}