{"_sessions":{"BXAlOOceF8mMh819sx7Ip+WzFXeqaVjlRjHOFv/mtoE2":{"registrationId":769308937,"currentRatchet":{"ephemeralKeyPair":{"pubKey":"BalZ6yLOL1ZlBf8H8iL/fmmGdd+WU241Z+QuSaccoQ5I","privKey":"uN2oDkr54EEnlmMy9SMoptID5OMU8syj47oAQz7Fl3g="},"lastRemoteEphemeralKey":"BbGUcBZ4sLMn+TEDPOJWnBaDg5fE1cM4SbUW/oLxelxZ","previousCounter":0,"rootKey":"ZUs+m2WKFQdyDPz8LS95b8kcrL8oJjThnfDH4MmTFPg="},"indexInfo":{"baseKey":"BXAlOOceF8mMh819sx7Ip+WzFXeqaVjlRjHOFv/mtoE2","baseKeyType":1,"closed":-1,"used":1711684401622,"created":1711684401622,"remoteIdentityKey":"BR/R6hkuDmo/jmxjUyeUBh+NKG7XYPTW74afialwXkwM"},"_chains":{"BalZ6yLOL1ZlBf8H8iL/fmmGdd+WU241Z+QuSaccoQ5I":{"chainKey":{"counter":2,"key":"otG9O9nmd97oUMMGr9ooOQqDxvJuwCWtlLchCXqleSE="},"chainType":1,"messageKeys":{}}},"pendingPreKey":{"signedKeyId":5,"baseKey":"BXAlOOceF8mMh819sx7Ip+WzFXeqaVjlRjHOFv/mtoE2","preKeyId":6163372}}},"version":"v1"}