{"_sessions":{"BcpfLTFdpOBLYoHEOUPgsbIzuz/JIXm8Fw5Qrp6wBdl/":{"registrationId":379197147,"currentRatchet":{"ephemeralKeyPair":{"pubKey":"BfT5aNYhw3Jr1QSkNKKVns2r/vp3u/rcVL9MgrhfC+tD","privKey":"cCtPfUTYJpUGB8kbKgZIrQdp62jy129nmzdLZS2SZlQ="},"lastRemoteEphemeralKey":"BZAhSAb7DRdlGCzU2ScNDq9x+unOExFxGy7Y3yBX6lEW","previousCounter":0,"rootKey":"KI6sVEjWrI/FOLc/9nvmJZWdcwL0Lus7VtVPFVugd3k="},"indexInfo":{"baseKey":"BcpfLTFdpOBLYoHEOUPgsbIzuz/JIXm8Fw5Qrp6wBdl/","baseKeyType":2,"closed":-1,"used":1711686022284,"created":1711686022284,"remoteIdentityKey":"BYwCcsQ1cF8RfoY/FH9ry8EVcjcnUejFdk6xLYucNTYK"},"_chains":{"BZAhSAb7DRdlGCzU2ScNDq9x+unOExFxGy7Y3yBX6lEW":{"chainKey":{"counter":0,"key":"GPP+J04hCqpNhW7lN4WJthrczHYxmnKFDvy4pZKknuo="},"chainType":2,"messageKeys":{}},"BfT5aNYhw3Jr1QSkNKKVns2r/vp3u/rcVL9MgrhfC+tD":{"chainKey":{"counter":-1,"key":"bNQc333GF+1PM3t4LbSkRTNOWWEK8h4pf4GdcxbYrRQ="},"chainType":1,"messageKeys":{}}}}},"version":"v1"}