{"_sessions":{"BRPONBmsSVlcn8bmhKzGB1aqLZl53GZZ3ZTbPlEuBoIv":{"registrationId":610914118,"currentRatchet":{"ephemeralKeyPair":{"pubKey":"BXAuS02bsJZSyB9Yvalz9p/Rm9IoKRLpxCM9JSN0S1oI","privKey":"MJvE3a8bBifF1WcqBM0i7oKFzeTGsLjprZawMbM8wWg="},"lastRemoteEphemeralKey":"BVZoSQtQ3HgQLxMiHqHfzO4T8fR5DxbBbhEHkvoIUzBj","previousCounter":0,"rootKey":"fLuoR1psDn5PTHvKxIuy2aQK3btlt+CsBmXrvswKdkc="},"indexInfo":{"baseKey":"BRPONBmsSVlcn8bmhKzGB1aqLZl53GZZ3ZTbPlEuBoIv","baseKeyType":1,"closed":-1,"used":1711684399332,"created":1711684399332,"remoteIdentityKey":"BceTTTxhHSNlcyWFm5RjY4PeLukxgVPjUqXNApSAHNNc"},"_chains":{"BXAuS02bsJZSyB9Yvalz9p/Rm9IoKRLpxCM9JSN0S1oI":{"chainKey":{"counter":2,"key":"UXED3NBolekmK3cszSvfRGOQwB4ratqowTq9ye4K3hs="},"chainType":1,"messageKeys":{}}},"pendingPreKey":{"signedKeyId":35,"baseKey":"BRPONBmsSVlcn8bmhKzGB1aqLZl53GZZ3ZTbPlEuBoIv","preKeyId":11667824}}},"version":"v1"}