{"_sessions":{"BT7oIuX8dqNPHFGWATm/XsSekBg3zRbde9OSB7hFOrwS":{"registrationId":1290359948,"currentRatchet":{"ephemeralKeyPair":{"pubKey":"BTxSuGfhZMKwDST/3szcybg07OW1JWtl9dP9UH0mrr57","privKey":"iBkGQDYXP0UAuLguy5ldmdD10MnWkbiqXlhgdAN0SFk="},"lastRemoteEphemeralKey":"BY95nRbA1bnyH4H02Q4ANmp//L7fnoM3PyRFC7YDaDwJ","previousCounter":0,"rootKey":"3ngPyhgwP+gnrBgpOndn+cAgTWmzQEz1zcSzzzHolK0="},"indexInfo":{"baseKey":"BT7oIuX8dqNPHFGWATm/XsSekBg3zRbde9OSB7hFOrwS","baseKeyType":2,"closed":-1,"used":1711687643399,"created":1711687643399,"remoteIdentityKey":"BSeMNLJ12dFL+uqQBidZ+GxuI5ECS/zfwHkX9USB3/VK"},"_chains":{"BY95nRbA1bnyH4H02Q4ANmp//L7fnoM3PyRFC7YDaDwJ":{"chainKey":{"counter":1,"key":"XRpLanSzcnA0NfaizX9Kdw4hUp5BS4CszY9PtwISGK0="},"chainType":2,"messageKeys":{}},"BTxSuGfhZMKwDST/3szcybg07OW1JWtl9dP9UH0mrr57":{"chainKey":{"counter":-1,"key":"yP2K+uUSTLOfIuTq5Lnt/7yCkkeNDjIicAtS0GHKpwk="},"chainType":1,"messageKeys":{}}}}},"version":"v1"}