{"_sessions":{"BbOU6C0NAbCfJVi4OCdMN4DPT8riHzatFjlZ5Ym0dCNM":{"registrationId":1565238129,"currentRatchet":{"ephemeralKeyPair":{"pubKey":"BQlMLF9OzFHJw+jYeA21kyfdM53QMSc3Eg1Av/CO3x0i","privKey":"WMwHdJbxSVCp/veGSgcV2tWBPZpI9sS0HZ6iQyD89Fc="},"lastRemoteEphemeralKey":"BaO9IuJ4ncIBkZ9/+gMYtll7l3uUzsPrCi/YGNlq4y5s","previousCounter":0,"rootKey":"eUwuJioelnFIriojjnlwxbsxn1zeXIgA1YZDnvP6lDQ="},"indexInfo":{"baseKey":"BbOU6C0NAbCfJVi4OCdMN4DPT8riHzatFjlZ5Ym0dCNM","baseKeyType":2,"closed":-1,"used":1711685209276,"created":1711685209276,"remoteIdentityKey":"BbTp1R0dwkfHxu7Dtq1GJzN0dlDz5XPWWPPHUDVmTeQb"},"_chains":{"BaO9IuJ4ncIBkZ9/+gMYtll7l3uUzsPrCi/YGNlq4y5s":{"chainKey":{"counter":4,"key":"zfGeYTh/EuTe0PVNTXCot2AKOjUtayUOZIBDcvSTPL0="},"chainType":2,"messageKeys":{}},"BQlMLF9OzFHJw+jYeA21kyfdM53QMSc3Eg1Av/CO3x0i":{"chainKey":{"counter":-1,"key":"3ejvE8Q2BJVjrJWLNi77BiWhHn8N+pULY6ccm5gJ8vA="},"chainType":1,"messageKeys":{}}}}},"version":"v1"}