{"_sessions":{"BWIHgrb/Y6IEHpIZQOXZMUneitUs7f68GurDTxl26sVT":{"registrationId":494882420,"currentRatchet":{"ephemeralKeyPair":{"pubKey":"BXpp0SbE7dzaMksGAJH2YX8S4/NG1f7s+NLg9q6Hgags","privKey":"4DL8uG8Vmr3J+yp9XYBtZPD4i5QbPi8WFAi1zob5qGg="},"lastRemoteEphemeralKey":"BQvkAe3MZrU96Xx9aaikPpsikY8Gwzp47sqbeBT3UqFX","previousCounter":0,"rootKey":"bVerLLigZzzpzoC43K4/R0EJvFodBAVluh18mfTyZ3U="},"indexInfo":{"baseKey":"BWIHgrb/Y6IEHpIZQOXZMUneitUs7f68GurDTxl26sVT","baseKeyType":1,"closed":-1,"used":1711684400108,"created":1711684400108,"remoteIdentityKey":"BY18LGYp9Bs15S70N19QqyUPabKBZ3vaSBt1Gkg2lswj"},"_chains":{"BXpp0SbE7dzaMksGAJH2YX8S4/NG1f7s+NLg9q6Hgags":{"chainKey":{"counter":2,"key":"1Ga89VG2gW0qgOLZc9MjBQGsPeITfVVlb0z21LYNo+A="},"chainType":1,"messageKeys":{}}},"pendingPreKey":{"signedKeyId":12,"baseKey":"BWIHgrb/Y6IEHpIZQOXZMUneitUs7f68GurDTxl26sVT","preKeyId":11262976}}},"version":"v1"}