{"_sessions":{"BXs3Ons7UFM5QzJLJ5SLoTCN+MZOPTBIFc0NHKtUJZZH":{"registrationId":1407953166,"currentRatchet":{"ephemeralKeyPair":{"pubKey":"BS8TFLvTEITx0nV3VQg6gs1psjFhZi3V2Ilpw/uTgSpi","privKey":"gMvA8EXLeI9WtKXGY+tKLgupDz/q3IRLHIIjZ0T7PGE="},"lastRemoteEphemeralKey":"BScLLKTE7b724RMUQvHfPgHGKD9jhK0VZOjhyulGAusi","previousCounter":0,"rootKey":"U9kH2ZwjLFJqSFh9L7LpycnUMXiEbq4qHqsfnpp7iu0="},"indexInfo":{"baseKey":"BXs3Ons7UFM5QzJLJ5SLoTCN+MZOPTBIFc0NHKtUJZZH","baseKeyType":1,"closed":-1,"used":1711684400521,"created":1711684400521,"remoteIdentityKey":"BV8BtHA33dbJNxakDxiWKJkcFFzQnZU80PmHrpgUH5IQ"},"_chains":{"BS8TFLvTEITx0nV3VQg6gs1psjFhZi3V2Ilpw/uTgSpi":{"chainKey":{"counter":2,"key":"MG3Ex8oopklAY89jpZAJ4Dv5daJS1pC5khZDc7vAb/4="},"chainType":1,"messageKeys":{}}},"pendingPreKey":{"signedKeyId":6,"baseKey":"BXs3Ons7UFM5QzJLJ5SLoTCN+MZOPTBIFc0NHKtUJZZH","preKeyId":4346303}}},"version":"v1"}