{"_sessions":{"BbI91WbaHlZtSiaSWALblMo+82ga+W7XODNGnkyfqB4k":{"registrationId":568126616,"currentRatchet":{"ephemeralKeyPair":{"pubKey":"BUKSZNlRUrhOQKERMQRt7EidstJEACZAqqGXy46ufY06","privKey":"kO69GyXjA4isEXhByHnkjN3B33wtVjDW3H6Yxi1POkg="},"lastRemoteEphemeralKey":"BUsah/C4DSeQM+5ukeVcF3MknusVL4wqJ8NMnbS4ufVj","previousCounter":0,"rootKey":"gImKJZH5x8ILam7Wj3/5pLa7gTtiscdhbrexJ/3FWOY="},"indexInfo":{"baseKey":"BbI91WbaHlZtSiaSWALblMo+82ga+W7XODNGnkyfqB4k","baseKeyType":1,"closed":-1,"used":1711684399447,"created":1711684399447,"remoteIdentityKey":"BYYWGU0vdIoB51g4gBHgmEihE++qonIhauXQmobc1occ"},"_chains":{"BUKSZNlRUrhOQKERMQRt7EidstJEACZAqqGXy46ufY06":{"chainKey":{"counter":2,"key":"uuLwq9sJK1PR89OyW2I5+IhWDIkdCOsyAZWA9Z1IcNs="},"chainType":1,"messageKeys":{}}},"pendingPreKey":{"signedKeyId":1,"baseKey":"BbI91WbaHlZtSiaSWALblMo+82ga+W7XODNGnkyfqB4k"}}},"version":"v1"}