{"_sessions":{"BYaAOsPRpdB5JLSPDEfvgXEont+oos2g4pHww/TyD5hs":{"registrationId":1551241801,"currentRatchet":{"ephemeralKeyPair":{"pubKey":"BSlP0IgvEvPvj+J2DObgFbn57O8V5s/4Ax5FeFtOOEBy","privKey":"8Hwhg07UhWbj/ZUhBF+0rOcQcZ1tecai66Qq1/cLAmo="},"lastRemoteEphemeralKey":"Bef3gVW51LxKDa8Tw+WzQZTxEusMR3/pE4KcdTh3CgJj","previousCounter":0,"rootKey":"I5JBzKhsmCpAiTGmn5YLlXgZPSuQrzh/R2I+uOa+Ly0="},"indexInfo":{"baseKey":"BYaAOsPRpdB5JLSPDEfvgXEont+oos2g4pHww/TyD5hs","baseKeyType":2,"closed":-1,"used":1711687269902,"created":1711687269902,"remoteIdentityKey":"BXTLZZeX9Ko/zz9t4tlX/3hiMmdfzSVctQJd/op79Hsr"},"_chains":{"Bef3gVW51LxKDa8Tw+WzQZTxEusMR3/pE4KcdTh3CgJj":{"chainKey":{"counter":0,"key":"AEjw8dkslvTPWd3/pvdpG4xmV8g+9GyTR6QEhMdIwqY="},"chainType":2,"messageKeys":{}},"BSlP0IgvEvPvj+J2DObgFbn57O8V5s/4Ax5FeFtOOEBy":{"chainKey":{"counter":-1,"key":"U4KrQeHliVh0JRPTOoH+pRH26ryKb+bw4SljOiRSeVo="},"chainType":1,"messageKeys":{}}}}},"version":"v1"}