{"_sessions":{"BQYplGtnPnu/xem5yohUbeB7d0aDTc9pZR46vuxL704s":{"registrationId":2069548028,"currentRatchet":{"ephemeralKeyPair":{"pubKey":"BYYRyzxmMpwwgGUVi4q02H3fhk6KTk3Hx/omOXMgxuAE","privKey":"KJE13c19pZSTTHszvm4Nu8J2g2nEjB8FM6ZsmRNPKWs="},"lastRemoteEphemeralKey":"Bexmg3tFl5s0ngIzblUp7INHQAg1b/tTXHpsSsfknfoV","previousCounter":0,"rootKey":"NtBzuTr9ePTCUqiiAk7uOsQ/ZdgTLf2Wf8r9olMCkLQ="},"indexInfo":{"baseKey":"BQYplGtnPnu/xem5yohUbeB7d0aDTc9pZR46vuxL704s","baseKeyType":2,"closed":-1,"used":1711685612083,"created":1711685612083,"remoteIdentityKey":"BULN1WsksOf43hnDtIEfKd2CdUCsdXqL02snm8PD7a4F"},"_chains":{"Bexmg3tFl5s0ngIzblUp7INHQAg1b/tTXHpsSsfknfoV":{"chainKey":{"counter":0,"key":"05yN35QYCW+zi3pJuriEGVfQVTg6bTx2o8+q/LYxp40="},"chainType":2,"messageKeys":{}},"BYYRyzxmMpwwgGUVi4q02H3fhk6KTk3Hx/omOXMgxuAE":{"chainKey":{"counter":-1,"key":"M0rExLFA1oasfCLXag+NgrlvlOVq2csIZlmpMcMSxaE="},"chainType":1,"messageKeys":{}}}}},"version":"v1"}