{"_sessions":{"BYgLFOFy4e3VNtQLR9fei67yGFv5nlrFCsy05OmHPklo":{"registrationId":813741955,"currentRatchet":{"ephemeralKeyPair":{"pubKey":"Bdv1RFGE5F6vpGJA888wR8l5gydw6HomoAqB3CB4t89M","privKey":"cATH/+0hBfXQVhKUuPNSLKDCsOqqJHKcWe+hVrvOaXI="},"lastRemoteEphemeralKey":"BdvzWhZeGMT19Js+wmIlkxCk7lktkbpBKDtgY3hCwZwH","previousCounter":0,"rootKey":"gBiDaNcMpd89XA3BgeAFi4PsMm4yQSJvlkCMRUD97uM="},"indexInfo":{"baseKey":"BYgLFOFy4e3VNtQLR9fei67yGFv5nlrFCsy05OmHPklo","baseKeyType":1,"closed":-1,"used":1711684398719,"created":1711684398719,"remoteIdentityKey":"BaR2CwOZG/dNz8pOI+UBAoW2JZJ5kyGDYMv0Tg5EgNEI"},"_chains":{"Bdv1RFGE5F6vpGJA888wR8l5gydw6HomoAqB3CB4t89M":{"chainKey":{"counter":2,"key":"vs5lINuCr6QisRDbKqpM/qJzgWe6P6l8+D6boLrdDkI="},"chainType":1,"messageKeys":{}}},"pendingPreKey":{"signedKeyId":21,"baseKey":"BYgLFOFy4e3VNtQLR9fei67yGFv5nlrFCsy05OmHPklo","preKeyId":7874498}}},"version":"v1"}