{"_sessions":{"BUAOhwMjkTdQuP+Wbf6AFRkq8nzmdnnHjb8rusU9J34Q":{"registrationId":1077780138,"currentRatchet":{"ephemeralKeyPair":{"pubKey":"BV7wydSs6dhLnMDtivZ8WGGmav0ioHA5mZqxLPG3OeBb","privKey":"oCR/zv9XI2D6/kR5WErGNmHFHj2cuUKpIbsLWIaGy3U="},"lastRemoteEphemeralKey":"BRGczIVtusG1hEpHURL0NVGGgAjntQgyKxtebC9oVUlz","previousCounter":0,"rootKey":"jcoI0i94NOjSrs0eRfNy0OQvoDMhXRNtQVkxSqMYLv0="},"indexInfo":{"baseKey":"BUAOhwMjkTdQuP+Wbf6AFRkq8nzmdnnHjb8rusU9J34Q","baseKeyType":1,"closed":-1,"used":1711684400322,"created":1711684400322,"remoteIdentityKey":"BX3yOMhPewPSUehWUV+21MaYeHdnDym58BW3aLlpnAM8"},"_chains":{"BV7wydSs6dhLnMDtivZ8WGGmav0ioHA5mZqxLPG3OeBb":{"chainKey":{"counter":2,"key":"0+9g3iIgqRSFiqZeHVOyOJfhFbTyPUbann0aVtFinDk="},"chainType":1,"messageKeys":{}}},"pendingPreKey":{"signedKeyId":0,"baseKey":"BUAOhwMjkTdQuP+Wbf6AFRkq8nzmdnnHjb8rusU9J34Q"}}},"version":"v1"}