{"_sessions":{"BWnpM+P+xxTRfu8C3HlrgNZz54aitkwtDJ/H3SMXSx5L":{"registrationId":2073418767,"currentRatchet":{"ephemeralKeyPair":{"pubKey":"BQHKclVPCh0Sc9ePnei6oqzoXYZepO4OM5o7xmmpH0gA","privKey":"EDW6a5/nGhR3bSjP0cU2FgZx51oYd4GgGsC4Xe9IZko="},"lastRemoteEphemeralKey":"BRqxGAOYinIZbzu/l6CYn93AnVDXTaRV7TemSVyR6iw4","previousCounter":0,"rootKey":"02WvIzf8FrpzUsH+qB0O9wvfZ+w3eD1uXijZhK5foTU="},"indexInfo":{"baseKey":"BWnpM+P+xxTRfu8C3HlrgNZz54aitkwtDJ/H3SMXSx5L","baseKeyType":1,"closed":-1,"used":1711684400207,"created":1711684400207,"remoteIdentityKey":"BXqL+n7z/AKnSMyHzFfGTZVPVp/lXEeGMAFk1/rfQHMU"},"_chains":{"BQHKclVPCh0Sc9ePnei6oqzoXYZepO4OM5o7xmmpH0gA":{"chainKey":{"counter":2,"key":"Gepl1bAsRG2Bq5Zx3fh7us8V2JagUkh+58+tDrslQtg="},"chainType":1,"messageKeys":{}}},"pendingPreKey":{"signedKeyId":0,"baseKey":"BWnpM+P+xxTRfu8C3HlrgNZz54aitkwtDJ/H3SMXSx5L","preKeyId":5077677}}},"version":"v1"}