{"_sessions":{"Bb/jTOHo0LUXgMn/Wg6TC/gFpVGxduw2hSKqoNY9dyoN":{"registrationId":1202571765,"currentRatchet":{"ephemeralKeyPair":{"pubKey":"BXPfqJV/+Z9s56DAaCz1bcnmTiJNeXXnwkkpsPcl8aRh","privKey":"IIEA/wwWAsBd4QtRbjWPIAbOwQHvJ2A6l9FI1JuBM2Y="},"lastRemoteEphemeralKey":"BTXaCgV+/Iphm85taxaEL9OHuPZpRZfBq6b/kEFEULIe","previousCounter":0,"rootKey":"Nich/19/Gr5x1t6DkoUAMyVHXdbuTA/nbOg5by9aLI8="},"indexInfo":{"baseKey":"Bb/jTOHo0LUXgMn/Wg6TC/gFpVGxduw2hSKqoNY9dyoN","baseKeyType":1,"closed":-1,"used":1711684398008,"created":1711684398008,"remoteIdentityKey":"BU7tmCqoAd/z9wU+L8Rc2g+ygyiA9gAb6xL2VWNAlPMD"},"_chains":{"BXPfqJV/+Z9s56DAaCz1bcnmTiJNeXXnwkkpsPcl8aRh":{"chainKey":{"counter":2,"key":"gbyLqsKvX/IkPDQRuejEWHA9oIZ2ajH7RyKrd+TVkf0="},"chainType":1,"messageKeys":{}}},"pendingPreKey":{"signedKeyId":0,"baseKey":"Bb/jTOHo0LUXgMn/Wg6TC/gFpVGxduw2hSKqoNY9dyoN"}}},"version":"v1"}