{"_sessions":{"BQ2HAi5XahQJgikQNIgRIjoKy04PUX38isojBifxAJd9":{"registrationId":1541854467,"currentRatchet":{"ephemeralKeyPair":{"pubKey":"BaTSoLxj3kAjEIrCO+CKD/r+JEt9wgSH2mNQS5JrRhpL","privKey":"EBO/AmUwtn2oCRsGzvRpsTuyXpIevTOSXZLk4IyPL2U="},"lastRemoteEphemeralKey":"Bdx9snEFqcS8HzGOLcIAyGbJn8c/1ONBCqoo5EyeLsdm","previousCounter":0,"rootKey":"W9s98JTrbsLaeMKzlRWwLE4kajeEAOoJ+0e2pYKYy7k="},"indexInfo":{"baseKey":"BQ2HAi5XahQJgikQNIgRIjoKy04PUX38isojBifxAJd9","baseKeyType":1,"closed":-1,"used":1711684400004,"created":1711684400004,"remoteIdentityKey":"Be4Dv45pEeEW8LF/Bdd6WEiMZjCaMIQY3kMDnA+RszVe"},"_chains":{"BaTSoLxj3kAjEIrCO+CKD/r+JEt9wgSH2mNQS5JrRhpL":{"chainKey":{"counter":7,"key":"s0kzbp5BLnlnSjkIZzBm0VdhvELSW2kybSWv2D3bV34="},"chainType":1,"messageKeys":{}}},"pendingPreKey":{"signedKeyId":4,"baseKey":"BQ2HAi5XahQJgikQNIgRIjoKy04PUX38isojBifxAJd9","preKeyId":5370944}}},"version":"v1"}