{"_sessions":{"BSHsnzK7g2LvxrYAEigSsofaNybLN154+2HLsZeC+Vks":{"registrationId":985560359,"currentRatchet":{"ephemeralKeyPair":{"pubKey":"BVF4GXfA996u+n4PWhNcM8UKgwFOwiHqgUqWmw5LTX1E","privKey":"aP/24SEMphMndpVid0wHZIgO7Q8Mx4yPMPOeAEFix2Y="},"lastRemoteEphemeralKey":"BfbLCcg60XQ0J7X0PGliDK1fQIC+Ypn2gxy3kEKqeMhd","previousCounter":0,"rootKey":"EaBtlXfLEv1HiQllnTIQpVH2aFIwoBmdHFjyuWCyuAk="},"indexInfo":{"baseKey":"BSHsnzK7g2LvxrYAEigSsofaNybLN154+2HLsZeC+Vks","baseKeyType":1,"closed":-1,"used":1711684398803,"created":1711684398803,"remoteIdentityKey":"BWKHVwxed4HUXQ9I+0OQ9EOsCzY7wi76H5KbpaToPfEZ"},"_chains":{"BVF4GXfA996u+n4PWhNcM8UKgwFOwiHqgUqWmw5LTX1E":{"chainKey":{"counter":2,"key":"52OqcqbtocHrHJGVg57YvNWb49OmePXx1EFMmvZwlWw="},"chainType":1,"messageKeys":{}}},"pendingPreKey":{"signedKeyId":0,"baseKey":"BSHsnzK7g2LvxrYAEigSsofaNybLN154+2HLsZeC+Vks"}}},"version":"v1"}