{"_sessions":{"BU4IqsTsKi6D1V7okmJpNGBNt9qEuckqHD4tA19dZ2l/":{"registrationId":584603757,"currentRatchet":{"ephemeralKeyPair":{"pubKey":"BeNFHlZjLMJFG/Jp4Pn6hhrJ+rXod5GI2h7D5qqGWu0M","privKey":"eHzDFALv9GTbPILbN9BEIbwm+48F8TQbUKdLkH9n43o="},"lastRemoteEphemeralKey":"BT1DPqtB3rO8b3LaRVpxj+YpssVmk6Gs5R4BvH54YhF9","previousCounter":0,"rootKey":"u6J19yIimKhx6R6hdplgiV2cba1qOpzgRTbsdeCh9SY="},"indexInfo":{"baseKey":"BU4IqsTsKi6D1V7okmJpNGBNt9qEuckqHD4tA19dZ2l/","baseKeyType":2,"closed":-1,"used":1711685163118,"created":1711685163118,"remoteIdentityKey":"Baz3r2nCyB+pm/jeuPF+C531mSSUtKTwjlw/40j/QlN3"},"_chains":{"BT1DPqtB3rO8b3LaRVpxj+YpssVmk6Gs5R4BvH54YhF9":{"chainKey":{"counter":0,"key":"6oyA7PrR4xfASUuhQOidXkBh/Hv9akhFgZxffYZ6a0Y="},"chainType":2,"messageKeys":{}},"BeNFHlZjLMJFG/Jp4Pn6hhrJ+rXod5GI2h7D5qqGWu0M":{"chainKey":{"counter":-1,"key":"81jKaIHED14/AD4VIIQ3/s0OodMqEbkPeJkOUSGI0a0="},"chainType":1,"messageKeys":{}}}}},"version":"v1"}