{"_sessions":{"BS2CWqaRB2nQJQk/O4pJzyHo6qvEE31EToJLK3qUt+xh":{"registrationId":693480561,"currentRatchet":{"ephemeralKeyPair":{"pubKey":"BVA3HapbBxPnWVK93ColR/QGy3By249bv+bLsHGvkvcL","privKey":"OHGzG7G2g2jNkB29+oGN/7Vmjgs87CsguNB6DG/XpVQ="},"lastRemoteEphemeralKey":"BVUdpB7ebCkIT/9SepQhODKly49EWN/3jmG9MV5kXnY1","previousCounter":0,"rootKey":"WzpKKwMhUTxCmRyHqdFnuZYftCkPN8iVL/S5S9KM58k="},"indexInfo":{"baseKey":"BS2CWqaRB2nQJQk/O4pJzyHo6qvEE31EToJLK3qUt+xh","baseKeyType":1,"closed":-1,"used":1711684398300,"created":1711684398300,"remoteIdentityKey":"BSTk7n3dn84c/J1Gl8ogGIUSjWYM/j+WTprmAlyo21cn"},"_chains":{"BVA3HapbBxPnWVK93ColR/QGy3By249bv+bLsHGvkvcL":{"chainKey":{"counter":2,"key":"iTlwMTBr+1eSmoJ589NYuEFnPvB5iD2LT3ifA8MitzA="},"chainType":1,"messageKeys":{}}},"pendingPreKey":{"signedKeyId":37,"baseKey":"BS2CWqaRB2nQJQk/O4pJzyHo6qvEE31EToJLK3qUt+xh","preKeyId":12379639}}},"version":"v1"}