{"_sessions":{"BfAWMwxf5AF+c8C9f16Lr8/e5HdrEHXBZ0M/uEVZwCBY":{"registrationId":518464959,"currentRatchet":{"ephemeralKeyPair":{"pubKey":"BWI3GLkHwOgD86TVZiMk9RWWfpJqDDtLK2sArOaiw2xD","privKey":"AFTHKRZ/wYlJAoXXUbpQyFHZmF7V73KrjAogHTc1ZWs="},"lastRemoteEphemeralKey":"BQ9zhTPNVglXiYlNX6O0gMfl9CkEQi6M8bB2CYoE+0cN","previousCounter":0,"rootKey":"7zyNFoH/iNlT4s09RCX3BUuWJFDTCdYxv0vwnQ5xYJg="},"indexInfo":{"baseKey":"BfAWMwxf5AF+c8C9f16Lr8/e5HdrEHXBZ0M/uEVZwCBY","baseKeyType":2,"closed":-1,"used":1711688544412,"created":1711688544412,"remoteIdentityKey":"BaBb0aFiyqYdNaDDrzyxwSYscHJRsRgW6/HKY1ABj20x"},"_chains":{"BQ9zhTPNVglXiYlNX6O0gMfl9CkEQi6M8bB2CYoE+0cN":{"chainKey":{"counter":0,"key":"Fy4DFuiG2h0cUihB+VkEU+eHdbDLNJdc5EFcXMh58j8="},"chainType":2,"messageKeys":{}},"BWI3GLkHwOgD86TVZiMk9RWWfpJqDDtLK2sArOaiw2xD":{"chainKey":{"counter":-1,"key":"bWGDAJ8KLfqvLfE0PgYfL/fchabLx6bGcqopiZguiPM="},"chainType":1,"messageKeys":{}}}}},"version":"v1"}