{"_sessions":{"BX+AKx8By7sSq5GoMLBbxMS2z04QfiMqqRQRiff5ojcP":{"registrationId":404543969,"currentRatchet":{"ephemeralKeyPair":{"pubKey":"BSZO4TV4l4JbF76fCpa9CkSJkFMFhYz/K+7Eh3JHZF56","privKey":"MEP36sHod99gguTftSuSXzHATodvEogzj6FwxJWKCWI="},"lastRemoteEphemeralKey":"BTU5IE0fz0/Uhp9Rwe3MIh6d3AUdke1EjNpHyZDMOMQq","previousCounter":0,"rootKey":"62/AmJ6/pg16KaUs4iQIokovNQqgf2t2eDfdS29CzFw="},"indexInfo":{"baseKey":"BX+AKx8By7sSq5GoMLBbxMS2z04QfiMqqRQRiff5ojcP","baseKeyType":2,"closed":-1,"used":1711688185991,"created":1711688185991,"remoteIdentityKey":"BUuN9RRmZGIwb7iFb2LZCKAVxt6nUh7tAEdP13MEiEs/"},"_chains":{"BTU5IE0fz0/Uhp9Rwe3MIh6d3AUdke1EjNpHyZDMOMQq":{"chainKey":{"counter":0,"key":"TqX1xR7diztr9jOyhZ/JGXAmQ0DyhNO9KD2ur0/BfSc="},"chainType":2,"messageKeys":{}},"BSZO4TV4l4JbF76fCpa9CkSJkFMFhYz/K+7Eh3JHZF56":{"chainKey":{"counter":-1,"key":"WqBp8HoiScMO76Pua3l4GaxN+Mdw+gf/VLNSX4kfWLg="},"chainType":1,"messageKeys":{}}}}},"version":"v1"}