{"_sessions":{"Ba4SNnUqX+IXmW5SMH4P7F0fpddVEp6ENNm57qiMImpv":{"registrationId":1356947038,"currentRatchet":{"ephemeralKeyPair":{"pubKey":"Bf49rwKBhEh+kpYzCVOL73YwjwbTDbKm4PpzITUOauwb","privKey":"oCc5kJI0lvIPmF5RQTCS64E3GpuZjxisUnRSaAkl7nk="},"lastRemoteEphemeralKey":"BU1hRiLqvaCIFuONoCaCvkUuCLKWi75H1McDqLUmNZtA","previousCounter":0,"rootKey":"pFKjToABVh84og7YSvyw2rNbnfUxv0PNjm5GKS4nywk="},"indexInfo":{"baseKey":"Ba4SNnUqX+IXmW5SMH4P7F0fpddVEp6ENNm57qiMImpv","baseKeyType":2,"closed":-1,"used":1711684957603,"created":1711684957603,"remoteIdentityKey":"BQQ4tIHtfatk66j6vn/gGnNg5OoevHBxujkNOVnajRxG"},"_chains":{"BU1hRiLqvaCIFuONoCaCvkUuCLKWi75H1McDqLUmNZtA":{"chainKey":{"counter":0,"key":"yD5ACL7hfxGvg6YCz73DaNvcbjNUhW8oDCLlX+r2ulA="},"chainType":2,"messageKeys":{}},"Bf49rwKBhEh+kpYzCVOL73YwjwbTDbKm4PpzITUOauwb":{"chainKey":{"counter":-1,"key":"W+FlhvGoE4ci9qB/OoGlK16rDULOSjJtjxvv0wr6pPI="},"chainType":1,"messageKeys":{}}}}},"version":"v1"}