{"_sessions":{"BcNqMOSMtzYmSXbF/c9J2UrV+YpY04hIiqkTdoJeg8Z+":{"registrationId":78,"currentRatchet":{"ephemeralKeyPair":{"pubKey":"BXyGfgHK5XBnCPc/dB4jhXTzyrSwlcUiRv7n1h0THsMw","privKey":"WGDbsaPxft/2l/eHeJjjBzB0MuHYDAQjtGvE6FOryFY="},"lastRemoteEphemeralKey":"BcUsE8vK85Nl4OeIrUlBQtYmU/wY9EHpCPOH+Gz+QM46","previousCounter":0,"rootKey":"JGKY4nmHCRarH1By5M6bzKhe+MbtVE2GMsAwicV97IU="},"indexInfo":{"baseKey":"BcNqMOSMtzYmSXbF/c9J2UrV+YpY04hIiqkTdoJeg8Z+","baseKeyType":2,"closed":-1,"used":1711687456872,"created":1711687456872,"remoteIdentityKey":"BdtY/5iOzCCcvZkAaVqJLREFXiQ1/W+eItkbRw/g6vYM"},"_chains":{"BcUsE8vK85Nl4OeIrUlBQtYmU/wY9EHpCPOH+Gz+QM46":{"chainKey":{"counter":0,"key":"/6IgakAvID7PqUOkyfvszbtcLMqzeF7f+1v/1vNQcGM="},"chainType":2,"messageKeys":{}},"BXyGfgHK5XBnCPc/dB4jhXTzyrSwlcUiRv7n1h0THsMw":{"chainKey":{"counter":-1,"key":"Hl+MNeMkh2LRBMB6x4NAGmpRKWurAiOC3HfPOw31QUE="},"chainType":1,"messageKeys":{}}}}},"version":"v1"}