{"_sessions":{"Bb8+xdT7m3fNfYR9WEnvDzQj/OYFsX8jZUsyyJgQr20E":{"registrationId":579841523,"currentRatchet":{"ephemeralKeyPair":{"pubKey":"BUbdf4iv3O+ZGDsklwpEVli0z6yShEChLscKjZioDeh9","privKey":"uHDBJ6yDyZBsovE+B2CJbosPpbvN4Xq1PbG1Wy+Ig0A="},"lastRemoteEphemeralKey":"BUgFZboD8sSSIaYPOlZMl12ODgGo+d42yMoD5EkDbFVD","previousCounter":0,"rootKey":"hobYFP5EGY8XljxbQ0jZiDDSJdpdGkXFRaKNW8NEDSw="},"indexInfo":{"baseKey":"Bb8+xdT7m3fNfYR9WEnvDzQj/OYFsX8jZUsyyJgQr20E","baseKeyType":1,"closed":-1,"used":1711684398306,"created":1711684398306,"remoteIdentityKey":"BRAPTnkHSsBqpr3QBcieJfZGeU80HcP1hZLFitzJQYY3"},"_chains":{"BUbdf4iv3O+ZGDsklwpEVli0z6yShEChLscKjZioDeh9":{"chainKey":{"counter":2,"key":"LjvAET7EX0SX2LETrCVvmQEmG9ikpSCsvm2Udq1pCRc="},"chainType":1,"messageKeys":{}}},"pendingPreKey":{"signedKeyId":9,"baseKey":"Bb8+xdT7m3fNfYR9WEnvDzQj/OYFsX8jZUsyyJgQr20E","preKeyId":6068393}}},"version":"v1"}