{"_sessions":{"BaW9ijq62oGLhYwnBFvd4CB7GdQOOSsO4PJAwoJ3mNFA":{"registrationId":154588707,"currentRatchet":{"ephemeralKeyPair":{"pubKey":"BbUiy630Kb8Hc3evjr1hV1zXraPahqQOBih20EYej7c0","privKey":"mE53buXXnWcewXpcVPOQaY1rfEwun52TomS3/5QitUI="},"lastRemoteEphemeralKey":"BQPkNCGZ8BAHCEdTALEMhY3GLFwnq7+GvH38riJRYtVr","previousCounter":0,"rootKey":"L88QtyIRCcPYON7/QGEKASEpbFW2D8Deuu7TA5ONj/M="},"indexInfo":{"baseKey":"BaW9ijq62oGLhYwnBFvd4CB7GdQOOSsO4PJAwoJ3mNFA","baseKeyType":1,"closed":-1,"used":1711684400619,"created":1711684400619,"remoteIdentityKey":"BdGC80KLhFVI8kaEQ+X82j6cpNGI1jVXxSedb4b05Vxu"},"_chains":{"BbUiy630Kb8Hc3evjr1hV1zXraPahqQOBih20EYej7c0":{"chainKey":{"counter":2,"key":"TWC5lBvkUXOfM3o+l51WhqBGx8+9rGwAlPSrAEydxrQ="},"chainType":1,"messageKeys":{}}},"pendingPreKey":{"signedKeyId":0,"baseKey":"BaW9ijq62oGLhYwnBFvd4CB7GdQOOSsO4PJAwoJ3mNFA","preKeyId":12175990}}},"version":"v1"}