{"_sessions":{"BdtJ0kUg1AjQ1BtsGDjd9YZXTmNATaPRYKLviP7IHsoT":{"registrationId":243484436,"currentRatchet":{"ephemeralKeyPair":{"pubKey":"BQrX6OCn0x84lgCMY27GEb407uJhU8clakXWvizvgnEu","privKey":"YFVZsfJSQW9qRGxsubdSJPzqQ0QlLlGL4fY1fOlLA3A="},"lastRemoteEphemeralKey":"BfNivovP4UiqI1cdtZ495otJgDyuWBciiVxD7shIQxpd","previousCounter":0,"rootKey":"nxM9Guhwg+0EEzB5OfaLlTvzIVriddw7lHojyfI5m5w="},"indexInfo":{"baseKey":"BdtJ0kUg1AjQ1BtsGDjd9YZXTmNATaPRYKLviP7IHsoT","baseKeyType":1,"closed":-1,"used":1711684399111,"created":1711684399111,"remoteIdentityKey":"BfxzxUdsmVcbwGB9plowI6wbhBiPQEHIE1ujg10SCkMJ"},"_chains":{"BQrX6OCn0x84lgCMY27GEb407uJhU8clakXWvizvgnEu":{"chainKey":{"counter":2,"key":"zsCR97XkgpTJgsowjNXAz435pCbyqJ9pOzXQLthPN4M="},"chainType":1,"messageKeys":{}}},"pendingPreKey":{"signedKeyId":3,"baseKey":"BdtJ0kUg1AjQ1BtsGDjd9YZXTmNATaPRYKLviP7IHsoT"}}},"version":"v1"}