{"_sessions":{"BZGXNi68oHGOCKOHjl17NXbG6ofKrn1BWf4AUwKC/HJ8":{"registrationId":2050332265,"currentRatchet":{"ephemeralKeyPair":{"pubKey":"BZzog2Pi1Bu7KiPbVRf/ru1wGg6YgcMvMq1+TK6sAlZl","privKey":"gH5ar22kAd4w3K9leiWyKoiLsCxG+5AycRu3guA11U0="},"lastRemoteEphemeralKey":"BctfLnj13DBulaBRMc1MLEOnvuMmHhaGbBt4jdVaUyVK","previousCounter":0,"rootKey":"zVT8TtOszkPssifIKmPAamEoHdSGFLQiL9nU4v6t9cA="},"indexInfo":{"baseKey":"BZGXNi68oHGOCKOHjl17NXbG6ofKrn1BWf4AUwKC/HJ8","baseKeyType":1,"closed":-1,"used":1711684399908,"created":1711684399908,"remoteIdentityKey":"BV+AevudBGRnrAm/RfQqa/ZrMFj2H/SmtPdt9cSXY8Yt"},"_chains":{"BZzog2Pi1Bu7KiPbVRf/ru1wGg6YgcMvMq1+TK6sAlZl":{"chainKey":{"counter":2,"key":"0QMbKAGbIe/dZs0wW3Wsyn5UHiRS6Xz7OXz+6CwaILA="},"chainType":1,"messageKeys":{}}},"pendingPreKey":{"signedKeyId":2,"baseKey":"BZGXNi68oHGOCKOHjl17NXbG6ofKrn1BWf4AUwKC/HJ8","preKeyId":1463551}}},"version":"v1"}