{"_sessions":{"BXa7YI+WqrvM7P3iw6bfWktYMMBMRU+Tx0RthQSLzN8D":{"registrationId":572110035,"currentRatchet":{"ephemeralKeyPair":{"pubKey":"BdUuRKvphi8ecf1IO8VLimku0j+oymn17hBlp8l1DnMK","privKey":"UF44smHStUFnKruYaxXiY+/poK7TOfht+R6XbusNrW8="},"lastRemoteEphemeralKey":"BY4zDWo3A/z229Ts8xhCL8hObF0S4IUAdgDeJaQ61o05","previousCounter":0,"rootKey":"/KWV60eINPXW1RtVik2NNmcrzflN+IPHZi++Al2COrQ="},"indexInfo":{"baseKey":"BXa7YI+WqrvM7P3iw6bfWktYMMBMRU+Tx0RthQSLzN8D","baseKeyType":1,"closed":-1,"used":1711684401737,"created":1711684401737,"remoteIdentityKey":"BS2+nR6U3GJJO+ufidTGsyHNRal6/xR3h7ohcqdftUpp"},"_chains":{"BdUuRKvphi8ecf1IO8VLimku0j+oymn17hBlp8l1DnMK":{"chainKey":{"counter":2,"key":"5fzWz2SP0n/u0yakQ4BbfHEJCdvzNnaNew+xX8nuMkM="},"chainType":1,"messageKeys":{}}},"pendingPreKey":{"signedKeyId":2,"baseKey":"BXa7YI+WqrvM7P3iw6bfWktYMMBMRU+Tx0RthQSLzN8D","preKeyId":16677616}}},"version":"v1"}