{"_sessions":{"BT/IxovwR25BaOyADiPMV785Xer+9HYcSQFyBau1H1lQ":{"registrationId":572111831,"currentRatchet":{"ephemeralKeyPair":{"pubKey":"BcwSvu0kQXqQhE0xq11YwTnySMg+pt/SyefUpUhgAeA7","privKey":"eDjlH+Q03yZARguyQhLd0DeQ5VYNcme2hHIABp+H1l0="},"lastRemoteEphemeralKey":"BfMM9S8RsB0xNlaCrOlu1VaALnwI/gaNuBPrTGYDUABf","previousCounter":0,"rootKey":"/AJfENtfywu7EoQ8AKfKXUWgPoHmd79DI2D3KVN+Pew="},"indexInfo":{"baseKey":"BT/IxovwR25BaOyADiPMV785Xer+9HYcSQFyBau1H1lQ","baseKeyType":2,"closed":-1,"used":1711687268773,"created":1711687268773,"remoteIdentityKey":"BUCleiU9sRWrz1hkBtvrMTz6HZeTKGJu8JjoXsqHbmVJ"},"_chains":{"BfMM9S8RsB0xNlaCrOlu1VaALnwI/gaNuBPrTGYDUABf":{"chainKey":{"counter":0,"key":"0385hq6z4LP3TgxwqyPKsMtilKCDKduAOf18iLCmHrY="},"chainType":2,"messageKeys":{}},"BcwSvu0kQXqQhE0xq11YwTnySMg+pt/SyefUpUhgAeA7":{"chainKey":{"counter":-1,"key":"DrfCjIKdxp0g2JOc2aidFgIIHuvFIBtMJp3VogudZsc="},"chainType":1,"messageKeys":{}}}}},"version":"v1"}