{"_sessions":{"BdD9SSoSTE7dYfWpjF4XYLwbRFM1QB6lnD8FbT0QHuIN":{"registrationId":484321770,"currentRatchet":{"ephemeralKeyPair":{"pubKey":"BUs7gxtBXt9DABZ5rcIvOSQ7FkXHIaFidWWBCtzRZAx1","privKey":"aD1h+ZQh/M+HFWKb6cTC9m8sKJVGbnZJwQFEkuP7ZlQ="},"lastRemoteEphemeralKey":"BeH20s4S+H8d9S/chlJltehGNBOez4H/FMeWyQmqRgRE","previousCounter":0,"rootKey":"0nzckP2vKWkkkNwP09hH+XHfN+/nW9AkrXzz+rptIcg="},"indexInfo":{"baseKey":"BdD9SSoSTE7dYfWpjF4XYLwbRFM1QB6lnD8FbT0QHuIN","baseKeyType":2,"closed":-1,"used":1711685613684,"created":1711685613684,"remoteIdentityKey":"BXVeaedFky5TTaOq9YQ5npmKXdQVQXnItFzGlpWZ6Sp8"},"_chains":{"BeH20s4S+H8d9S/chlJltehGNBOez4H/FMeWyQmqRgRE":{"chainKey":{"counter":1,"key":"Kw1+ntdyDhScvHDAWkCCnQl+HdMryR5nYRKfxjzzV0g="},"chainType":2,"messageKeys":{}},"BUs7gxtBXt9DABZ5rcIvOSQ7FkXHIaFidWWBCtzRZAx1":{"chainKey":{"counter":-1,"key":"g1scldJuBOtXgYwG9deziSU+iEQsyHk31ZDyrHeQI9g="},"chainType":1,"messageKeys":{}}}}},"version":"v1"}