{"_sessions":{"BUUyqbiStHdzfcWKhQbbiyloAoamTzP4eUrDG/mzc540":{"registrationId":1054192503,"currentRatchet":{"ephemeralKeyPair":{"pubKey":"BQFAvmzp6xt9t1JNQifV7oG/4pUa7cDqbKstzGoC1Kov","privKey":"4F9oCfvb0FOm1S2PQ7kzDWkwGuI7WcaHuiUX8sNJPnI="},"lastRemoteEphemeralKey":"BWHKasejNij1MO068vM93bk1HzAnjOY6e9wl0yOppwwg","previousCounter":0,"rootKey":"If/eIiIOe7YqvCzOMq+wrJIw9zDdjxTERNEn6bm1zhk="},"indexInfo":{"baseKey":"BUUyqbiStHdzfcWKhQbbiyloAoamTzP4eUrDG/mzc540","baseKeyType":1,"closed":-1,"used":1711684398945,"created":1711684398945,"remoteIdentityKey":"BZ0377WKME/OWZlVE/IxuVL8KOt6XyOLvRf8QiE6XKY9"},"_chains":{"BQFAvmzp6xt9t1JNQifV7oG/4pUa7cDqbKstzGoC1Kov":{"chainKey":{"counter":2,"key":"AEboh5DzpioiEv2rkxZQ4aV4/9oe83xZY2k7rQJC+Tc="},"chainType":1,"messageKeys":{}}},"pendingPreKey":{"signedKeyId":2,"baseKey":"BUUyqbiStHdzfcWKhQbbiyloAoamTzP4eUrDG/mzc540","preKeyId":7505264}}},"version":"v1"}