{"_sessions":{"BWr7VXJm2DFPCInFCO37cr6FhAfneN3daONDrWLSeiFC":{"registrationId":1425058860,"currentRatchet":{"ephemeralKeyPair":{"pubKey":"BTfyUPxCBAt74cgBj8yZ/H86NxuuguUkpr/w1gxQq654","privKey":"4GdJI+bCyWdCNF+Hgun9LPZkf5GLma5gHbXarQIFc2s="},"lastRemoteEphemeralKey":"BbIzJhtduqh/C2yXRHSOSLpkimowktghQmB70x8FLv0x","previousCounter":0,"rootKey":"QHS1oKHrG++XHm9Q0LyXcVHkcsi6cR8KUh1BWsW2HpY="},"indexInfo":{"baseKey":"BWr7VXJm2DFPCInFCO37cr6FhAfneN3daONDrWLSeiFC","baseKeyType":1,"closed":-1,"used":1711684400815,"created":1711684400815,"remoteIdentityKey":"BSMdP2CqoVfnU0JxRvnGJw+ZzRUTjiO82LQ+qQ9j7Ogj"},"_chains":{"BTfyUPxCBAt74cgBj8yZ/H86NxuuguUkpr/w1gxQq654":{"chainKey":{"counter":2,"key":"10oEEI/yNNy+Y++MuRZpsMET7Zb4TgIdp+e8Khl9ns8="},"chainType":1,"messageKeys":{}}},"pendingPreKey":{"signedKeyId":2,"baseKey":"BWr7VXJm2DFPCInFCO37cr6FhAfneN3daONDrWLSeiFC","preKeyId":11892057}}},"version":"v1"}