{"_sessions":{"BT+eNsdH0n2AdffwUMt0xkWUj73X+e6ETWcsFIpRZhNF":{"registrationId":2022776571,"currentRatchet":{"ephemeralKeyPair":{"pubKey":"BWvtPxBLXr26CtlpartonG4sXz9uR0yvF7TttIe0cR0t","privKey":"mFq7Lm4Q+FdnoqXxoznE/m9EVPSKM9d0M4uh5/Ac4mE="},"lastRemoteEphemeralKey":"BQ04YKrq2rmrZf/xwg6vjJprfmVIwMGXfCwav6FQS8A+","previousCounter":0,"rootKey":"kduNyjXtmotCFE9srKdyyN09DbUoA0m/BWPRaEO+hIg="},"indexInfo":{"baseKey":"BT+eNsdH0n2AdffwUMt0xkWUj73X+e6ETWcsFIpRZhNF","baseKeyType":2,"closed":-1,"used":1711684742448,"created":1711684742448,"remoteIdentityKey":"BTFyT7Re2QLRQj1woajrNtjU4NUB5qdm1C94qLMvL1sK"},"_chains":{"BQ04YKrq2rmrZf/xwg6vjJprfmVIwMGXfCwav6FQS8A+":{"chainKey":{"counter":0,"key":"h5aA59thqW9CA8biZsH9dl0ixUxVmF0aR5IgBRoPY+A="},"chainType":2,"messageKeys":{}},"BWvtPxBLXr26CtlpartonG4sXz9uR0yvF7TttIe0cR0t":{"chainKey":{"counter":-1,"key":"9SU64ilv23QbeGLkyGqGWDMuxEZnHyAv84+ygIkdGbM="},"chainType":1,"messageKeys":{}}}}},"version":"v1"}