{"_sessions":{"BQcaYQicmmhnI4ZPaLwyIC6D1MitB7x2lrC5h3hdcJoY":{"registrationId":561419782,"currentRatchet":{"ephemeralKeyPair":{"pubKey":"BZ0HJz11N8692stBKP2N2dypTmoIdBxxe2ImkXrV1INr","privKey":"SClKEe3jBer3UmNjaEY9/kxJFlg/XQM+6U3NwiHtXm8="},"lastRemoteEphemeralKey":"Bc9OsCcCcrli04DOfhqc44bfQiLQbJIeNPKU+yJzlEIh","previousCounter":0,"rootKey":"f4Ll2drIQHE+4pi39BQGlMxsAxa+ewA2e/aPlHz0TpI="},"indexInfo":{"baseKey":"BQcaYQicmmhnI4ZPaLwyIC6D1MitB7x2lrC5h3hdcJoY","baseKeyType":2,"closed":-1,"used":1711688873158,"created":1711688873158,"remoteIdentityKey":"BcFLWh/6THSTxNxYMenKuhFd4XS0NPIomAyYbetnm5Ip"},"_chains":{"Bc9OsCcCcrli04DOfhqc44bfQiLQbJIeNPKU+yJzlEIh":{"chainKey":{"counter":0,"key":"EigIhgcgQ/6gRHFyjd1Z3+Ndtpk1IIUxwplw8mjqnyk="},"chainType":2,"messageKeys":{}},"BZ0HJz11N8692stBKP2N2dypTmoIdBxxe2ImkXrV1INr":{"chainKey":{"counter":-1,"key":"qR1GqbKkgk3fmCLyDGH++n/fZ1reE0JtNGs9mRpkmeI="},"chainType":1,"messageKeys":{}}}}},"version":"v1"}