{"_sessions":{"BbmQJ39NZ7nzULAwO1SeBSoq4utiXRk0RlvsQAn8ALJY":{"registrationId":1673584070,"currentRatchet":{"ephemeralKeyPair":{"pubKey":"BdGKFrNItl9W0d9Y2KhSovSt3Lq6XJ3aSK+YkxTLTdtL","privKey":"CI8MoE2ZFiiovUy4GEe7OpThWKQDHWRFPuvD95e/vVY="},"lastRemoteEphemeralKey":"BZg4PFbrIclZ/ZXTGpa/hXtiOnxwp/InKsSRvApitGga","previousCounter":0,"rootKey":"aun4e70SbGtysYE+bDQf4zc3ZD8Z/x407IMWDsjeIIA="},"indexInfo":{"baseKey":"BbmQJ39NZ7nzULAwO1SeBSoq4utiXRk0RlvsQAn8ALJY","baseKeyType":1,"closed":-1,"used":1711684400800,"created":1711684400800,"remoteIdentityKey":"BfWCtn5GsIuxHEimQVnf0xh6l47KKEbzGgTD1kUZH310"},"_chains":{"BdGKFrNItl9W0d9Y2KhSovSt3Lq6XJ3aSK+YkxTLTdtL":{"chainKey":{"counter":2,"key":"obO9ikx9QYaMC39M+QsHEXnTm0esgRdyVjgAF4imkxs="},"chainType":1,"messageKeys":{}}},"pendingPreKey":{"signedKeyId":3,"baseKey":"BbmQJ39NZ7nzULAwO1SeBSoq4utiXRk0RlvsQAn8ALJY","preKeyId":3020126}}},"version":"v1"}