{"_sessions":{"BXALqUUQMNUcdPBPhzC0sBlLe6RyHT6P8pGTjjel67Nw":{"registrationId":2081725241,"currentRatchet":{"ephemeralKeyPair":{"pubKey":"BbKaUgWq6e0LPYPeqc8eGaox90lWslF++B9dWvadQfVG","privKey":"kALqrGbSB5Ajk6hMCi7JEGH9jH1LhWjByXM8MY9qlGU="},"lastRemoteEphemeralKey":"BXrjvJG5JELBv+XPej5d2kMXr+Mn6GzBXJru3SJK29pz","previousCounter":4,"rootKey":"L9GqqVvDxxqcyBmD0huDLSza1nZYsSXl+OwuNIdt+E0="},"indexInfo":{"baseKey":"BXALqUUQMNUcdPBPhzC0sBlLe6RyHT6P8pGTjjel67Nw","baseKeyType":1,"closed":-1,"used":1711688893798,"created":1711684528743,"remoteIdentityKey":"BawD1A0WFy/WZ0E2i7HRWf7vTDPcFpn58Mo6xNFl3g5m"},"_chains":{"BXrjvJG5JELBv+XPej5d2kMXr+Mn6GzBXJru3SJK29pz":{"chainKey":{"counter":0,"key":"nkxylXfM7AB4aqALmylrqDf1At98Ro1tvT1pOi2VXgA="},"chainType":2,"messageKeys":{}},"BbKaUgWq6e0LPYPeqc8eGaox90lWslF++B9dWvadQfVG":{"chainKey":{"counter":-1,"key":"iQzMhNu9yWoHBDiHOqUeTjqnTHoXFOBExDqgwqEus68="},"chainType":1,"messageKeys":{}}}}},"version":"v1"}