{"_sessions":{"BbAr5DuIs3FHjOLNh1bZTqK6MTZs96+HGdRcbvXOYNoQ":{"registrationId":670499090,"currentRatchet":{"ephemeralKeyPair":{"pubKey":"BQjGVbfrjajYJb4bkjJbN0UG90R1+ZL0VKaxN8ut1kss","privKey":"MF7jjUda3ed/9/16ZvlE3SHX+xJTJ+vZGXQgYogAtkU="},"lastRemoteEphemeralKey":"BVz2rJroMQjYbP3IBZ60nONA65ZSHE8nqEbmHY9RXHAL","previousCounter":0,"rootKey":"8d41sLz9+YWjo+ELsyZchujl4u8++dhKS7+KTnp6ObA="},"indexInfo":{"baseKey":"BbAr5DuIs3FHjOLNh1bZTqK6MTZs96+HGdRcbvXOYNoQ","baseKeyType":1,"closed":-1,"used":1711684399234,"created":1711684399234,"remoteIdentityKey":"BeM32Jmzj/emg/dAFj3dMN/6v8rxU97DvrAzul0eidBY"},"_chains":{"BQjGVbfrjajYJb4bkjJbN0UG90R1+ZL0VKaxN8ut1kss":{"chainKey":{"counter":2,"key":"Dyh/JNlsF707htEtM13zuMLmrpoqLJ3FGxSJcVsSBaQ="},"chainType":1,"messageKeys":{}}},"pendingPreKey":{"signedKeyId":4,"baseKey":"BbAr5DuIs3FHjOLNh1bZTqK6MTZs96+HGdRcbvXOYNoQ","preKeyId":9023385}}},"version":"v1"}