{"_sessions":{"BZmqAsi7L7NgWGa6QX9UZfXg1Q1IL6GYEqqvru8kQBtN":{"registrationId":766319021,"currentRatchet":{"ephemeralKeyPair":{"pubKey":"Bb5VV1hvDquY/mmyz6qOncppxiRXXCAOkGJ9wniprPcd","privKey":"0AS9eV+PSZM/hZDfxyG2Zx55wCj1PvePJ9OoLG6VPVE="},"lastRemoteEphemeralKey":"BVDaZ7aAON+FhHDH54i/zDzZcSq2sGsXtVElCno6C3YA","previousCounter":0,"rootKey":"skrTgTnuV7bGNBlKoluqc8aJdkyzI2BhkytPwaPuMjE="},"indexInfo":{"baseKey":"BZmqAsi7L7NgWGa6QX9UZfXg1Q1IL6GYEqqvru8kQBtN","baseKeyType":1,"closed":-1,"used":1711684401107,"created":1711684401107,"remoteIdentityKey":"BcfuTnJhdU7hYUEwaVGFm7cdmdQGGFeLMZM0sXLlWb5x"},"_chains":{"Bb5VV1hvDquY/mmyz6qOncppxiRXXCAOkGJ9wniprPcd":{"chainKey":{"counter":7,"key":"hZMVkJtZhJGPO7pExfHelsy90lprxv9VjQ8QlUk0nlE="},"chainType":1,"messageKeys":{}}},"pendingPreKey":{"signedKeyId":2,"baseKey":"BZmqAsi7L7NgWGa6QX9UZfXg1Q1IL6GYEqqvru8kQBtN","preKeyId":7403625}}},"version":"v1"}