{"_sessions":{"BUE+B6oOtrY4OOL/m3BG9tXDvQiD/pdWEFGystW6LPpg":{"registrationId":1159339308,"currentRatchet":{"ephemeralKeyPair":{"pubKey":"BatUwtV82MFzAsR8/C+TLcwo5K9EQQ6z8bmDE0Ad41ww","privKey":"GIyXlChmLpUZGGAnjLt1gMvj9JlUJHUSr6h+SK0GEU8="},"lastRemoteEphemeralKey":"BVK6EMxUIuS3LIUeWnThcss4tWrd0sDVXAGxIAS71BEV","previousCounter":0,"rootKey":"TnitezqExCFt3LJTbeC50cRaDB6IrI5AmuNQY2hXA+E="},"indexInfo":{"baseKey":"BUE+B6oOtrY4OOL/m3BG9tXDvQiD/pdWEFGystW6LPpg","baseKeyType":1,"closed":-1,"used":1711684400717,"created":1711684400717,"remoteIdentityKey":"BbdS7wAq9XLO4Zn5JBMUkK4kBpNETm48qwilt8hUZuRE"},"_chains":{"BatUwtV82MFzAsR8/C+TLcwo5K9EQQ6z8bmDE0Ad41ww":{"chainKey":{"counter":2,"key":"3YsvI/GKhMY/nA0DyLPyQPnkr56KD236jzFZcZNBwH8="},"chainType":1,"messageKeys":{}}},"pendingPreKey":{"signedKeyId":1,"baseKey":"BUE+B6oOtrY4OOL/m3BG9tXDvQiD/pdWEFGystW6LPpg","preKeyId":16701415}}},"version":"v1"}