{"_sessions":{"BXugWeGYof1fz3xEOoToWDQ/wmXjCBaeMVGjL9vae5YK":{"registrationId":86994823,"currentRatchet":{"ephemeralKeyPair":{"pubKey":"BSxhbu0CE74DjVCArxtyIN62jV1sZBEIxIVcBjrt+dZi","privKey":"iNOB3w60logY6kWzTuA99dAcciOo+o5zJj5kr5+kJUU="},"lastRemoteEphemeralKey":"BR+8k/8huf+Fn5xX4UhLViSW7scEhA9UTRboVYkFqgFH","previousCounter":0,"rootKey":"D2gmVekEXxudV5SdaUgFdBxEx8dO/WDiQGNoNDiuE6o="},"indexInfo":{"baseKey":"BXugWeGYof1fz3xEOoToWDQ/wmXjCBaeMVGjL9vae5YK","baseKeyType":1,"closed":-1,"used":1711684401135,"created":1711684401135,"remoteIdentityKey":"BQBXELnoLYwOSdXC3BKYaIZpaoVHG/k1wpmJrskVyvRu"},"_chains":{"BSxhbu0CE74DjVCArxtyIN62jV1sZBEIxIVcBjrt+dZi":{"chainKey":{"counter":2,"key":"lYnN4c/zEOEZx/SJky+b+GK6zpz2AtomL7w7EdMaYOk="},"chainType":1,"messageKeys":{}}},"pendingPreKey":{"signedKeyId":1,"baseKey":"BXugWeGYof1fz3xEOoToWDQ/wmXjCBaeMVGjL9vae5YK"}}},"version":"v1"}