{"_sessions":{"BXQkdLN7d7+d+YcJ6jm/Cpt9cGLuO+5dp0urSRFzWzgl":{"registrationId":1791338991,"currentRatchet":{"ephemeralKeyPair":{"pubKey":"BbgYI3o4DbwxeXwKIfLF3NPszOZ+n+9wimdGpLhuQUBz","privKey":"CCtpcnAFcwcB+FgSbZIIlgIaZ+X37XaLaJJs/DE0Im4="},"lastRemoteEphemeralKey":"BR5LfMRleAq8EioRkmJwGMm9HOl8qBzMVaycYuP0VzNm","previousCounter":0,"rootKey":"SJCuyddZXIqIv7eoDetXgq4PZUgAldFP4nPlJ6SThP0="},"indexInfo":{"baseKey":"BXQkdLN7d7+d+YcJ6jm/Cpt9cGLuO+5dp0urSRFzWzgl","baseKeyType":2,"closed":-1,"used":1711688516885,"created":1711688516885,"remoteIdentityKey":"BW1fknX6Ky9Zy7SrSWYTjRj7LGOfi8YVtzWoV7OQMd8A"},"_chains":{"BR5LfMRleAq8EioRkmJwGMm9HOl8qBzMVaycYuP0VzNm":{"chainKey":{"counter":0,"key":"+RE/ZcKGmTfyUX2yfg4WEY7JgktLRwt+KOCgjuBqI4A="},"chainType":2,"messageKeys":{}},"BbgYI3o4DbwxeXwKIfLF3NPszOZ+n+9wimdGpLhuQUBz":{"chainKey":{"counter":-1,"key":"CFaYP48u8n51nvEkSDM1yyXZ2FmSEbBcw2WsXyKUY4I="},"chainType":1,"messageKeys":{}}}}},"version":"v1"}