{"_sessions":{"BeB2EH2rq7NtsVGmgOUSfL1ep/mpvNd7Hpa42lO/WwBw":{"registrationId":8408863,"currentRatchet":{"ephemeralKeyPair":{"pubKey":"BZkmX7ZQARsq4R5ADgHqAScawXyLb+qrAI4jTeApXAFI","privKey":"qAzK504VSK/bKulnckXf31Vo6xqqLz0/GI0/gqbYSn0="},"lastRemoteEphemeralKey":"BeoBazP1/XeBiWmSlUtSQkKRb6Di+N7XkDqy55tNDvBi","previousCounter":0,"rootKey":"zSjGGTJpZmARTCJnc1ylrEry3/osRY3Mjjshm4B1NUA="},"indexInfo":{"baseKey":"BeB2EH2rq7NtsVGmgOUSfL1ep/mpvNd7Hpa42lO/WwBw","baseKeyType":2,"closed":-1,"used":1711688431332,"created":1711688431332,"remoteIdentityKey":"BRsrX/ZymR+x8AhGNbHyB1KzW+V8pCPJbokWQyrawWds"},"_chains":{"BeoBazP1/XeBiWmSlUtSQkKRb6Di+N7XkDqy55tNDvBi":{"chainKey":{"counter":0,"key":"FUp5x0fnkaB+5ICnMiRr05agXDm0SUPiu+ccf/AdKls="},"chainType":2,"messageKeys":{}},"BZkmX7ZQARsq4R5ADgHqAScawXyLb+qrAI4jTeApXAFI":{"chainKey":{"counter":-1,"key":"ltSeQ7SI56r7R6DMTTY8/tdlTkgsrfHKxfLEhYY2Mo4="},"chainType":1,"messageKeys":{}}}}},"version":"v1"}