{"_sessions":{"BVwFaJC/IGfYbidJhp3dpro09NhfDjgadC7iV/qvfn4W":{"registrationId":280591556,"currentRatchet":{"ephemeralKeyPair":{"pubKey":"BVzLt1EObNMm8QMRh9ssmOPXa2iG173lUf2J41F6DOB6","privKey":"0MYhaejhrBqeo3krCTid3Z1bR3NMOdHB8kmAwkF+B1U="},"lastRemoteEphemeralKey":"BUAlhFdb5rdvl1Bhy3ObUk7TKtVpnuVHorbLc9GZeiQ8","previousCounter":0,"rootKey":"cmmSU8hsHdHTTM5vjXGJsC4yqb8nEbzFosGhm6/uChM="},"indexInfo":{"baseKey":"BVwFaJC/IGfYbidJhp3dpro09NhfDjgadC7iV/qvfn4W","baseKeyType":1,"closed":-1,"used":1711684399928,"created":1711684399928,"remoteIdentityKey":"BV2+mQedComluOsyPSWOjKajs9bFvT/QgsbqAJSyGO4h"},"_chains":{"BVzLt1EObNMm8QMRh9ssmOPXa2iG173lUf2J41F6DOB6":{"chainKey":{"counter":2,"key":"Pw4tyfFbfSHLAezIHL8KeNSK/9pJlcW6Ek/jY4xGq3U="},"chainType":1,"messageKeys":{}}},"pendingPreKey":{"signedKeyId":5,"baseKey":"BVwFaJC/IGfYbidJhp3dpro09NhfDjgadC7iV/qvfn4W","preKeyId":15029846}}},"version":"v1"}