{"_sessions":{"BdZGo9ii0iabJSKv01cSw3akqkTchkqXGo04Wo6h8nNR":{"registrationId":1885690194,"currentRatchet":{"ephemeralKeyPair":{"pubKey":"BV8dc7t/k2PNukgKywwrsVyk/fsfWpDpK9Am9tWZXKQy","privKey":"yAMgFBbW33SQm+brgkbVCBWtlSy0YWZJXwgm/RKNg0M="},"lastRemoteEphemeralKey":"BSnBQfUdAvExJip9u5JNuZ0qEDkHycl6NysJoOcjz9Iu","previousCounter":0,"rootKey":"kWMfBj4VsgHo30sWkBfzkER4lQs9wKzuObTyvFsIUFQ="},"indexInfo":{"baseKey":"BdZGo9ii0iabJSKv01cSw3akqkTchkqXGo04Wo6h8nNR","baseKeyType":1,"closed":-1,"used":1711684401308,"created":1711684401308,"remoteIdentityKey":"BefzQZEicDJ23C5BGGc5x73hXpggUf4CxAvbltJn+tdh"},"_chains":{"BV8dc7t/k2PNukgKywwrsVyk/fsfWpDpK9Am9tWZXKQy":{"chainKey":{"counter":2,"key":"K9UCgUhsOEjypR+fua2Inv3wd0yoQcn1rtNzGjHqbMw="},"chainType":1,"messageKeys":{}}},"pendingPreKey":{"signedKeyId":0,"baseKey":"BdZGo9ii0iabJSKv01cSw3akqkTchkqXGo04Wo6h8nNR","preKeyId":1853157}}},"version":"v1"}