{"_sessions":{"BXQ1huPYnIFYs/ZBFV1LJmasLlawQ4E1FeoA30Wc9hwm":{"registrationId":1278802869,"currentRatchet":{"ephemeralKeyPair":{"pubKey":"BW9Uhmh5YHBWuzrrr+01pi3SyiRLWLCrrgfHXsf5UAYf","privKey":"IA1Vk7pmvz/GmlyfJhi2HsSn7aTG6qh8yatrCrklE0g="},"lastRemoteEphemeralKey":"BWn0hwVwwlMR0x6UtwsxZWLzUj1gbTjMdW5jJaGk1eMs","previousCounter":0,"rootKey":"X1mNj2jYuJiAqaFSV72TWkHzogOKke8sbCbhdEovtTA="},"indexInfo":{"baseKey":"BXQ1huPYnIFYs/ZBFV1LJmasLlawQ4E1FeoA30Wc9hwm","baseKeyType":1,"closed":-1,"used":1711684398222,"created":1711684398222,"remoteIdentityKey":"BaorZK/pXM7xUxDmXgTKvYjBLzjsyN7v57LjffmLIQJ2"},"_chains":{"BW9Uhmh5YHBWuzrrr+01pi3SyiRLWLCrrgfHXsf5UAYf":{"chainKey":{"counter":2,"key":"skP36lR1+jwizy1eOe27f3FgExdpS0blhj81RCM2qqI="},"chainType":1,"messageKeys":{}}},"pendingPreKey":{"signedKeyId":6,"baseKey":"BXQ1huPYnIFYs/ZBFV1LJmasLlawQ4E1FeoA30Wc9hwm"}}},"version":"v1"}