{"_sessions":{"BVLr5r5H85GjNcH7o+Gu4/FjVofuNgKk0hch7syLDSg5":{"registrationId":1730333622,"currentRatchet":{"ephemeralKeyPair":{"pubKey":"BScMIwQcVSUTrZFA3N6D/Y1ZEE1FfweFYGk1H69usHwG","privKey":"aNbjIyO/Ct/pQYEjXnFz9LWqcNMVhfdZTNCP5M/2B1M="},"lastRemoteEphemeralKey":"BXWk8P9/ANiXDcXkyLpEAHjDY42L0MBQlsQ9VkoRvqgJ","previousCounter":0,"rootKey":"RItqVg0UDD7hrFjMpnljwrn8GNU5NFEhAfUD2oR+8i4="},"indexInfo":{"baseKey":"BVLr5r5H85GjNcH7o+Gu4/FjVofuNgKk0hch7syLDSg5","baseKeyType":1,"closed":-1,"used":1711684398235,"created":1711684398235,"remoteIdentityKey":"Bf69QM4b99eqT7S6bjmoe0tK2fKZfkpKNNacZLcyKD9L"},"_chains":{"BScMIwQcVSUTrZFA3N6D/Y1ZEE1FfweFYGk1H69usHwG":{"chainKey":{"counter":7,"key":"caYh8/h9m+ltB0dhC+VEK1N64PheKjlHIbe7ATVrbsw="},"chainType":1,"messageKeys":{}}},"pendingPreKey":{"signedKeyId":19,"baseKey":"BVLr5r5H85GjNcH7o+Gu4/FjVofuNgKk0hch7syLDSg5","preKeyId":8022542}}},"version":"v1"}