{"_sessions":{"BbFTwdcO4xjAYJXOVIZGxtCjZY1Si/SBP6Cch0SzmUkL":{"registrationId":2132980700,"currentRatchet":{"ephemeralKeyPair":{"pubKey":"Bf/3K+lXCEzwn17UbI4+ZI8Y+FVLeytkc1yeayb++bgY","privKey":"AEzG5sbdFWXbcaPEHpP0msaPCfC77lnFw/7NxDUwtE4="},"lastRemoteEphemeralKey":"BbGLngBP8I5qLCK5aEo5ga+/GxYOiLXXN35lRfytOV87","previousCounter":0,"rootKey":"JUs8WKu4fC6hXDOxPxZVpVxOeeNY6sGkDaJpHIixW3M="},"indexInfo":{"baseKey":"BbFTwdcO4xjAYJXOVIZGxtCjZY1Si/SBP6Cch0SzmUkL","baseKeyType":2,"closed":-1,"used":1711686167946,"created":1711686167946,"remoteIdentityKey":"BVeh9nlj19Ne1j6Vz0GXygF714rg/BREOoOGaoNx2E0r"},"_chains":{"BbGLngBP8I5qLCK5aEo5ga+/GxYOiLXXN35lRfytOV87":{"chainKey":{"counter":0,"key":"WMn6jcoECielNAFLknPcdlTvaojpytLHTIwQI8KJPB0="},"chainType":2,"messageKeys":{}},"Bf/3K+lXCEzwn17UbI4+ZI8Y+FVLeytkc1yeayb++bgY":{"chainKey":{"counter":-1,"key":"iyZrgfASqp74Z+jyC4f7fdsZ1OqPh6B4JvV0v7Xlvrk="},"chainType":1,"messageKeys":{}}}}},"version":"v1"}