{"_sessions":{"BRiDyUJ30JXyNM25UzG5AihrhnO4DNsgnClCNA/25yBY":{"registrationId":2126790071,"currentRatchet":{"ephemeralKeyPair":{"pubKey":"BdLDZaOpZ66vG2XxM7M39x20hmowafh2cifYxBzPLIRa","privKey":"OIIL/2o0h/CQelcWH8ab9kpmy7LktAIMWweOD7/XfXQ="},"lastRemoteEphemeralKey":"BRhie8D4htxqovCpermhnpXJX3fuxS/oHKR52lLL2eRK","previousCounter":0,"rootKey":"f1Z6ze/W31t5st2ZI8XEuQeMW2m6uxGpUC3/Pk4Nmcc="},"indexInfo":{"baseKey":"BRiDyUJ30JXyNM25UzG5AihrhnO4DNsgnClCNA/25yBY","baseKeyType":1,"closed":-1,"used":1711684401652,"created":1711684401652,"remoteIdentityKey":"BTuDlfj+DCSvWeDC9OgqwsEW1MQnnfi/WX+Po4f3bXJK"},"_chains":{"BdLDZaOpZ66vG2XxM7M39x20hmowafh2cifYxBzPLIRa":{"chainKey":{"counter":2,"key":"bwmO8pAVr1BCTUW0h1CS78PVTEzL84oueTQhS55q9m0="},"chainType":1,"messageKeys":{}}},"pendingPreKey":{"signedKeyId":1,"baseKey":"BRiDyUJ30JXyNM25UzG5AihrhnO4DNsgnClCNA/25yBY","preKeyId":7687388}}},"version":"v1"}