{"_sessions":{"BRf4ki4qPJRaI6oMEOD/leQBA9P9FRCA0mdGqF6Yyxou":{"registrationId":1288380905,"currentRatchet":{"ephemeralKeyPair":{"pubKey":"BQ+gcqYXnLNUJNgCy73P++q1kjowntf9n0W5kX9ejtUH","privKey":"oNHEOvGO18sL5nBRg9mMuRpDLAPqMbvUiG4XvabyfXo="},"lastRemoteEphemeralKey":"BQGjV88FB26O2DWtLbxGL7qekeul15fjHa0GhVqlQEgC","previousCounter":0,"rootKey":"KlouPrqoG1JE8chwTZFy6gSt/2ode2QEAwKsNpgtL0U="},"indexInfo":{"baseKey":"BRf4ki4qPJRaI6oMEOD/leQBA9P9FRCA0mdGqF6Yyxou","baseKeyType":1,"closed":-1,"used":1711684400514,"created":1711684400514,"remoteIdentityKey":"Bb/KjMYSO9VHCoT+BLovsuGIFMo5iy8Tv8TZ1Xvgk9VU"},"_chains":{"BQ+gcqYXnLNUJNgCy73P++q1kjowntf9n0W5kX9ejtUH":{"chainKey":{"counter":2,"key":"S5WF0WcehJjL6JE4dfiUKjQ2sxuJoYLHXykVRNho+NY="},"chainType":1,"messageKeys":{}}},"pendingPreKey":{"signedKeyId":12,"baseKey":"BRf4ki4qPJRaI6oMEOD/leQBA9P9FRCA0mdGqF6Yyxou","preKeyId":7231574}}},"version":"v1"}