{"_sessions":{"BcBMnJ7udu5++5DKpI2LoyhADB0lNb5vX93bGBWh3Swm":{"registrationId":768480575,"currentRatchet":{"ephemeralKeyPair":{"pubKey":"BRwFLdkswJhPjjl9Xwm2E4RIdFuT0iGCxUM4HoDWStpP","privKey":"2JV6Ws+K23DaTPYQi082k0A4eHkFKSufqghXu5B7g2g="},"lastRemoteEphemeralKey":"BcgH/2HVg8uwEaOXxwwE6/kLiJVFf5uEniveuYhZDZ4z","previousCounter":0,"rootKey":"adhjKVbBmFtEM00aP1CyKhNfUTLsAWtpanHLEZaupls="},"indexInfo":{"baseKey":"BcBMnJ7udu5++5DKpI2LoyhADB0lNb5vX93bGBWh3Swm","baseKeyType":1,"closed":-1,"used":1711684401233,"created":1711684401233,"remoteIdentityKey":"Bes/paxJOFipMEGqUpFbKGa99eRj90NQ3EQZmDZqmPBe"},"_chains":{"BRwFLdkswJhPjjl9Xwm2E4RIdFuT0iGCxUM4HoDWStpP":{"chainKey":{"counter":2,"key":"TYXvt4tb9WLO5xkprGaeDTtvR/7LRpMbQCsxXkQBfD4="},"chainType":1,"messageKeys":{}}},"pendingPreKey":{"signedKeyId":2,"baseKey":"BcBMnJ7udu5++5DKpI2LoyhADB0lNb5vX93bGBWh3Swm","preKeyId":13702206}}},"version":"v1"}