{"_sessions":{"BfCZ2W2/XxZKN1zBSm8gK2cCKmZMUHedwx73Xo33WKsC":{"registrationId":1550189666,"currentRatchet":{"ephemeralKeyPair":{"pubKey":"BfvebRMER9MNdVh6rHYGvdIy9OXS+1r6LuwfxErBl5ge","privKey":"gEr4Wadw7JFyUaTchN+x6m+UdHRR07o0MJWfD78VFlc="},"lastRemoteEphemeralKey":"BYHdtJJC3jV1PH6JRmV33zH4uw8wtpmAvDMbV+V5hA88","previousCounter":0,"rootKey":"3tDY6tqc/vNIGiTNUMA0whpFJa48BPRQYFQoYtoEkU0="},"indexInfo":{"baseKey":"BfCZ2W2/XxZKN1zBSm8gK2cCKmZMUHedwx73Xo33WKsC","baseKeyType":1,"closed":-1,"used":1711684400019,"created":1711684400019,"remoteIdentityKey":"BU3DEBCM9aomQdF/eV/WCopZVuFWTib13gviK7GQjZx8"},"_chains":{"BfvebRMER9MNdVh6rHYGvdIy9OXS+1r6LuwfxErBl5ge":{"chainKey":{"counter":7,"key":"nWtXIt4Tq7oXLo85ggsOX9rDFTz2GYkqdfq3UwHMASw="},"chainType":1,"messageKeys":{}}},"pendingPreKey":{"signedKeyId":1,"baseKey":"BfCZ2W2/XxZKN1zBSm8gK2cCKmZMUHedwx73Xo33WKsC","preKeyId":4380981}}},"version":"v1"}