{"_sessions":{"BfKR8jsIsY5/CBW0x+kjSZIjxlEwzG5V2FQwCkpVzsxw":{"registrationId":774036342,"currentRatchet":{"ephemeralKeyPair":{"pubKey":"BeN/P1D/F9XG+a/E1bZjga87b32MCzbhEoLdB3mSCywK","privKey":"uKlLUNYy3nUhNzJXFSwZiQe+GAmmc7ZNW5Il/+TCtFg="},"lastRemoteEphemeralKey":"BZAQg2NcZKyNyReErPzzqK3SQ+FD6OI349oNz6gDxYpB","previousCounter":0,"rootKey":"79uyB+cLtvKtMB9jksCfeiJHeakjkRFX4ugaECkHEpE="},"indexInfo":{"baseKey":"BfKR8jsIsY5/CBW0x+kjSZIjxlEwzG5V2FQwCkpVzsxw","baseKeyType":1,"closed":-1,"used":1711684401119,"created":1711684401119,"remoteIdentityKey":"BSXPb6rnv8/dNMrsYB3vHehqrNpTtRY262Pa6pnAx2l3"},"_chains":{"BeN/P1D/F9XG+a/E1bZjga87b32MCzbhEoLdB3mSCywK":{"chainKey":{"counter":2,"key":"FMGM/xbsNS5SZJ1vo1+xqBshYF/5KD5ruMBg91lV4W8="},"chainType":1,"messageKeys":{}}},"pendingPreKey":{"signedKeyId":7,"baseKey":"BfKR8jsIsY5/CBW0x+kjSZIjxlEwzG5V2FQwCkpVzsxw","preKeyId":3444005}}},"version":"v1"}