{"_sessions":{"BVJW6EpGdinZpsiQbvDBhXChAHYOMKQEYZLTEz30W+xK":{"registrationId":1810683670,"currentRatchet":{"ephemeralKeyPair":{"pubKey":"BTygR7GaHC3QGX2w8/R/hwiqycwINjgF/Img9d3Dqtd0","privKey":"IMSVvdljP2lAAm54UdbyN2KvobaYbdnfZttHeucYUWY="},"lastRemoteEphemeralKey":"BTvY1zsxI9dqc3eGJuC2aQqt0VxeXcAPWw0BL3S0MNEW","previousCounter":0,"rootKey":"8T2qbso86aYTB1HMU/NTkfdFlJ0Elx+Rk+zJCSMKwDc="},"indexInfo":{"baseKey":"BVJW6EpGdinZpsiQbvDBhXChAHYOMKQEYZLTEz30W+xK","baseKeyType":1,"closed":-1,"used":1711684400950,"created":1711684400950,"remoteIdentityKey":"BdVlwjZbbgECb2TDeUQblAWvJpfh+bDEf4wPoROuISVZ"},"_chains":{"BTygR7GaHC3QGX2w8/R/hwiqycwINjgF/Img9d3Dqtd0":{"chainKey":{"counter":2,"key":"R8TPIzkB+VMQwQ65b15eKc2WN0olOCLqNE+05IRHWDo="},"chainType":1,"messageKeys":{}}},"pendingPreKey":{"signedKeyId":1,"baseKey":"BVJW6EpGdinZpsiQbvDBhXChAHYOMKQEYZLTEz30W+xK","preKeyId":4351462}}},"version":"v1"}