{"_sessions":{"BQxejmOQ8/nBOYpLSBZbDDRGpfOeEsiKohUEtt0eyoo0":{"registrationId":1247750930,"currentRatchet":{"ephemeralKeyPair":{"pubKey":"BSOgl6Z68600KWBwkrJ036koojwK7fHE6yOTZ4dt9i9X","privKey":"SOZEc6XbDjVADxKuYNHaA5qcrQPhVt/fVg49XkEb2mM="},"lastRemoteEphemeralKey":"BYuRLQQQqWrD951DvBUQbdsqDuK7aRko81Azuw4SKLsV","previousCounter":0,"rootKey":"1aOzMkqyWNpyhECKFMii3bReg4p13A9PdkXnFE8nnog="},"indexInfo":{"baseKey":"BQxejmOQ8/nBOYpLSBZbDDRGpfOeEsiKohUEtt0eyoo0","baseKeyType":1,"closed":-1,"used":1711684400202,"created":1711684400202,"remoteIdentityKey":"BYCE6pWT4OXyuF6FFdcewwsIeJcmBXFxzXSJ7x773Bh6"},"_chains":{"BSOgl6Z68600KWBwkrJ036koojwK7fHE6yOTZ4dt9i9X":{"chainKey":{"counter":2,"key":"8IsTpOvKrEWg/zO0FzfvUzHcQ8pWPPIZafezqNKt0vg="},"chainType":1,"messageKeys":{}}},"pendingPreKey":{"signedKeyId":0,"baseKey":"BQxejmOQ8/nBOYpLSBZbDDRGpfOeEsiKohUEtt0eyoo0","preKeyId":12788189}}},"version":"v1"}