{"_sessions":{"BXiN/iTgk5hqeMZYLLOJsmUND1a6T2xHZ7cnwMY16qcL":{"registrationId":1601585556,"currentRatchet":{"ephemeralKeyPair":{"pubKey":"BY4F1SRiMYxf5k1Ys1IumOimRk+9jdMLAI90/5Pup9AG","privKey":"uHgkJnwwICDTJF60rHOSF4mMTnQ5v9HAhn8KmTwGf2I="},"lastRemoteEphemeralKey":"BSLF6LLWccBfK7Rr8DfYik7ub0n8W7uEHNjMDWtz82MG","previousCounter":0,"rootKey":"g17osKJjPSaulb64k1ga76ZOjy6NKZ08NUuLgbEsmgE="},"indexInfo":{"baseKey":"BXiN/iTgk5hqeMZYLLOJsmUND1a6T2xHZ7cnwMY16qcL","baseKeyType":1,"closed":-1,"used":1711684398102,"created":1711684398102,"remoteIdentityKey":"BYzX6c0x1FHEzrht97yifFL1Im8OKQe6fTyh6YPTOkI4"},"_chains":{"BY4F1SRiMYxf5k1Ys1IumOimRk+9jdMLAI90/5Pup9AG":{"chainKey":{"counter":2,"key":"KxO8wyYuCQokX5Ihs18URmZmIGUAeuijVzvm8rtPZM8="},"chainType":1,"messageKeys":{}}},"pendingPreKey":{"signedKeyId":3,"baseKey":"BXiN/iTgk5hqeMZYLLOJsmUND1a6T2xHZ7cnwMY16qcL","preKeyId":2951688}}},"version":"v1"}