{"_sessions":{"BTsLKstjJltsMEz+PfvKoMvIkmomM7FYUOfOwY3Xs/Au":{"registrationId":2020577353,"currentRatchet":{"ephemeralKeyPair":{"pubKey":"BRx7aCMg2TM2xQxVZdrMxyHmKLL0MrDakPyeH0xKzYx1","privKey":"IFOPU1wRZe0G9y8QsOCv7U+FdabxWhtcYgIvzwp+TEY="},"lastRemoteEphemeralKey":"BVuP9oi4c9WYNrSNhZkliXT+a4m8glAv8XD/uY7jpvlm","previousCounter":0,"rootKey":"emwKiIXjU0nLpZuXp6Z9Z2se373MSJ1BuLRf4F9mEUc="},"indexInfo":{"baseKey":"BTsLKstjJltsMEz+PfvKoMvIkmomM7FYUOfOwY3Xs/Au","baseKeyType":2,"closed":-1,"used":1711687288872,"created":1711687288872,"remoteIdentityKey":"BYIOnl1BPawLk+/eDzCop6YrLqmM6xMFnStNePDK9p0x"},"_chains":{"BVuP9oi4c9WYNrSNhZkliXT+a4m8glAv8XD/uY7jpvlm":{"chainKey":{"counter":4,"key":"StjxmoPgsz/bUNMtspb7RZeZRQVhKacntyGEfjdbO5I="},"chainType":2,"messageKeys":{}},"BRx7aCMg2TM2xQxVZdrMxyHmKLL0MrDakPyeH0xKzYx1":{"chainKey":{"counter":-1,"key":"eEtoORFEjXP9WlIshrWEQRkV6OFryRG3P5XHw4+itBs="},"chainType":1,"messageKeys":{}}}}},"version":"v1"}