{"_sessions":{"BZBIRkt5mhkH0/8nNBTWZyPRZh6wxg6sXBHgsdtmlPV3":{"registrationId":836853615,"currentRatchet":{"ephemeralKeyPair":{"pubKey":"BZAB1RLxAodbg5QNvvMp1PC4eSJlYovKN2nza5kcbK0D","privKey":"6DeP1c4kjt9Lde6iTHzmqozwpMa9MxD96XkuGVaVTFI="},"lastRemoteEphemeralKey":"BQtqpUuxe0xdKqH0OqiBNrgDWN8DzpafBbhwMPyvBWc7","previousCounter":0,"rootKey":"0h8c+fbMMC3KPA/JEZ7zbtXrUEarkiI73ZqtVGnt6DE="},"indexInfo":{"baseKey":"BZBIRkt5mhkH0/8nNBTWZyPRZh6wxg6sXBHgsdtmlPV3","baseKeyType":1,"closed":-1,"used":1711684401010,"created":1711684401010,"remoteIdentityKey":"BfZWk5XLOtGr9CikcX1R220vMPtYRIf64fo1Dx6ftHof"},"_chains":{"BZAB1RLxAodbg5QNvvMp1PC4eSJlYovKN2nza5kcbK0D":{"chainKey":{"counter":2,"key":"nnfUHCFHP/uJBwN4b12cMip3rByxTA0/nmGqQ4d2O4w="},"chainType":1,"messageKeys":{}}},"pendingPreKey":{"signedKeyId":1,"baseKey":"BZBIRkt5mhkH0/8nNBTWZyPRZh6wxg6sXBHgsdtmlPV3"}}},"version":"v1"}