{"_sessions":{"BUMpLgTso/RKArOSZ9K66AFUdsYv2jlS4GXUvE64yXdH":{"registrationId":2018646329,"currentRatchet":{"ephemeralKeyPair":{"pubKey":"BYds6z2h+8CqAX2j0+HEu/IIbivDadIKFYK2n52jP90c","privKey":"ePZAmQRSzCI5Yg3ElViwRYJBpJIlEwyYSutd4m6yl1Y="},"lastRemoteEphemeralKey":"BWBab3v5UT1baOo+oVc113SAIdwkTs4DmQtb6NEO8zcM","previousCounter":0,"rootKey":"G/UjA1ujerR+qqsXjTQejGkes2HRKcQptOEpnxdq/UM="},"indexInfo":{"baseKey":"BUMpLgTso/RKArOSZ9K66AFUdsYv2jlS4GXUvE64yXdH","baseKeyType":1,"closed":-1,"used":1711684400332,"created":1711684400332,"remoteIdentityKey":"BTy08QddkllIRSBV84auojU6DZ30yq/gu1aiL8/ig44C"},"_chains":{"BYds6z2h+8CqAX2j0+HEu/IIbivDadIKFYK2n52jP90c":{"chainKey":{"counter":2,"key":"Uug5KIE9Fhgu2ELoPiDDaggqgynDYDJ922bQlYb+8TE="},"chainType":1,"messageKeys":{}}},"pendingPreKey":{"signedKeyId":11,"baseKey":"BUMpLgTso/RKArOSZ9K66AFUdsYv2jlS4GXUvE64yXdH","preKeyId":7959394}}},"version":"v1"}