{"_sessions":{"BT2ciFGEyCez6UmX9LtTc73o4JpJ2pUAk6zpSc0Sojwk":{"registrationId":1859037872,"currentRatchet":{"ephemeralKeyPair":{"pubKey":"BTxq7RGcKO1E4UtVBd/blr9M4oMMgDt3guMNY2L3notz","privKey":"YH5aXqeNwuxAln4uNzMDitudf+TZ78pPB0bHLRcDv1Y="},"lastRemoteEphemeralKey":"Bcbe+ZivMbQkJop9J+ftdOPItKOzs8r1T3dwfqVDG21V","previousCounter":0,"rootKey":"L1nAAQ5A2v/pQmdPH4PMSrlzmmHE7UkL+QDjmD2uXgI="},"indexInfo":{"baseKey":"BT2ciFGEyCez6UmX9LtTc73o4JpJ2pUAk6zpSc0Sojwk","baseKeyType":1,"closed":-1,"used":1711684400113,"created":1711684400113,"remoteIdentityKey":"BejsAWJDFD3f5HONjxLOjttXVCXS4AX7lD+r26Py/edH"},"_chains":{"BTxq7RGcKO1E4UtVBd/blr9M4oMMgDt3guMNY2L3notz":{"chainKey":{"counter":2,"key":"D8lpYjuMwrpgTHk6d0gshhWNIKcXaPUfdF6Xn1GUUhI="},"chainType":1,"messageKeys":{}}},"pendingPreKey":{"signedKeyId":2,"baseKey":"BT2ciFGEyCez6UmX9LtTc73o4JpJ2pUAk6zpSc0Sojwk"}}},"version":"v1"}