{"_sessions":{"BZ97uMQr3W4zY5bZJW5XBB1rSGd0RlPyHUBnVZ73D2Zj":{"registrationId":1272076425,"currentRatchet":{"ephemeralKeyPair":{"pubKey":"BZQ4t+8BUFhXxGGyI9WTEljKihMalLfKFLv5cc9EkRZY","privKey":"WFG2GQzYxcyglw/2j4m7DL/j3ve8ZDLc1ek6bD3ClV4="},"lastRemoteEphemeralKey":"BaBoaWhH/qFYCEaKN3HfF1qSomqfA/ag+lJeykNFsSBX","previousCounter":0,"rootKey":"+RHuggVx6g92YKX+Xq36aHmLqVBwU+S6r6zFnsU4px4="},"indexInfo":{"baseKey":"BZ97uMQr3W4zY5bZJW5XBB1rSGd0RlPyHUBnVZ73D2Zj","baseKeyType":1,"closed":-1,"used":1711684401516,"created":1711684401516,"remoteIdentityKey":"BThCGVSGxDLW76nshkG+wwhVF4OHK5Lu4uzZWt98bUc5"},"_chains":{"BZQ4t+8BUFhXxGGyI9WTEljKihMalLfKFLv5cc9EkRZY":{"chainKey":{"counter":2,"key":"Q3AU7wsNuHwfO/E46BwJhLo1P7qb/1tPlFBLB4TSWfo="},"chainType":1,"messageKeys":{}}},"pendingPreKey":{"signedKeyId":2,"baseKey":"BZ97uMQr3W4zY5bZJW5XBB1rSGd0RlPyHUBnVZ73D2Zj","preKeyId":16726377}}},"version":"v1"}