{"_sessions":{"BZId9ajNxUI150Ltx4C+dLRaH08Gp8DmgtDVTNGkEQxv":{"registrationId":1111984283,"currentRatchet":{"ephemeralKeyPair":{"pubKey":"BSvuW38Ceyt0NnZNcfLMWxW+/OwyuEVE05Mfj93OBeNx","privKey":"QJpnZFsFKfx6yFKBHdQjHJcQcVQ9WNjNCiyoX4JQzFk="},"lastRemoteEphemeralKey":"BesuSKMwdXAVktKAGmbgbKjIVDDaVqx044vOcKUD3jc9","previousCounter":0,"rootKey":"XCV0JVmPi6mVjCEpwhmK7CQxUcieHQWREps/lxm9X5w="},"indexInfo":{"baseKey":"BZId9ajNxUI150Ltx4C+dLRaH08Gp8DmgtDVTNGkEQxv","baseKeyType":1,"closed":-1,"used":1711684399132,"created":1711684399132,"remoteIdentityKey":"BePH+yvR5E6Ycttl6QafT6OcSKdDgX8suNDdlbsWT/A9"},"_chains":{"BSvuW38Ceyt0NnZNcfLMWxW+/OwyuEVE05Mfj93OBeNx":{"chainKey":{"counter":2,"key":"/WlZtQV+1ZO6xJvxPSxHl3dspPNpBXqET/o+MgrZCFc="},"chainType":1,"messageKeys":{}}},"pendingPreKey":{"signedKeyId":3,"baseKey":"BZId9ajNxUI150Ltx4C+dLRaH08Gp8DmgtDVTNGkEQxv","preKeyId":12991548}}},"version":"v1"}