{"_sessions":{"BQsjXr4VJ9Q7JEXmlSrQfHw6EF7RvTSIU/A/pqb55yAg":{"registrationId":1717284935,"currentRatchet":{"ephemeralKeyPair":{"pubKey":"BSWDWEUSAlxXbJku57xZZrtRVEhaj5cK9IBmVQz2zbZi","privKey":"iKHcJYm4zyCO6/AT/8rbyjGkJ95p9dzGbcYc9ov+KUA="},"lastRemoteEphemeralKey":"BWI+L3Nx/U0nfpouQusAnzfeRHl6/9wYJOp1gZ7kSJ9n","previousCounter":0,"rootKey":"JQcgd280Os52X+ngusMAHck9ZmgJJ2qi8qy5gG8FkPA="},"indexInfo":{"baseKey":"BQsjXr4VJ9Q7JEXmlSrQfHw6EF7RvTSIU/A/pqb55yAg","baseKeyType":1,"closed":-1,"used":1711684398726,"created":1711684398726,"remoteIdentityKey":"BZRVj/yPIS5/Bk4s1c9CqzniCK9OlnnwLTS3Mgvm/2pI"},"_chains":{"BSWDWEUSAlxXbJku57xZZrtRVEhaj5cK9IBmVQz2zbZi":{"chainKey":{"counter":2,"key":"3d25Kw07KM1Pml9weVgpgybSThSHwCD3xbm+GJ1n2bs="},"chainType":1,"messageKeys":{}}},"pendingPreKey":{"signedKeyId":4,"baseKey":"BQsjXr4VJ9Q7JEXmlSrQfHw6EF7RvTSIU/A/pqb55yAg","preKeyId":5147717}}},"version":"v1"}