{"_sessions":{"BUOMyHl+Yac/D3xrYfGa/3j1MvruzU2rWQoDgwbfYkgM":{"registrationId":625361636,"currentRatchet":{"ephemeralKeyPair":{"pubKey":"Bfauq4YJBBCcZIGC0OwLCLnAXj/Z5IglTfc9IhZmWvNc","privKey":"OJgFjaZ9X1/xBPNND5sVlEeLpBzg8qEwO/5D3s93QF0="},"lastRemoteEphemeralKey":"Ba+chSU039iCzLQEUhuU1PSF1vSi1LHq1ngk8ztTMA16","previousCounter":0,"rootKey":"eNhYHpGEzCR0aprXdp1ahqXzjWLDnEUD8/QrUkQOmsA="},"indexInfo":{"baseKey":"BUOMyHl+Yac/D3xrYfGa/3j1MvruzU2rWQoDgwbfYkgM","baseKeyType":1,"closed":-1,"used":1711684401500,"created":1711684401500,"remoteIdentityKey":"BZp5ORXahoj/ksJtqp6dlkLXQxRgaD2APUHKlzIBF+YF"},"_chains":{"Bfauq4YJBBCcZIGC0OwLCLnAXj/Z5IglTfc9IhZmWvNc":{"chainKey":{"counter":2,"key":"bWhxucbsgbRhNqTSl40cpZRAzW9hthhda8QS+GHmLy0="},"chainType":1,"messageKeys":{}}},"pendingPreKey":{"signedKeyId":0,"baseKey":"BUOMyHl+Yac/D3xrYfGa/3j1MvruzU2rWQoDgwbfYkgM","preKeyId":10468755}}},"version":"v1"}