{"_sessions":{"BbEtingiELevM5JVHguy6pzLhWgKr3jZtva2HdgODZsb":{"registrationId":1616773851,"currentRatchet":{"ephemeralKeyPair":{"pubKey":"BfHXCeTkvOZKNe4/7ZJbujnLLZql1YiLUyESTymMoBlS","privKey":"UK7z8y4pvFXh2OM8sEcLs89espD2y+ikumowgFfMbns="},"lastRemoteEphemeralKey":"BbRNzTvwO18SNztYpf+l7vfgMTP9vcEraxI0hmfPe+QN","previousCounter":0,"rootKey":"fNvPrtBwCIPqfdmwFLIKza9dnMftmVy95BETuc/zP18="},"indexInfo":{"baseKey":"BbEtingiELevM5JVHguy6pzLhWgKr3jZtva2HdgODZsb","baseKeyType":1,"closed":-1,"used":1711684398317,"created":1711684398317,"remoteIdentityKey":"BRkaYNAmo1htj8q+Wo7ILldxQPMvj9BIaAmTmXzcp0sV"},"_chains":{"BfHXCeTkvOZKNe4/7ZJbujnLLZql1YiLUyESTymMoBlS":{"chainKey":{"counter":2,"key":"ESxtju9Mwm/scNEGrCwwKoypa6EG84hI43xTJZ2PhRE="},"chainType":1,"messageKeys":{}}},"pendingPreKey":{"signedKeyId":3,"baseKey":"BbEtingiELevM5JVHguy6pzLhWgKr3jZtva2HdgODZsb","preKeyId":7192028}}},"version":"v1"}