{"_sessions":{"BYo5XL9Bl5P9wDRFpAEE8uwGeZt/rrZkY/irHYL0QcxP":{"registrationId":676314708,"currentRatchet":{"ephemeralKeyPair":{"pubKey":"BTwpbVJaGEE3vR/cUlHLvfuwlo8qisfe+9bSlJz3/uYj","privKey":"QPR7kodr2QxPoWNzKiz/Z7yi1qzvkP7MLHXdR+qODHQ="},"lastRemoteEphemeralKey":"BUMi7Cra+9YiJ6NojMxWpkGSN9DA8s9oSRKea++nKGUI","previousCounter":0,"rootKey":"wNq4VG2rmNDNj5tl3B1nhnQJCP33YlKdiY4g6Hq/JKo="},"indexInfo":{"baseKey":"BYo5XL9Bl5P9wDRFpAEE8uwGeZt/rrZkY/irHYL0QcxP","baseKeyType":2,"closed":-1,"used":1711689056420,"created":1711689056420,"remoteIdentityKey":"BfjjdquMJf3Q71JScGFMkXSMe7GQU8b7u4BvrWeell8O"},"_chains":{"BUMi7Cra+9YiJ6NojMxWpkGSN9DA8s9oSRKea++nKGUI":{"chainKey":{"counter":0,"key":"h9MT7fmsiErEOCs0kIA58Y9K4jZ3V/iHYghXiwXQrTs="},"chainType":2,"messageKeys":{}},"BTwpbVJaGEE3vR/cUlHLvfuwlo8qisfe+9bSlJz3/uYj":{"chainKey":{"counter":-1,"key":"cvATHuLFivgsVzTGbeOl+6z93/f1mOmYaF/kyLw4b+U="},"chainType":1,"messageKeys":{}}}}},"version":"v1"}