{"_sessions":{"BTay3ujuOhd2k+fJ4lID9PvxHcBcwvjFhri6PRsmRFxD":{"registrationId":3323,"currentRatchet":{"ephemeralKeyPair":{"pubKey":"BUOsFZxt32jLFzOWf2LsLpdEYt98w5jP3wN3HEHPLh81","privKey":"+OgU2vk5aPV7xv3ZN7jMchNal+gqrJj/yRhUXk7Xxnc="},"lastRemoteEphemeralKey":"BXHayMgA0w21j4mt1J8jGyiPZMD8bjI8ZTsBdHx+4qEd","previousCounter":0,"rootKey":"ljFm461pvnnteUcBDYei3cgtjUkljOTIiRwlaRwAK5k="},"indexInfo":{"baseKey":"BTay3ujuOhd2k+fJ4lID9PvxHcBcwvjFhri6PRsmRFxD","baseKeyType":1,"closed":-1,"used":1711684398014,"created":1711684398014,"remoteIdentityKey":"BRIPtnkRqn3OeQ8Qi3YRRr4ocGvjnXXTFMkeZU24g4Jw"},"_chains":{"BUOsFZxt32jLFzOWf2LsLpdEYt98w5jP3wN3HEHPLh81":{"chainKey":{"counter":2,"key":"253wVIcelbT/0e2p30FPX2pDyRsYJKpv2cXlfJS71HE="},"chainType":1,"messageKeys":{}}},"pendingPreKey":{"signedKeyId":1,"baseKey":"BTay3ujuOhd2k+fJ4lID9PvxHcBcwvjFhri6PRsmRFxD","preKeyId":239}}},"version":"v1"}