{"_sessions":{"Be0l0TmQBzjU9pEMYIIhFOhT+cKQFkrIRMDaUiWci/ot":{"registrationId":1048599685,"currentRatchet":{"ephemeralKeyPair":{"pubKey":"BeYhZKZYlq7hKC1FbRLmNTKtFuGZWo6JkA5OQvx09W9Z","privKey":"OEGUAx7eKaaF2h9YAnXBl92PUISa6gGioXoRuEB9g0U="},"lastRemoteEphemeralKey":"BXdHAjf5H/+pxLX6hKUAqa8DzH9IRfGRVmu5pm96BQxJ","previousCounter":0,"rootKey":"2UUVETfZn75fjlXQ+upx1+9+1QG8Q35RJP7xve8ihIo="},"indexInfo":{"baseKey":"Be0l0TmQBzjU9pEMYIIhFOhT+cKQFkrIRMDaUiWci/ot","baseKeyType":1,"closed":-1,"used":1711684401728,"created":1711684401728,"remoteIdentityKey":"Ba3P1qVmtiFOeTywopGdZ/27OeVG0gBFjzNKJAXX7kJX"},"_chains":{"BeYhZKZYlq7hKC1FbRLmNTKtFuGZWo6JkA5OQvx09W9Z":{"chainKey":{"counter":2,"key":"jlEzZsIta65u0mm4O4Q5AdO8eOf0E0dJUOCxayognnw="},"chainType":1,"messageKeys":{}}},"pendingPreKey":{"signedKeyId":2,"baseKey":"Be0l0TmQBzjU9pEMYIIhFOhT+cKQFkrIRMDaUiWci/ot","preKeyId":282768}}},"version":"v1"}