{"_sessions":{"BTH6TWi/KjdBTpT9XtKuiIXbQnzp2ODwGPyo6uttjcsw":{"registrationId":51229992,"currentRatchet":{"ephemeralKeyPair":{"pubKey":"BXPDSOcn52kEnnbsjMTrVfYgbmvJ9vMQZuHEQ5YtqzhS","privKey":"cFHGuwhKzjhGNKE3JHwhjNlcbi7MielBaJTx60wJjH8="},"lastRemoteEphemeralKey":"BdLIPAEcQXF+YFwQA5bnONKa8F1L3Q0YnnVoBsLyg/ca","previousCounter":7,"rootKey":"6g3GCHXgC2l89YUd7bQ6wWmDSavsbC/mu3jTtYBeiYs="},"indexInfo":{"baseKey":"BTH6TWi/KjdBTpT9XtKuiIXbQnzp2ODwGPyo6uttjcsw","baseKeyType":1,"closed":-1,"used":1711688828754,"created":1711684399836,"remoteIdentityKey":"BZpnScuQG3aFzVp+Ju5PDz4JGoD3tNWuf7GCQne4fDQc"},"_chains":{"BdLIPAEcQXF+YFwQA5bnONKa8F1L3Q0YnnVoBsLyg/ca":{"chainKey":{"counter":0,"key":"hgL2LmmWPjIZOeaHjOC0AKiT/vIdQKzOi6Ps3GwDvsE="},"chainType":2,"messageKeys":{}},"BXPDSOcn52kEnnbsjMTrVfYgbmvJ9vMQZuHEQ5YtqzhS":{"chainKey":{"counter":-1,"key":"aUboYyF/R7BbyyzgD1m9PWbLqgtVrGnUugMQQKseMD0="},"chainType":1,"messageKeys":{}}}}},"version":"v1"}