{"_sessions":{"BUrIwKI7TC5BlCPHw/sBF4jSPwwoS2L31YVlQq5N1qQI":{"registrationId":1797722609,"currentRatchet":{"ephemeralKeyPair":{"pubKey":"BY3YVDvfK+pMtJPGPkp3zGG3wknV8gq4fpT3lxwSALRw","privKey":"wEhzHABu0agw4UKjhp+zJxNdgfFii1PF8em/nN5Dung="},"lastRemoteEphemeralKey":"BehgWsb1pYQRpoDrosD7vy5YnQ+PFj6HZeSYkVcf+61/","previousCounter":0,"rootKey":"frQ6zxnooxrfS0JejC8QQDle8e5aL5oA/7tO7NZK/NU="},"indexInfo":{"baseKey":"BUrIwKI7TC5BlCPHw/sBF4jSPwwoS2L31YVlQq5N1qQI","baseKeyType":1,"closed":-1,"used":1711684398612,"created":1711684398612,"remoteIdentityKey":"BSdlExxvWIR2di556pC14rqxw8akOnS2BcbuD5fhTHoV"},"_chains":{"BY3YVDvfK+pMtJPGPkp3zGG3wknV8gq4fpT3lxwSALRw":{"chainKey":{"counter":2,"key":"edIQcXhYJlNgnBtEYoCX+gB9FdWYFR0P0hh+DXLRA3U="},"chainType":1,"messageKeys":{}}},"pendingPreKey":{"signedKeyId":14,"baseKey":"BUrIwKI7TC5BlCPHw/sBF4jSPwwoS2L31YVlQq5N1qQI","preKeyId":10905278}}},"version":"v1"}