{"_sessions":{"BVNxwQR4oZVnIm0yh2wrJSruZ2VySy0vZdVPNMMPi3ck":{"registrationId":320117803,"currentRatchet":{"ephemeralKeyPair":{"pubKey":"BcsWhV9/94e+LtbU+LPx8X0IH7eoqHSiXypP3VSJONcn","privKey":"yF3iWwdqRNwpjnfeXT1AbsnwSIcGdW4795B8gazUgH8="},"lastRemoteEphemeralKey":"BVUCDdoweavVo7sqdfhE4XABmF88jMS6/dBqMBmMck1d","previousCounter":0,"rootKey":"27/2fwB+J7ykc2rBzrqBmDakQatSHyK08x2QSoISTXs="},"indexInfo":{"baseKey":"BVNxwQR4oZVnIm0yh2wrJSruZ2VySy0vZdVPNMMPi3ck","baseKeyType":2,"closed":-1,"used":1711687693788,"created":1711687693788,"remoteIdentityKey":"BXrKuw8pHmEsizbjfVf8UrsdPqmXa3oMtqyC1SpsQ5ZJ"},"_chains":{"BVUCDdoweavVo7sqdfhE4XABmF88jMS6/dBqMBmMck1d":{"chainKey":{"counter":0,"key":"9aqKH0W4NofeTrd00MjVW9KNt/6BScSi4T/ZUHEliZY="},"chainType":2,"messageKeys":{}},"BcsWhV9/94e+LtbU+LPx8X0IH7eoqHSiXypP3VSJONcn":{"chainKey":{"counter":-1,"key":"o5qrbcfLL1keZzm/jEiHEc6aC3ArAyNOmjLKT2AcIRg="},"chainType":1,"messageKeys":{}}}}},"version":"v1"}