{"_sessions":{"BVBSbYg78NHqGV3Z3A47sUHxN8GdUNVF90bMvN7jOShY":{"registrationId":1591986227,"currentRatchet":{"ephemeralKeyPair":{"pubKey":"BY09EIbnXALeWYGSxIBTWBImgcVBmrg4GSpkIn7OwSJA","privKey":"eGsGiXYa83TAweHWheFsz/F6m8asOJNVxLi/MQIKgGM="},"lastRemoteEphemeralKey":"BZMg8bZ+xCR7gf4k8wyrtRiDslwSPMYfYoTRXLiDFy9W","previousCounter":0,"rootKey":"cwscJpWjHL/cQZqK2a5BywEyEApVmmmGgEkyL0T7rjs="},"indexInfo":{"baseKey":"BVBSbYg78NHqGV3Z3A47sUHxN8GdUNVF90bMvN7jOShY","baseKeyType":1,"closed":-1,"used":1711684400222,"created":1711684400222,"remoteIdentityKey":"Ba86E6dKoYBxJjOQR0t0olJZmvk/96LC5Kv0hI2zam8c"},"_chains":{"BY09EIbnXALeWYGSxIBTWBImgcVBmrg4GSpkIn7OwSJA":{"chainKey":{"counter":2,"key":"DwouGpPbY0+iIvEBf/38GFku0emP6N1PiVSCVpvQi14="},"chainType":1,"messageKeys":{}}},"pendingPreKey":{"signedKeyId":0,"baseKey":"BVBSbYg78NHqGV3Z3A47sUHxN8GdUNVF90bMvN7jOShY"}}},"version":"v1"}