{"_sessions":{"BVAYQ34hJPN39iV5kBVaSk4vm5TERh7FzZz9U2Ts7jki":{"registrationId":1980327841,"currentRatchet":{"ephemeralKeyPair":{"pubKey":"BaMV7F/03iv5gE4SaFG2Y6CLxI4alyOfXr6J89wOa5M+","privKey":"YLRjMkhwcZUenpKFyMlqg/f19gqsEUabjyaZygVlXFY="},"lastRemoteEphemeralKey":"BbV0aXmItbbb0Mxqxy5/EqpkGK7F8IjBUJcjUpC80dVG","previousCounter":0,"rootKey":"YXgCRo7MHFRcQIqBHBlABOAG9DP1wE5JWm3smhM+mRY="},"indexInfo":{"baseKey":"BVAYQ34hJPN39iV5kBVaSk4vm5TERh7FzZz9U2Ts7jki","baseKeyType":1,"closed":-1,"used":1711684400808,"created":1711684400808,"remoteIdentityKey":"BbMEpGieYngGsmeNRf+cNn9OUv2NqL+Bk8W5r4Lb58V/"},"_chains":{"BaMV7F/03iv5gE4SaFG2Y6CLxI4alyOfXr6J89wOa5M+":{"chainKey":{"counter":2,"key":"h9gj8yH/DWvoojP6CRbUQlbC9EvtvEU1+1WmJJ+V1iw="},"chainType":1,"messageKeys":{}}},"pendingPreKey":{"signedKeyId":4,"baseKey":"BVAYQ34hJPN39iV5kBVaSk4vm5TERh7FzZz9U2Ts7jki"}}},"version":"v1"}