{"_sessions":{"Bam/MuB4tdUL+a69adYtn34w0OgfCQiXfPBwDrU5dUY8":{"registrationId":112038135,"currentRatchet":{"ephemeralKeyPair":{"pubKey":"BfiBU/2UhN+qbUcchTwIySrDdwvDBgOu3JCbXGpsocUs","privKey":"aNHI2s+hIkd96JW/X+xC1MaPCvqr91OY8ipDf9iQimw="},"lastRemoteEphemeralKey":"BZTodRBWMidi+uJl1zN/alvbiV7dOjLMhq68uLYbeFEs","previousCounter":2,"rootKey":"4vECeOAdd4m36wt7QvdNWkhq4bpfwciLh0dBxK+3QcI="},"indexInfo":{"baseKey":"Bam/MuB4tdUL+a69adYtn34w0OgfCQiXfPBwDrU5dUY8","baseKeyType":1,"closed":-1,"used":1711684985574,"created":1711684399801,"remoteIdentityKey":"BUUsHi16tYMrVY91Erv/KpwHnwvfgWYHvYHZdGsHqRU9"},"_chains":{"BZTodRBWMidi+uJl1zN/alvbiV7dOjLMhq68uLYbeFEs":{"chainKey":{"counter":0,"key":"nzTiKBFf9/AB11ElUSa2NsEkZ0w2MdE1wlIvWsKFAWw="},"chainType":2,"messageKeys":{}},"BfiBU/2UhN+qbUcchTwIySrDdwvDBgOu3JCbXGpsocUs":{"chainKey":{"counter":-1,"key":"z+2Ea8qM8pLcyKSgUgLlbjas8m6wL9uLB90g2PQMISw="},"chainType":1,"messageKeys":{}}}}},"version":"v1"}