{"_sessions":{"BRSdaArcsXHseBp5DOweRsqN0GL+sQNMP54jUefibPEX":{"registrationId":464383828,"currentRatchet":{"ephemeralKeyPair":{"pubKey":"BZwL9PHCPRfk0vjS9fRoLGxnFHdrSG96LNxTR8RUltcM","privKey":"IGVIzBVlTy+dnp3HF8u1wLl9Z1yFPqizyGhDBuVR7ko="},"lastRemoteEphemeralKey":"BWyblQvsIfVVpzHC1Jq3QRN7N/4CZMNtRXGuS5B4rr4g","previousCounter":0,"rootKey":"SCIGamGHnycjEJ3ohuWrPf00DuyIoSzHX3HTFbkKdoc="},"indexInfo":{"baseKey":"BRSdaArcsXHseBp5DOweRsqN0GL+sQNMP54jUefibPEX","baseKeyType":1,"closed":-1,"used":1711684400909,"created":1711684400909,"remoteIdentityKey":"BdSxcTzvAWtZuDgv8k+ZrqQm4fViqpk8fzMHBzh5Cg9l"},"_chains":{"BZwL9PHCPRfk0vjS9fRoLGxnFHdrSG96LNxTR8RUltcM":{"chainKey":{"counter":2,"key":"Otw5Ev7Bv6gYQbyGlDFujrqE0yC6H0rZPUafctMOmHc="},"chainType":1,"messageKeys":{}}},"pendingPreKey":{"signedKeyId":1,"baseKey":"BRSdaArcsXHseBp5DOweRsqN0GL+sQNMP54jUefibPEX"}}},"version":"v1"}