{"_sessions":{"BQms5LEMrKAHGcwyDeMxU9Flhm8FkA+FYnJ2LGZzzDgu":{"registrationId":241946913,"currentRatchet":{"ephemeralKeyPair":{"pubKey":"BWRf26edevn5p3jEmA1rX8VtRaUnrjaHJlo0gUvmHcgP","privKey":"eNZJXcE5d4gi5JRSD+a+rKC2dnY5qm/hIkEz8B82PUg="},"lastRemoteEphemeralKey":"BQBYkNIjSSNjFqvYK8vWmII8wkH7LNueILBQPJZ/7aIa","previousCounter":0,"rootKey":"Bzj8v0e8oaOa1jzXhbQQqolWp+QIMv2HDLjI4W0zRRM="},"indexInfo":{"baseKey":"BQms5LEMrKAHGcwyDeMxU9Flhm8FkA+FYnJ2LGZzzDgu","baseKeyType":2,"closed":-1,"used":1711688956071,"created":1711688956071,"remoteIdentityKey":"BXhzRtGiUR4I3J5DnMtrTkev72lX1TIgo1vqpr5tJHIg"},"_chains":{"BQBYkNIjSSNjFqvYK8vWmII8wkH7LNueILBQPJZ/7aIa":{"chainKey":{"counter":0,"key":"9smWlOXqkP8RpIv8lZtW7l9Du2ZXg6DiOSftKkdjrBo="},"chainType":2,"messageKeys":{}},"BWRf26edevn5p3jEmA1rX8VtRaUnrjaHJlo0gUvmHcgP":{"chainKey":{"counter":-1,"key":"fApqOu431TkRiayN9QxEtBHjsn55gdHZgFEgr8N9ntg="},"chainType":1,"messageKeys":{}}}}},"version":"v1"}