{"_sessions":{"BYn7K7QIE7jI+8O8grn/MyTvVZGykKODVaD6xi26Fn0x":{"registrationId":1645772635,"currentRatchet":{"ephemeralKeyPair":{"pubKey":"Bddrh9ltojv1f5OZxTNd5eXnE8jGlpXKIX23XMeY+bk3","privKey":"cKGEWqFHl47G+YWvXGGnmE2LPenVEKGeIqfCH83RynE="},"lastRemoteEphemeralKey":"Bd2D8aTp6z+ig//wWAqKMY45EvXnUEFWZtGyfN5ign4E","previousCounter":0,"rootKey":"FDodYMr/bUDJBYGeTyCRALv2pQTo4/iVO+Y+D79LDrM="},"indexInfo":{"baseKey":"BYn7K7QIE7jI+8O8grn/MyTvVZGykKODVaD6xi26Fn0x","baseKeyType":1,"closed":-1,"used":1711684400440,"created":1711684400440,"remoteIdentityKey":"BcMTYzYrZ5K5twb6111n2gXitFAKOGNGewRlzgDiE4pD"},"_chains":{"Bddrh9ltojv1f5OZxTNd5eXnE8jGlpXKIX23XMeY+bk3":{"chainKey":{"counter":2,"key":"4bLtsqylH5bcJojT/zvu7DFE8qZJiloJrdKhgXzlfsQ="},"chainType":1,"messageKeys":{}}},"pendingPreKey":{"signedKeyId":0,"baseKey":"BYn7K7QIE7jI+8O8grn/MyTvVZGykKODVaD6xi26Fn0x","preKeyId":9769603}}},"version":"v1"}