{"_sessions":{"Ba41AR4/4HttoZ/uujwD2MT4LhrGFSkhUJo3K7msB7lg":{"registrationId":613498837,"currentRatchet":{"ephemeralKeyPair":{"pubKey":"BSPoNoMr+oycm/IhJCdm/iszJdwUOONR5k6Woi4VHt8M","privKey":"IPG5Rvssxntu8gCaTq4niND8MxH063lo8j/LPL5KgV8="},"lastRemoteEphemeralKey":"BbPuMSgb8MD0HXRJGPLlXAvSwT/othpf/K6jtAYQ0gA2","previousCounter":0,"rootKey":"7vp6K+Zi+SuUaOt1fV8R94OkueH1oDTH7mvFTKe9Vi8="},"indexInfo":{"baseKey":"Ba41AR4/4HttoZ/uujwD2MT4LhrGFSkhUJo3K7msB7lg","baseKeyType":1,"closed":-1,"used":1711684400033,"created":1711684400033,"remoteIdentityKey":"Beby9HrlRa1MlPyCXps8xYcamtZ1IwbWW1BBroxIko5c"},"_chains":{"BSPoNoMr+oycm/IhJCdm/iszJdwUOONR5k6Woi4VHt8M":{"chainKey":{"counter":2,"key":"dklQCYCs4AXcnijiyZvL2Li3Be+w1Q+EHhTLGcbPlmE="},"chainType":1,"messageKeys":{}}},"pendingPreKey":{"signedKeyId":25,"baseKey":"Ba41AR4/4HttoZ/uujwD2MT4LhrGFSkhUJo3K7msB7lg"}}},"version":"v1"}