{"_sessions":{"Bd3CzbTEZG9ryOAnOPANxBNZgzASxAj0f3pSLxSjLf4N":{"registrationId":1250665090,"currentRatchet":{"ephemeralKeyPair":{"pubKey":"BdPGBoRZjZI6fxVNk+ANVKi24vrIU8KJqmoFjDJN4B14","privKey":"eKTMlF48WvUvMUgWMMlTMgNzbqO/Smn8cdCwfWAfE0k="},"lastRemoteEphemeralKey":"BT9eyvwiWnqz6pqiz1sEodj1oHiQ00dTTcDNvTsQN/Ah","previousCounter":0,"rootKey":"bqoC2DB7KVJBIOAK8jSP+9uinqArjqrc/iVEf2XgSdc="},"indexInfo":{"baseKey":"Bd3CzbTEZG9ryOAnOPANxBNZgzASxAj0f3pSLxSjLf4N","baseKeyType":1,"closed":-1,"used":1711684399099,"created":1711684399099,"remoteIdentityKey":"BegGTgf0vfssmFGv4shkL6HCaXdcjTdUGlkJeQmbEYJO"},"_chains":{"BdPGBoRZjZI6fxVNk+ANVKi24vrIU8KJqmoFjDJN4B14":{"chainKey":{"counter":2,"key":"+iZo3mkN23s3hAK3k1HHUjULzeAsJ9WSGPTgZ5ODSCU="},"chainType":1,"messageKeys":{}}},"pendingPreKey":{"signedKeyId":16,"baseKey":"Bd3CzbTEZG9ryOAnOPANxBNZgzASxAj0f3pSLxSjLf4N","preKeyId":428946}}},"version":"v1"}