{"_sessions":{"BViSQXvhaaJRnWKYLlDHIsWfvrNVoxpZtOWIxcerTewV":{"registrationId":1918025061,"currentRatchet":{"ephemeralKeyPair":{"pubKey":"BbfjppOo4ki9WRw6KH24qi+s/nxZF0U/u/bsS5nsUMUS","privKey":"uNOjERBrcHzYxp7WvFGXCv2l9JuTeC1q+YpmNWIkzno="},"lastRemoteEphemeralKey":"BZe8cGdlitpDJj42DLpKQPQ2Q12yyKiIirtlG0rUyGk1","previousCounter":0,"rootKey":"k/i1U63eFHFfZ2oJIIOrvYyI7LXBT5XzccHZrIhHqmQ="},"indexInfo":{"baseKey":"BViSQXvhaaJRnWKYLlDHIsWfvrNVoxpZtOWIxcerTewV","baseKeyType":1,"closed":-1,"used":1711684399704,"created":1711684399704,"remoteIdentityKey":"BZOTiNnN+M25tJq1oAbgh5lvIBxiwLUjpcW5uzUd3VJR"},"_chains":{"BbfjppOo4ki9WRw6KH24qi+s/nxZF0U/u/bsS5nsUMUS":{"chainKey":{"counter":2,"key":"/D2smN38AylENsNrpyT2OKZfzQAnQz1BsitNnK9+XSQ="},"chainType":1,"messageKeys":{}}},"pendingPreKey":{"signedKeyId":1,"baseKey":"BViSQXvhaaJRnWKYLlDHIsWfvrNVoxpZtOWIxcerTewV","preKeyId":10437454}}},"version":"v1"}