{"_sessions":{"BcvNdAYai5ea4IyT/z73ovRVrljqXQuUtZSguVvG7chm":{"registrationId":2121843148,"currentRatchet":{"ephemeralKeyPair":{"pubKey":"BQtFKWF0wYQgk3mlmSsZZWV8ksITaeysEE/Ptt+uGLom","privKey":"IJxR3EhN3PPa8ZbPtfj0acxV/lIg6YiTFY1p/EpDzF0="},"lastRemoteEphemeralKey":"Bfvf8MlD7gikZut5Jj628IFOYesl0HXKlRvVYP38qnJa","previousCounter":0,"rootKey":"i7UNUOd6osGGkKdKGhpCKRHkXMR1ME2xrFxLvS/AX4Y="},"indexInfo":{"baseKey":"BcvNdAYai5ea4IyT/z73ovRVrljqXQuUtZSguVvG7chm","baseKeyType":2,"closed":-1,"used":1711687267574,"created":1711687267574,"remoteIdentityKey":"BZzCoEZ2KaZ4fSHVGxmmfFoMgjDFh6VQWnuZXBXqr499"},"_chains":{"Bfvf8MlD7gikZut5Jj628IFOYesl0HXKlRvVYP38qnJa":{"chainKey":{"counter":0,"key":"PQ8Vibc7+ap4dX7HmGd3JOpPHDQcHMRIolxuiFLWxS0="},"chainType":2,"messageKeys":{}},"BQtFKWF0wYQgk3mlmSsZZWV8ksITaeysEE/Ptt+uGLom":{"chainKey":{"counter":-1,"key":"DMtiM0tXNe1WIVA9mQgNPA3wZna9W2kkhBLPgjqakEQ="},"chainType":1,"messageKeys":{}}}}},"version":"v1"}