{"_sessions":{"BaqrUvsZL5IgHyMawV/iMT32CB1zktU9GNAY+m6w8JYH":{"registrationId":6064,"currentRatchet":{"ephemeralKeyPair":{"pubKey":"BayxzFu4WfkTFpjGO630Y/aHfb6d37Y6pyI3f6T4xulL","privKey":"qGYeAjUh9qQaYEZuw1eErpXD2ihR9KgEPGZYIn/Zh30="},"lastRemoteEphemeralKey":"BRFLZf8KH5u7pEFDiUI63maXbzic9EGDgD3uLg9NrBxs","previousCounter":0,"rootKey":"a5ADZ3QgcLI4PyBz5XgZeXgBBudN9ri6vtBfez/0qck="},"indexInfo":{"baseKey":"BaqrUvsZL5IgHyMawV/iMT32CB1zktU9GNAY+m6w8JYH","baseKeyType":1,"closed":-1,"used":1711684397930,"created":1711684397930,"remoteIdentityKey":"Be6VBKTfFRHR/w9GJtuXOmD+t/VkZvWuOnVzWd6dAFxN"},"_chains":{"BayxzFu4WfkTFpjGO630Y/aHfb6d37Y6pyI3f6T4xulL":{"chainKey":{"counter":2,"key":"779ELmD77L8iIKDmzXi894VLyFZUtyAz6aLkXLltq70="},"chainType":1,"messageKeys":{}}},"pendingPreKey":{"signedKeyId":1,"baseKey":"BaqrUvsZL5IgHyMawV/iMT32CB1zktU9GNAY+m6w8JYH"}}},"version":"v1"}