{"_sessions":{"BZKyzcgXeKwqVlxeUQkUs9dIMWJHDqqMKP0hGWYAdUgX":{"registrationId":1152473067,"currentRatchet":{"ephemeralKeyPair":{"pubKey":"BU9fGXZ14LRCwo5Zd1BdnKuHjtAfv/zokOaB4iOjVW96","privKey":"6C/IKuAFP5PvLLV8DC8632H+bMsMzDK6SsYl9z1B60w="},"lastRemoteEphemeralKey":"BQfhmtyfXY6g9kRIllCF6B+8+Yez7G0SF98DSbBXd5sO","previousCounter":0,"rootKey":"nLVmGGbE0I7C8weae6l98wghA0BZEEHkjPoYp5T+asc="},"indexInfo":{"baseKey":"BZKyzcgXeKwqVlxeUQkUs9dIMWJHDqqMKP0hGWYAdUgX","baseKeyType":2,"closed":-1,"used":1711688624408,"created":1711688624408,"remoteIdentityKey":"BUa+9fLTnzPzouEh1Vxj1MQXy1WR8PVOM2Yt9chL6V0P"},"_chains":{"BQfhmtyfXY6g9kRIllCF6B+8+Yez7G0SF98DSbBXd5sO":{"chainKey":{"counter":0,"key":"N+FTut0xqr//iWZTn7je5YVzKgJkEryl9L86Vop/Ya8="},"chainType":2,"messageKeys":{}},"BU9fGXZ14LRCwo5Zd1BdnKuHjtAfv/zokOaB4iOjVW96":{"chainKey":{"counter":-1,"key":"Q9zxZUxkL+rTVlZkdTHUf9ZhVJhcC5k1te/FEGie20s="},"chainType":1,"messageKeys":{}}}}},"version":"v1"}