{"_sessions":{"BQ/O7BcJI9B7IMDtsSq+86mRga+sedo7TN2derVhp8Ui":{"registrationId":451657164,"currentRatchet":{"ephemeralKeyPair":{"pubKey":"BeXhykE3RsUCDJlJ48UCRf9um511OhXrOM8eaZDSPx9v","privKey":"ADpSIHzp1jYvYRVu2D3qZIdrWrCr5ck8gcP1qDhyGV4="},"lastRemoteEphemeralKey":"BYVvNPlcwGWlEH+tfxFWYbNIfWzQOfk5PT7UA6GLQPpx","previousCounter":0,"rootKey":"4I2Rk7ml1knD+xsPbXsS4yca0swt+3LDB5JJ1/MgOuM="},"indexInfo":{"baseKey":"BQ/O7BcJI9B7IMDtsSq+86mRga+sedo7TN2derVhp8Ui","baseKeyType":2,"closed":-1,"used":1711686023003,"created":1711686023003,"remoteIdentityKey":"BbNl0dOyAtKEcu26s6HM5ARQ8VSKJIIUumxfGasn/IFk"},"_chains":{"BYVvNPlcwGWlEH+tfxFWYbNIfWzQOfk5PT7UA6GLQPpx":{"chainKey":{"counter":0,"key":"VgPNCfqyl+Sq/N83e902h4bPkweATGDlvg1yaTe+Z6w="},"chainType":2,"messageKeys":{}},"BeXhykE3RsUCDJlJ48UCRf9um511OhXrOM8eaZDSPx9v":{"chainKey":{"counter":-1,"key":"NWfvLuFyT8p+pdgpSOalA3noL6OoVQzXHh3bbGd0YWI="},"chainType":1,"messageKeys":{}}}}},"version":"v1"}