{"_sessions":{"BdGRZlC7pJt86KEQ8WYJ3SWHkUZM5DkpB64RwH3zLMZE":{"registrationId":1243668076,"currentRatchet":{"ephemeralKeyPair":{"pubKey":"BRx0yQR0/gk0UJDkBR+8hG1kJ9Q7hp2D3f4LrAATnNQW","privKey":"sHVHQbTWKXdg4dn/Kk3wuHgHShGe62sx+07xiDA1z0E="},"lastRemoteEphemeralKey":"BVjx2g+wg5UgIFa8p4BiH/hff3jwORJVA0djrgOpmzNH","previousCounter":0,"rootKey":"hncbzEgChPKqJysAxvME0w1UKJDETvqNRFvm2vvtRcE="},"indexInfo":{"baseKey":"BdGRZlC7pJt86KEQ8WYJ3SWHkUZM5DkpB64RwH3zLMZE","baseKeyType":1,"closed":-1,"used":1711684399440,"created":1711684399440,"remoteIdentityKey":"BRTAbRPfOEqjuEysuj0QmpS1XucsQimkWoYJqgYnBOBF"},"_chains":{"BRx0yQR0/gk0UJDkBR+8hG1kJ9Q7hp2D3f4LrAATnNQW":{"chainKey":{"counter":2,"key":"lXiLhFq2UgczkTzkPpHPybrH8oU52ni/dNIfZ/0Yy1o="},"chainType":1,"messageKeys":{}}},"pendingPreKey":{"signedKeyId":0,"baseKey":"BdGRZlC7pJt86KEQ8WYJ3SWHkUZM5DkpB64RwH3zLMZE"}}},"version":"v1"}