{"_sessions":{"BT5R8q2mRcT6erqX+OzrckyKzfmY5DdjQtfskAxuGs0M":{"registrationId":1826861437,"currentRatchet":{"ephemeralKeyPair":{"pubKey":"BdYx2y7A8e/6OGZ0kQ9/ZFpK1BWkl7NynbczhBMjpaVY","privKey":"GDPKgZilmOhHB2FuaDA0tUz2dKs/Rc3Pk7o7Z4bcdU4="},"lastRemoteEphemeralKey":"BesvQKoVbjRafJ2lA3JM0sEr6/Bp++KSXnTkpzy9fyF5","previousCounter":8,"rootKey":"lei1i5d01L6GGLOrWbLTl34B0lq5CiKVY0RoK9hf4zI="},"indexInfo":{"baseKey":"BT5R8q2mRcT6erqX+OzrckyKzfmY5DdjQtfskAxuGs0M","baseKeyType":1,"closed":-1,"used":1711688850423,"created":1711684325611,"remoteIdentityKey":"BaRqU9lq+qN+38Xl3GfCsaUeuXffsJVeniUSlMuBK0Nm"},"_chains":{"BesvQKoVbjRafJ2lA3JM0sEr6/Bp++KSXnTkpzy9fyF5":{"chainKey":{"counter":0,"key":"a7+RZzvjPR42azK43dNPjJCKQdxlJO2WjKO+fLSAIDA="},"chainType":2,"messageKeys":{}},"BdYx2y7A8e/6OGZ0kQ9/ZFpK1BWkl7NynbczhBMjpaVY":{"chainKey":{"counter":-1,"key":"T4Gt6cRdN/epNyaUxIi6cYLOBSszxCusBfI0DO3LyaU="},"chainType":1,"messageKeys":{}}}}},"version":"v1"}