{"_sessions":{"BXI9IRVZeg1N08O+ykhxafTSGy+VmgsbR4dTit5i/sJs":{"registrationId":674434994,"currentRatchet":{"ephemeralKeyPair":{"pubKey":"BYG7XRFengBneGSU8n5xxjOQbZYN6oCKoYrNS5iDmvFO","privKey":"UGrWiUl7lgNNFw8gmpEDXAYUrRFVQE+B6YSjHDKZl20="},"lastRemoteEphemeralKey":"BQHxyjrUy3OLIFwGVUoa0NED4kGHi2zYYy5W/18gUixh","previousCounter":0,"rootKey":"ONtKbpTNST8+b3E0WtGwndVkrR1wDhMWLI5qNibHXVM="},"indexInfo":{"baseKey":"BXI9IRVZeg1N08O+ykhxafTSGy+VmgsbR4dTit5i/sJs","baseKeyType":1,"closed":-1,"used":1711684399842,"created":1711684399842,"remoteIdentityKey":"BdrPCB6lZWiVqcEQpiGEjJG1pQT9MZxTO7Hm083ssbFy"},"_chains":{"BYG7XRFengBneGSU8n5xxjOQbZYN6oCKoYrNS5iDmvFO":{"chainKey":{"counter":2,"key":"8M7hOeHdGDN3sFfyY5eZt2i3BvUCOGF59HRcOYX5vco="},"chainType":1,"messageKeys":{}}},"pendingPreKey":{"signedKeyId":0,"baseKey":"BXI9IRVZeg1N08O+ykhxafTSGy+VmgsbR4dTit5i/sJs","preKeyId":4327464}}},"version":"v1"}