{"_sessions":{"BbSYP1Px+PFtjSWfqx3otJ4XR62r6msCob9zKur3PVwY":{"registrationId":964243067,"currentRatchet":{"ephemeralKeyPair":{"pubKey":"BXCokA88l8frtDf7MpN06e00AWk7gzxU1+SyVxxe6Y1l","privKey":"INhIWPFNtItIPIaFjDBFUQtsticKPdgidwcaOqdm6nw="},"lastRemoteEphemeralKey":"Bdxl7wFOy1lLwMqfGQFekYDbLWDIvY2oU+4yHRYPsn85","previousCounter":0,"rootKey":"Fexthr06lbq+z8smO/6588o37F0vCsbCk/kA2n/yVb0="},"indexInfo":{"baseKey":"BbSYP1Px+PFtjSWfqx3otJ4XR62r6msCob9zKur3PVwY","baseKeyType":1,"closed":-1,"used":1711684398333,"created":1711684398333,"remoteIdentityKey":"BSfMUMmK5510eL6Nb/takm46AzDlC9J1wZeQOqrtJb8P"},"_chains":{"BXCokA88l8frtDf7MpN06e00AWk7gzxU1+SyVxxe6Y1l":{"chainKey":{"counter":2,"key":"o33/sdTiT8gntwFhnQInD5vTYEgcSzM7RExfBpG/laQ="},"chainType":1,"messageKeys":{}}},"pendingPreKey":{"signedKeyId":5,"baseKey":"BbSYP1Px+PFtjSWfqx3otJ4XR62r6msCob9zKur3PVwY"}}},"version":"v1"}