{"_sessions":{"BasOZRDqLLBQR7qo2ZiFoU0Tes0o/A/6Z4rwWc2cmxMr":{"registrationId":1838097201,"currentRatchet":{"ephemeralKeyPair":{"pubKey":"BUIcb7X4aZTTKPp/Ovcr4f4up7sQlFmA/Jk7LPu1YY8u","privKey":"6GdfoVJnyM1wkfFzhjBNLXKNn3pw3D+oOc2xuW3G/H4="},"lastRemoteEphemeralKey":"BZG87wRhIZlyhROvh8vW5jqmvu7h7o5uz/apuwUoLbZf","previousCounter":0,"rootKey":"YaMvSV4ugNuVNT6Cq8WmEe+ggficFMFtRKZagap2ECA="},"indexInfo":{"baseKey":"BasOZRDqLLBQR7qo2ZiFoU0Tes0o/A/6Z4rwWc2cmxMr","baseKeyType":1,"closed":-1,"used":1711684399106,"created":1711684399106,"remoteIdentityKey":"BegT4bTw8Vzu4rSupRKcFb1zHvWzio0SXzruhqC9zXF5"},"_chains":{"BUIcb7X4aZTTKPp/Ovcr4f4up7sQlFmA/Jk7LPu1YY8u":{"chainKey":{"counter":2,"key":"RmJPu01tE+k6y/Fj6SvXDf9AK7qFE6H17jBO/b/mahw="},"chainType":1,"messageKeys":{}}},"pendingPreKey":{"signedKeyId":3,"baseKey":"BasOZRDqLLBQR7qo2ZiFoU0Tes0o/A/6Z4rwWc2cmxMr","preKeyId":12865286}}},"version":"v1"}