{"_sessions":{"BcqizgdVV5tUb8lvBUgxsRJYPSk8bh3t6pgO+fvv6wFc":{"registrationId":1907991813,"currentRatchet":{"ephemeralKeyPair":{"pubKey":"BXUhYJG54JmfiG8ceMM2pClMW3erOCR8FtUAx81LV1wd","privKey":"8KcH8Zn0DQV0Rsu/IaanJCQYXBiAkEIKFTiSTt3kPFQ="},"lastRemoteEphemeralKey":"BW4JoilHgmRXTdOkbwhppN1q6EoGAv9e2FCUQTFGLYgK","previousCounter":3,"rootKey":"qzo7plb8qPZpCi0QqQp7tQeB1TFBG/o+/+8zqizzwBc="},"indexInfo":{"baseKey":"BcqizgdVV5tUb8lvBUgxsRJYPSk8bh3t6pgO+fvv6wFc","baseKeyType":1,"closed":-1,"used":1711687267900,"created":1711684399740,"remoteIdentityKey":"BY9OagxuoXoU/5p5WJx4WsZu9osoeq5Cj8CbUsZceW9O"},"_chains":{"BYMlJACdETnpHZcuLI+5/DMi6Xy7jIuER9q+AqR5MTFW":{"chainKey":{"counter":0},"chainType":2,"messageKeys":{}},"BW4JoilHgmRXTdOkbwhppN1q6EoGAv9e2FCUQTFGLYgK":{"chainKey":{"counter":0,"key":"WpeaQjUYssa9yAvO7z86D/J+ePV/Hkcy5BrDKua+SGE="},"chainType":2,"messageKeys":{}},"BXUhYJG54JmfiG8ceMM2pClMW3erOCR8FtUAx81LV1wd":{"chainKey":{"counter":-1,"key":"EDG1kbbMgwrXS4wEmVO/q9IfG0yELyQOdQKhYsikaBA="},"chainType":1,"messageKeys":{}}}}},"version":"v1"}