{"_sessions":{"BXnukfja7fKQgB/Jj7EKl8/hEL6HuUf0Jf/vbdjueL1v":{"registrationId":11223,"currentRatchet":{"ephemeralKeyPair":{"pubKey":"Bfpxh/kpbWlqyQ2mM3biScyd5V0Naog5RZh4C1bKYHZ2","privKey":"sJuYr5js/7u1PrL85E814e+cGILpqrQF6SLyzRj/v3A="},"lastRemoteEphemeralKey":"Bbyx9XHzssZuo0MGsFFMurQgXW+DhcDRelDbUkAPtEY3","previousCounter":0,"rootKey":"06hyQXzeyH/u3MSEp4URPcByDcxY8u2C8C7NYt/85sg="},"indexInfo":{"baseKey":"BXnukfja7fKQgB/Jj7EKl8/hEL6HuUf0Jf/vbdjueL1v","baseKeyType":1,"closed":-1,"used":1711684398113,"created":1711684398113,"remoteIdentityKey":"BXyQ//MH/XY93DFvCNO4uGnZLisztB89VOxCC5GJix4Q"},"_chains":{"Bfpxh/kpbWlqyQ2mM3biScyd5V0Naog5RZh4C1bKYHZ2":{"chainKey":{"counter":2,"key":"FcqCXCvqlNkWNMbtiLi1013Mn+bMfeRCprVNsCZaprs="},"chainType":1,"messageKeys":{}}},"pendingPreKey":{"signedKeyId":1,"baseKey":"BXnukfja7fKQgB/Jj7EKl8/hEL6HuUf0Jf/vbdjueL1v","preKeyId":776}}},"version":"v1"}