{"_sessions":{"BcVFxnPteQ4J8j/dTrYOWB4dEdC+9hVrfQaG6TKpfasJ":{"registrationId":964420426,"currentRatchet":{"ephemeralKeyPair":{"pubKey":"BbGlZDzBDla8iSWsoFarl1ZXiTASonkjOiqx2K4YyWdC","privKey":"UBFpzs3wxfktc74QT1X4aXfbZXanI9AOcJyVoAPKBmY="},"lastRemoteEphemeralKey":"BX2jX7QvjFWip1DGUv9dm2tfMXQrk1usJlIlMB5su8pi","previousCounter":0,"rootKey":"iWNqvZB8alsc6Kqwy4WyLyfDAatBIC9LJs1z1QuthKc="},"indexInfo":{"baseKey":"BcVFxnPteQ4J8j/dTrYOWB4dEdC+9hVrfQaG6TKpfasJ","baseKeyType":2,"closed":-1,"used":1711684460720,"created":1711684460720,"remoteIdentityKey":"BQHyWM7MQmneAtcfIzq5zN+z1KUxqN9DDqyUuAaTVgF0"},"_chains":{"BX2jX7QvjFWip1DGUv9dm2tfMXQrk1usJlIlMB5su8pi":{"chainKey":{"counter":1,"key":"+MAXiFQKFuAthXA0fFmJSsm2Oo9FtCCeNau6yEDtVx0="},"chainType":2,"messageKeys":{}},"BbGlZDzBDla8iSWsoFarl1ZXiTASonkjOiqx2K4YyWdC":{"chainKey":{"counter":-1,"key":"y9v3HXPZplgFTgrKFh8Duti7eZknIadUtPVt3iLCvoc="},"chainType":1,"messageKeys":{}}}}},"version":"v1"}