{"_sessions":{"BWuLZ1m3Er+94cV8EcLhoeNcWfHIAjivWBw94ECa7U5O":{"registrationId":1115779235,"currentRatchet":{"ephemeralKeyPair":{"pubKey":"BZELbfEOCkSlKKbSZ/Lw2UzgVmVVZhyT0fCnhGrVl3gC","privKey":"EKbUQYUB4ChYT02DbKXBgElTAXUCW9ij/+H45NObvXM="},"lastRemoteEphemeralKey":"Ba4bKKrsj+RQY2DPLrRz7hFTTcD9B+DrSgPDzXvffyws","previousCounter":0,"rootKey":"Jw9QgbsI37c4/mOD61xR1oQeidMIIoIemvKwqFrgu6I="},"indexInfo":{"baseKey":"BWuLZ1m3Er+94cV8EcLhoeNcWfHIAjivWBw94ECa7U5O","baseKeyType":2,"closed":-1,"used":1711687876977,"created":1711687876977,"remoteIdentityKey":"BfRURRhPJ6rRWMdsXck0U5hJ/bOPP36fg+rZO+nPjHM4"},"_chains":{"Ba4bKKrsj+RQY2DPLrRz7hFTTcD9B+DrSgPDzXvffyws":{"chainKey":{"counter":0,"key":"IOr/j2VTz7jd5yc4shtprqJ/Ah/acKmUJtKNZGAopLM="},"chainType":2,"messageKeys":{}},"BZELbfEOCkSlKKbSZ/Lw2UzgVmVVZhyT0fCnhGrVl3gC":{"chainKey":{"counter":-1,"key":"5LMEoARc1I9BWBVDtfECm7ONXvIJMpNsXYdkbY1y5qk="},"chainType":1,"messageKeys":{}}}}},"version":"v1"}