{"_sessions":{"BcG+vsxcjvFE4fTc52Vcw+KIt+g4oQyxlJGocvnXFbhB":{"registrationId":309032749,"currentRatchet":{"ephemeralKeyPair":{"pubKey":"BfPf6v1Xs4NvvL+BVLfclCu0RW9n2oIGWxse+LqtARQP","privKey":"ALt2+NbfePKr9xO/MFwrCOeACAVW78ROLiGRHkqxNFY="},"lastRemoteEphemeralKey":"BWdWNNEKoslu/G3jxJnBso/A6RVUkMzFgMDeFdR1iwtR","previousCounter":0,"rootKey":"7vG6RuIGAQUxGg4g29jT83xx7gszqhZVpmik5IFSnuA="},"indexInfo":{"baseKey":"BcG+vsxcjvFE4fTc52Vcw+KIt+g4oQyxlJGocvnXFbhB","baseKeyType":1,"closed":-1,"used":1711684400607,"created":1711684400607,"remoteIdentityKey":"BcJymPl0icQ2WzW1CqQlhwIi6wioPrbFq3Qf2D0ZtqQ1"},"_chains":{"BfPf6v1Xs4NvvL+BVLfclCu0RW9n2oIGWxse+LqtARQP":{"chainKey":{"counter":2,"key":"6CUjIzLc0g3RDqfPteN4Cw6KI2Ye19kiPPi08eQw74M="},"chainType":1,"messageKeys":{}}},"pendingPreKey":{"signedKeyId":2,"baseKey":"BcG+vsxcjvFE4fTc52Vcw+KIt+g4oQyxlJGocvnXFbhB","preKeyId":401507}}},"version":"v1"}