{"_sessions":{"BWhuxw3BtbYEDO38Zc6X8LMm1HoTCCmiV7Qm3ocXtvtq":{"registrationId":592160709,"currentRatchet":{"ephemeralKeyPair":{"pubKey":"BfXrJh+xSXKIHLEloviaRshAhIOwHiKIshYibb/N5u0W","privKey":"yFNJ1k2nKvImsri3yqlX9Jt/XP2n9OAHxDQmTBr9dGM="},"lastRemoteEphemeralKey":"BT+rpAp1EjJiFA46gsDflHQAxxoJtBo3IgQ2NCIkTRJA","previousCounter":0,"rootKey":"e+Jst7Is0Rd6YAvAklqFbO/lKhSZglbUGCuEOd034kk="},"indexInfo":{"baseKey":"BWhuxw3BtbYEDO38Zc6X8LMm1HoTCCmiV7Qm3ocXtvtq","baseKeyType":2,"closed":-1,"used":1711684622548,"created":1711684622548,"remoteIdentityKey":"BWNv2QWxvDVT199X2ynQs99CV8J/WMskUknffxa6csIx"},"_chains":{"BT+rpAp1EjJiFA46gsDflHQAxxoJtBo3IgQ2NCIkTRJA":{"chainKey":{"counter":1,"key":"VhkR1fwcpvY+r9IxRKtp+gv0xahcEUiqqqrLdn3yps4="},"chainType":2,"messageKeys":{}},"BfXrJh+xSXKIHLEloviaRshAhIOwHiKIshYibb/N5u0W":{"chainKey":{"counter":-1,"key":"TLSLuDyK9wlpkR60k98QwbVVGJeDD+X/lVZklxb3Eo8="},"chainType":1,"messageKeys":{}}}}},"version":"v1"}