{"_sessions":{"BT7X42WsxVWNy4BfGKlULjx1IYvVBWdnJ7VzDw3JqCBl":{"registrationId":644375886,"currentRatchet":{"ephemeralKeyPair":{"pubKey":"BWcwloCLyQIzuSEBu6m11vclZG6WyduVZkN76gKcVkRn","privKey":"yFytvbmcvknlrY/vlR7S7zgr/5UE84LNhXl4VwLzdEc="},"lastRemoteEphemeralKey":"BS7A7ALNMk0Vmg+27UGQqDwWCA+PybYAx8U3ylQSVBgZ","previousCounter":0,"rootKey":"nPirKaRN4Tl66nWhdR7AqbY28HEcJKcNbbzOnfxuJ/I="},"indexInfo":{"baseKey":"BT7X42WsxVWNy4BfGKlULjx1IYvVBWdnJ7VzDw3JqCBl","baseKeyType":1,"closed":-1,"used":1711684399243,"created":1711684399243,"remoteIdentityKey":"BUyfNHrstDjKS1il2DNXcT9bmo0Z8pyVBsc/78ieOjpE"},"_chains":{"BWcwloCLyQIzuSEBu6m11vclZG6WyduVZkN76gKcVkRn":{"chainKey":{"counter":2,"key":"ugO2MLWMYYKEBxs3EpvGnul/Dz/EWzkKXmCyEGU50Uo="},"chainType":1,"messageKeys":{}}},"pendingPreKey":{"signedKeyId":2,"baseKey":"BT7X42WsxVWNy4BfGKlULjx1IYvVBWdnJ7VzDw3JqCBl","preKeyId":8171861}}},"version":"v1"}