{"_sessions":{"BfSzUkba9fJyAPcVyLMkv3GINRNmLeueOmirrAjMIH0e":{"registrationId":1347425477,"currentRatchet":{"ephemeralKeyPair":{"pubKey":"BV71hhHmIN7Q3VVKTk0nfIsh6EJ7pzCFzlFsRMNsOWAf","privKey":"0OS5oCFolaUr5M8Abj8OFMPIl7z6vlsXgrP8r343R1w="},"lastRemoteEphemeralKey":"BZwB4Eswa9wxsuZG8JcRFJwuXjTZv1/M8tlhfmLX+Co+","previousCounter":0,"rootKey":"FrolEXSFhCyA2lUq6d4PZPErGlPbQ+B2ZCz8+ti9MqQ="},"indexInfo":{"baseKey":"BfSzUkba9fJyAPcVyLMkv3GINRNmLeueOmirrAjMIH0e","baseKeyType":1,"closed":-1,"used":1711684528802,"created":1711684528802,"remoteIdentityKey":"BaC8oTEOPrUCA8eWl1OOQbH4annfL6F0Te/rRajY28c+"},"_chains":{"BV71hhHmIN7Q3VVKTk0nfIsh6EJ7pzCFzlFsRMNsOWAf":{"chainKey":{"counter":4,"key":"bOXyPye8vmP2fy/w957QFKUVVj8RMIXVwv9x9IuwNvw="},"chainType":1,"messageKeys":{}}},"pendingPreKey":{"signedKeyId":2,"baseKey":"BfSzUkba9fJyAPcVyLMkv3GINRNmLeueOmirrAjMIH0e","preKeyId":13594567}}},"version":"v1"}