{"_sessions":{"BbRiM8Ak4MkwTzUxcx5U/fbd7sB21JVLl/qeRthTIMV8":{"registrationId":1677319012,"currentRatchet":{"ephemeralKeyPair":{"pubKey":"BVcGtGTNvI9S68896C3bx8Yp5IQPiXi19cOEKdALQdIi","privKey":"ID1QD19Y4BDnnWqVOtfN8Eb8uvCIvi2KrfQ0yvVkr0Y="},"lastRemoteEphemeralKey":"BbGjNzI71Qk95Fe912szqt2YQ+gqmoHfcTa9NWh7ZWse","previousCounter":0,"rootKey":"yRsP3ZLP1Q9N5jmpCvtXKsoxTGOje79D/4VxJcEF94A="},"indexInfo":{"baseKey":"BbRiM8Ak4MkwTzUxcx5U/fbd7sB21JVLl/qeRthTIMV8","baseKeyType":1,"closed":-1,"used":1711683984485,"created":1711683984485,"remoteIdentityKey":"BeYlQN1agVGYhdjkC4OYkjOP4YvwCG/5PDXaW3gPdoFU"},"_chains":{"BVcGtGTNvI9S68896C3bx8Yp5IQPiXi19cOEKdALQdIi":{"chainKey":{"counter":10,"key":"FH7AWVznCOFlcPxj8o9cKE2EuwMEAoYvpmISLV/PJek="},"chainType":1,"messageKeys":{}}},"pendingPreKey":{"signedKeyId":5,"baseKey":"BbRiM8Ak4MkwTzUxcx5U/fbd7sB21JVLl/qeRthTIMV8","preKeyId":611325}}},"version":"v1"}