{"_sessions":{"BQ9L2WgE+EC8t8kpHXlNacng+yq36hQb0qIXVOw2wTsw":{"registrationId":1501906045,"currentRatchet":{"ephemeralKeyPair":{"pubKey":"BW/zTrivoCyxFh6TM+XR0LpmvqUEarRzvvD4reL6HJUr","privKey":"mPw2FX3XTDFNkhz9W+GUAUZUcxAa4+GzGfEFcUM5fF8="},"lastRemoteEphemeralKey":"BSIkLxAbluP67/3TE9uQHYquldaVEtr9q9jFmetNX6sH","previousCounter":0,"rootKey":"mSVmUw/jbb3lCThLzbldewHhyhL2G1h236NgZxBgpCM="},"indexInfo":{"baseKey":"BQ9L2WgE+EC8t8kpHXlNacng+yq36hQb0qIXVOw2wTsw","baseKeyType":1,"closed":-1,"used":1711684399820,"created":1711684399820,"remoteIdentityKey":"Bd5+qpaTASUBTHmE00CZbNPtypu3AuNUeK3yeLu6h6Yu"},"_chains":{"BW/zTrivoCyxFh6TM+XR0LpmvqUEarRzvvD4reL6HJUr":{"chainKey":{"counter":2,"key":"OOXAdrSJi9pxsY+3OwvvS/ue2luXXtVkB/3B4l/4FwI="},"chainType":1,"messageKeys":{}}},"pendingPreKey":{"signedKeyId":0,"baseKey":"BQ9L2WgE+EC8t8kpHXlNacng+yq36hQb0qIXVOw2wTsw"}}},"version":"v1"}