{"_sessions":{"Bb1FsZFjH0KWfWbvxm9KMBsbBoihe1FRiPVQVHe91ucC":{"registrationId":806697175,"currentRatchet":{"ephemeralKeyPair":{"pubKey":"BS7YYlemsaFUkZ78zi4z0teXCqwUBISM+4/ieweH72ID","privKey":"4P3OikgEr6/xS+0Z3NAMOWm6uVmmVFMO+iL6l7Bc0XA="},"lastRemoteEphemeralKey":"BS3mE3rgXLxcMsCViUk2AjiMsbF1insUql7oyGoc9wwy","previousCounter":0,"rootKey":"iqoDDrM7SF1SA5r8XP86WYlIN70AWvZeOnkQqZMpTNk="},"indexInfo":{"baseKey":"Bb1FsZFjH0KWfWbvxm9KMBsbBoihe1FRiPVQVHe91ucC","baseKeyType":1,"closed":-1,"used":1711684400499,"created":1711684400499,"remoteIdentityKey":"BaPMO6aY2iNLMhpfPnPGFGMQvN9KvJwHmspjXBfElQtR"},"_chains":{"BS7YYlemsaFUkZ78zi4z0teXCqwUBISM+4/ieweH72ID":{"chainKey":{"counter":2,"key":"e+6GBZH7dPiaei6HD0VaEjO97C4nIYSgSZ1On3i2tzs="},"chainType":1,"messageKeys":{}}},"pendingPreKey":{"signedKeyId":0,"baseKey":"Bb1FsZFjH0KWfWbvxm9KMBsbBoihe1FRiPVQVHe91ucC","preKeyId":6840387}}},"version":"v1"}