{"_sessions":{"BX53knAQ+dDbnolrb0uIlXrrmPHmHpvBScwB42CxnExv":{"registrationId":60,"currentRatchet":{"ephemeralKeyPair":{"pubKey":"BdPELkeuBOALa11fKogvcJJlO540nVFtUD4Jj+/tuGsr","privKey":"QFof8dub9GEuoHzVIn/DUdMfkntLvoZjs1EeqCc6rlQ="},"lastRemoteEphemeralKey":"BQyz/6VVzr8/1iZHnTSCwRBkkrsepwIzfmmvcF42bxct","previousCounter":0,"rootKey":"VlitX06tTqyKSiPQCsgZSXYmvgO8UqJ/u02ccwvppY4="},"indexInfo":{"baseKey":"BX53knAQ+dDbnolrb0uIlXrrmPHmHpvBScwB42CxnExv","baseKeyType":1,"closed":-1,"used":1711684325529,"created":1711684325529,"remoteIdentityKey":"BbtkRLLsKGZ2X3bd8cmZgenoRgm5/remeik3XCtKC+we"},"_chains":{"BdPELkeuBOALa11fKogvcJJlO540nVFtUD4Jj+/tuGsr":{"chainKey":{"counter":8,"key":"NK9U0tEKE/QZ3Qycj8xyvzGIHJPUFisU7kru8m1epYg="},"chainType":1,"messageKeys":{}}},"pendingPreKey":{"signedKeyId":1,"baseKey":"BX53knAQ+dDbnolrb0uIlXrrmPHmHpvBScwB42CxnExv"}}},"version":"v1"}