{"_sessions":{"BUaEMYfGrsPnrmZPYazkFkeF6w92vnDBKVE0hwox0M8g":{"registrationId":62644794,"currentRatchet":{"ephemeralKeyPair":{"pubKey":"BccZgMT5TBrZZplao5zZ3bp+EdDAOuohp8hg9qqneusU","privKey":"CCCI3VVJ+nAGiCa7rqFa+m/+FETUl4SmXSQgsAnz7Fg="},"lastRemoteEphemeralKey":"BdEfeJRnY1417a5+MHXIdDcmaCZnrj/C7elBOY4N0WJv","previousCounter":0,"rootKey":"mCr64wFMzw+cxbjxhE1Y+H1o9mx+HOFEitGsDYihTgM="},"indexInfo":{"baseKey":"BUaEMYfGrsPnrmZPYazkFkeF6w92vnDBKVE0hwox0M8g","baseKeyType":2,"closed":-1,"used":1711687706973,"created":1711687706973,"remoteIdentityKey":"BYCIXslqlelk62B9mHJIRfBpWpUr/py0W5CPVu6RqHgt"},"_chains":{"BdEfeJRnY1417a5+MHXIdDcmaCZnrj/C7elBOY4N0WJv":{"chainKey":{"counter":1,"key":"m8ZnJJ144TGdGV7tT9ze3SWKzHyh2lMqPy+Yrz/FCyk="},"chainType":2,"messageKeys":{}},"BccZgMT5TBrZZplao5zZ3bp+EdDAOuohp8hg9qqneusU":{"chainKey":{"counter":-1,"key":"k8UoQG3ZNBkaBsJNb/jrOMRbdTkj77lxX5Z0GnDWuAg="},"chainType":1,"messageKeys":{}}}}},"version":"v1"}