{"_sessions":{"BRo9Zb36RHSL76rld5lpe72sKS3WczAehcRe/y/CoE1a":{"registrationId":1089537323,"currentRatchet":{"ephemeralKeyPair":{"pubKey":"BTHAfuOY0yrZXkD+GT63ojTvjODKNPSjNemNF5RtGYVQ","privKey":"eJC6j3U7SKZWX3KKEv/KgRPiOWmTlojz7cXLSc7RPXw="},"lastRemoteEphemeralKey":"BWxTAMMl2TTVE3xzaOkFKteSpqaVUh1620TIcuJi7cYo","previousCounter":0,"rootKey":"7GYWsKvq+HYbx0kCKLz5r9hycolBEC+HhfeY48ixUKg="},"indexInfo":{"baseKey":"BRo9Zb36RHSL76rld5lpe72sKS3WczAehcRe/y/CoE1a","baseKeyType":1,"closed":-1,"used":1711684398426,"created":1711684398426,"remoteIdentityKey":"Bc+RnXaldQ0I7YjLNgAGfMPrhV/Bx/p8JTSOpsMk18BN"},"_chains":{"BTHAfuOY0yrZXkD+GT63ojTvjODKNPSjNemNF5RtGYVQ":{"chainKey":{"counter":2,"key":"Ukvg8pg+cGCU9++v7eD6HsRXVXqe6WZJnOMEUVD2Hxw="},"chainType":1,"messageKeys":{}}},"pendingPreKey":{"signedKeyId":26,"baseKey":"BRo9Zb36RHSL76rld5lpe72sKS3WczAehcRe/y/CoE1a","preKeyId":13900585}}},"version":"v1"}