{"_sessions":{"Bce197Gd50FGwFiU26JUzhZoMsTsaByAPdfJ+7W6n9Iy":{"registrationId":708559544,"currentRatchet":{"ephemeralKeyPair":{"pubKey":"BfttC9jynoKAubHHxfVuE6hgz9tdD93TWVTMyhNscOBG","privKey":"KL1G3gHtECvKeBzHF0ZtEdk2z6gQv5vscAXZja5o5FU="},"lastRemoteEphemeralKey":"BcSPq+8IWlP+CBUy/GrsZx7M81eBx5PuD4Ua1RE1qiJT","previousCounter":0,"rootKey":"QnyZP6QS5bZuE07/rkCdL3F+p2YWoVbtEhncU2gnXFY="},"indexInfo":{"baseKey":"Bce197Gd50FGwFiU26JUzhZoMsTsaByAPdfJ+7W6n9Iy","baseKeyType":1,"closed":-1,"used":1711684399208,"created":1711684399208,"remoteIdentityKey":"BTcejfbOpVIkZP04cEsGlTyfIzPBvlcEjhdULYw1aKog"},"_chains":{"BfttC9jynoKAubHHxfVuE6hgz9tdD93TWVTMyhNscOBG":{"chainKey":{"counter":2,"key":"aktdPijxOvOX4HlM++dxWGtV5ZKAEpbb+eTo5mK/P/M="},"chainType":1,"messageKeys":{}}},"pendingPreKey":{"signedKeyId":5,"baseKey":"Bce197Gd50FGwFiU26JUzhZoMsTsaByAPdfJ+7W6n9Iy","preKeyId":10560643}}},"version":"v1"}