{"_sessions":{"BTVm+Ntalg6haw2bwAxZ7a6yMBVLa3R0qnDmer+0eMoW":{"registrationId":1191901996,"currentRatchet":{"ephemeralKeyPair":{"pubKey":"BWVTxIw/NhObVE3zXxWF3CA/wJ4RW2mTQCFMSsSNVx5d","privKey":"+OXcIDtOIuVT0hcbJEaftl2nMwaAXNLbuWNDZyNvMXU="},"lastRemoteEphemeralKey":"BT5Lsg8gAFZpu4m0L/ppNY3WcXSQvl49FB49wRxtBwVC","previousCounter":0,"rootKey":"C8KiVBRPMtP5CnnA4PB2cqTr/aM3XcCWKFXYMq6Quuw="},"indexInfo":{"baseKey":"BTVm+Ntalg6haw2bwAxZ7a6yMBVLa3R0qnDmer+0eMoW","baseKeyType":1,"closed":-1,"used":1711684398419,"created":1711684398419,"remoteIdentityKey":"BcmJGKW0mcCRbWXb6ElmFM/Wzuv11YMHEjL7alaMO7gR"},"_chains":{"BWVTxIw/NhObVE3zXxWF3CA/wJ4RW2mTQCFMSsSNVx5d":{"chainKey":{"counter":2,"key":"AHQhgYLpL9N+LFmlL9xHYOtONQfJahmcL3H/AGqM4js="},"chainType":1,"messageKeys":{}}},"pendingPreKey":{"signedKeyId":15,"baseKey":"BTVm+Ntalg6haw2bwAxZ7a6yMBVLa3R0qnDmer+0eMoW","preKeyId":11410148}}},"version":"v1"}