{"_sessions":{"BeR0/UFOBq0EUQPyeZn0nMgF11xEF6Qkv7519nmNvCU5":{"registrationId":1347958271,"currentRatchet":{"ephemeralKeyPair":{"pubKey":"BQifXVMF449vFtoi9FGy3y8g4cDRExajZsoliXiU22wP","privKey":"OL2/0kGqIxY22RvC1qKv4Nt96Ese+z5Zhhpt/KwFhV0="},"lastRemoteEphemeralKey":"BUDvP7z4KR7wF/bu9cbfipaw8GMz2AssFQPc9tsO3xgX","previousCounter":0,"rootKey":"8CTivhCF/eYJzntqjlcP4kdz1eX/8iLyNeYj56X9nSY="},"indexInfo":{"baseKey":"BeR0/UFOBq0EUQPyeZn0nMgF11xEF6Qkv7519nmNvCU5","baseKeyType":1,"closed":-1,"used":1711684399813,"created":1711684399813,"remoteIdentityKey":"Bb8qq0dHwuJZ1Ro7Dgpu1sYF9BQ5lxv83rFu74StJ4pq"},"_chains":{"BQifXVMF449vFtoi9FGy3y8g4cDRExajZsoliXiU22wP":{"chainKey":{"counter":2,"key":"Z/+1qivovedVpgyVisFcAI7u9YqwMpNfKEElsxQ9wTI="},"chainType":1,"messageKeys":{}}},"pendingPreKey":{"signedKeyId":0,"baseKey":"BeR0/UFOBq0EUQPyeZn0nMgF11xEF6Qkv7519nmNvCU5","preKeyId":7665380}}},"version":"v1"}