{"_sessions":{"BdmLNu9ntOYnHtXd/P+si+iVdAXe8yaDdjKVKBx2UC0A":{"registrationId":1888252944,"currentRatchet":{"ephemeralKeyPair":{"pubKey":"BS4ICETXUepW5bJ9gn0w1Gbh3ucO7KuwUhqXFVHNZKEl","privKey":"mPYlCdO9HNGRyvC7DDKpe7QwjEhkEFcbZBMSTGkXDVk="},"lastRemoteEphemeralKey":"BVKMxFPWLJQvgotCVmcxcK1u6sINu/3ui+/4MWWoKXJ7","previousCounter":0,"rootKey":"wo/atafz7spWhhc+o5wYzqzYKD4CU7JF5J95thZ57mU="},"indexInfo":{"baseKey":"BdmLNu9ntOYnHtXd/P+si+iVdAXe8yaDdjKVKBx2UC0A","baseKeyType":1,"closed":-1,"used":1711684401124,"created":1711684401124,"remoteIdentityKey":"BbjDmYwwf6Mz+1CQDu0BSkxmm2B16QN0AErCs+ZdSSxe"},"_chains":{"BS4ICETXUepW5bJ9gn0w1Gbh3ucO7KuwUhqXFVHNZKEl":{"chainKey":{"counter":2,"key":"uwneB3PlgyKxfUOYaFffh6tKfImmpNikeyidPTdzc4w="},"chainType":1,"messageKeys":{}}},"pendingPreKey":{"signedKeyId":3,"baseKey":"BdmLNu9ntOYnHtXd/P+si+iVdAXe8yaDdjKVKBx2UC0A","preKeyId":8773708}}},"version":"v1"}