{"_sessions":{"BSldY5lDQNs2tqckU6aMDE01RXVhDhGyat3yll5JGi1h":{"registrationId":149942334,"currentRatchet":{"ephemeralKeyPair":{"pubKey":"BQpbnX66iPg0jj7MYvBchrF1s5599/8bcsv8FdmSh856","privKey":"CJDldOerLCFn27zkHliRTE7wpAujmMuyJAxy/M8KWGg="},"lastRemoteEphemeralKey":"BQ34bShJIvHBLdke9G2jAC5d6UFGgkXlXJRwGOUkQG57","previousCounter":0,"rootKey":"PmstMOO+3B/ah1MKd/XdcfeB24NmgGajUY5/LpUFnQU="},"indexInfo":{"baseKey":"BSldY5lDQNs2tqckU6aMDE01RXVhDhGyat3yll5JGi1h","baseKeyType":2,"closed":-1,"used":1711684741236,"created":1711684741236,"remoteIdentityKey":"BfM5rEHc/MQvu6+TgwUvtN83b6bGKfa7p5e5rzuhKOYc"},"_chains":{"BQ34bShJIvHBLdke9G2jAC5d6UFGgkXlXJRwGOUkQG57":{"chainKey":{"counter":0,"key":"aWdVOsx1UP7dXUd1LSypaUHiWp9yY0xWh6CcGqixDrs="},"chainType":2,"messageKeys":{}},"BQpbnX66iPg0jj7MYvBchrF1s5599/8bcsv8FdmSh856":{"chainKey":{"counter":-1,"key":"9zcLdF9/HK5eIerJDfwfWS9kkEVoqUHqV8I7UfFQ7yY="},"chainType":1,"messageKeys":{}}}}},"version":"v1"}