{"_sessions":{"Bc6MaTHwRYh/jf3M1nw8Ch+OQMj1dJtxDgBbLYQ9T/8E":{"registrationId":92036183,"currentRatchet":{"ephemeralKeyPair":{"pubKey":"BfNbKb4sYrYscABrW2ln4/Gdslre0G3kpQ2xrvZasKpK","privKey":"wBCVTfLa7Uhjzd7v9oOmQhlpVmjQTI2SCZnWZ4hv11M="},"lastRemoteEphemeralKey":"BXKDqAYpcpQyg2KXggNnGDIKp8PJY9/uC03MNhXHF/Ik","previousCounter":0,"rootKey":"fqw/t+u8NkpG+R/NWxpZKQJnEGPAdV4alQuwK+Kk0ZY="},"indexInfo":{"baseKey":"Bc6MaTHwRYh/jf3M1nw8Ch+OQMj1dJtxDgBbLYQ9T/8E","baseKeyType":1,"closed":-1,"used":1711684398700,"created":1711684398700,"remoteIdentityKey":"Bc72NTMA/kXuMAbnSlw850LCxfu9U2VurF/RypCTVvMf"},"_chains":{"BfNbKb4sYrYscABrW2ln4/Gdslre0G3kpQ2xrvZasKpK":{"chainKey":{"counter":2,"key":"uy630r9wC46qQZUKiwC9xI6f5f17qRP1712DcJYmxeM="},"chainType":1,"messageKeys":{}}},"pendingPreKey":{"signedKeyId":5,"baseKey":"Bc6MaTHwRYh/jf3M1nw8Ch+OQMj1dJtxDgBbLYQ9T/8E"}}},"version":"v1"}