{"_sessions":{"BVaKLz2yb0/WCESwgOygyegT0/DzTpZhhPV5H0ffbD9q":{"registrationId":346077080,"currentRatchet":{"ephemeralKeyPair":{"pubKey":"BWd/N6PLFr0mV7aZ2xUGQFeWg0ebVlr1FT4g2jc8SBUn","privKey":"sFvqfMug5ZdGS3Wm1QIvlGO2+UBtImmbTUanI06uEXw="},"lastRemoteEphemeralKey":"BdOX9gUXrmCv9H9DSgzh46eaN6BDPychNvYnptM3Jd88","previousCounter":0,"rootKey":"bQTv3P3paRMxxN0QyxI2KwccKbdnE3AYXQMyRyIC2gU="},"indexInfo":{"baseKey":"BVaKLz2yb0/WCESwgOygyegT0/DzTpZhhPV5H0ffbD9q","baseKeyType":1,"closed":-1,"used":1711684400037,"created":1711684400037,"remoteIdentityKey":"BSi6MRJKrsLyCwAi8kMom09QCzIkTBUhEhobriK0WQ5F"},"_chains":{"BWd/N6PLFr0mV7aZ2xUGQFeWg0ebVlr1FT4g2jc8SBUn":{"chainKey":{"counter":2,"key":"MV0vlWss4e9IZzsTLa22uxn+18z4Q0TWXW77K47tXFg="},"chainType":1,"messageKeys":{}}},"pendingPreKey":{"signedKeyId":4,"baseKey":"BVaKLz2yb0/WCESwgOygyegT0/DzTpZhhPV5H0ffbD9q"}}},"version":"v1"}