{"_sessions":{"BcBwBonnYLdGNbFiBgS0yFQr5v9kQVHlhYxY2T3hvYMT":{"registrationId":1284750920,"currentRatchet":{"ephemeralKeyPair":{"pubKey":"Bfm9M/hgGv1lpchl05kv/r6IxM93zoNNlOXxJmeakK4y","privKey":"uL9waChcqxa8AG7VravgPLWWVkG19VoZOD4dsjHZU3Y="},"lastRemoteEphemeralKey":"BXB9WnUQigBOfVVPUz6kOR9Jbp5Ugf67miiXKEhRUhlu","previousCounter":0,"rootKey":"1s5o/lrq2dSFCmbB7yIpDGvJgtP8I8XUhUBnigQkDTM="},"indexInfo":{"baseKey":"BcBwBonnYLdGNbFiBgS0yFQr5v9kQVHlhYxY2T3hvYMT","baseKeyType":1,"closed":-1,"used":1711684399324,"created":1711684399324,"remoteIdentityKey":"BeSEdZFfs4FlMw6wsFfGjOBo3mYWmOVtIx/laU6uLuds"},"_chains":{"Bfm9M/hgGv1lpchl05kv/r6IxM93zoNNlOXxJmeakK4y":{"chainKey":{"counter":2,"key":"AseWEGmsMnDQULExKfG/Ln7EXBqWs029Bx8A4eYKI6I="},"chainType":1,"messageKeys":{}}},"pendingPreKey":{"signedKeyId":0,"baseKey":"BcBwBonnYLdGNbFiBgS0yFQr5v9kQVHlhYxY2T3hvYMT","preKeyId":1940920}}},"version":"v1"}