{"_sessions":{"BRQfblhFgIsnIummZQybFAekDOC5IUoeVmF6vrkeEEh4":{"registrationId":20607654,"currentRatchet":{"ephemeralKeyPair":{"pubKey":"BbECArqmWpIpu/cmJ7CUCkBosZu9sz/520EJmXJNp01+","privKey":"qOmD7xNguHrYYBQQtRi767Q1y3HKiL4UuCjaXQJ3/nE="},"lastRemoteEphemeralKey":"BYef8qfFd5YN+l3jAqGt+4iqAEOVpNvZ4e5mr5ogeCNB","previousCounter":0,"rootKey":"UI6ZvZieuEeJJKqSub2DzKVOYdLsAFIX5jo2ympBvU0="},"indexInfo":{"baseKey":"BRQfblhFgIsnIummZQybFAekDOC5IUoeVmF6vrkeEEh4","baseKeyType":1,"closed":-1,"used":1711684398601,"created":1711684398601,"remoteIdentityKey":"Bbo8zfMdexHhwqHSsQ8VHmja/1xd8PTgVoUwhuaXeY06"},"_chains":{"BbECArqmWpIpu/cmJ7CUCkBosZu9sz/520EJmXJNp01+":{"chainKey":{"counter":2,"key":"mUXw/gOPe7PMq1LPl+XsUvW4SyLzwCCQPyQjEjUaRTA="},"chainType":1,"messageKeys":{}}},"pendingPreKey":{"signedKeyId":0,"baseKey":"BRQfblhFgIsnIummZQybFAekDOC5IUoeVmF6vrkeEEh4","preKeyId":6354127}}},"version":"v1"}