{"_sessions":{"BQvml0eSAI8Eq2S4x43TL345kbCQFBKmla/EkifjDxB9":{"registrationId":1693444064,"currentRatchet":{"ephemeralKeyPair":{"pubKey":"BUP7aBX4x2XAzwqBQIsGVoOmhjyjdBRU8/mG8gY99yVm","privKey":"gA3zLvhCOcD0txsnRODeyjmdfKbltJ0u8PYwvLjGe3Y="},"lastRemoteEphemeralKey":"BR9z3auPuVhSCVbM/QEFY9lxZZ3g9iSSTFygK1lPFqY9","previousCounter":0,"rootKey":"LqDupoXmUVWYYuofMvrT7Cpdou4wDir4sfE+luKXAUE="},"indexInfo":{"baseKey":"BQvml0eSAI8Eq2S4x43TL345kbCQFBKmla/EkifjDxB9","baseKeyType":2,"closed":-1,"used":1711684497885,"created":1711684378606,"remoteIdentityKey":"BU3uaIumyDN6CZX9VY6u/GmHn1AUaAZvC4iBj2uogERB"},"_chains":{"Bf9IIVRbZR/Frqf9peDk9SS40KzCKLckt6PVPNoMfoYe":{"chainKey":{"counter":0},"chainType":2,"messageKeys":{}},"BZsIPdiGbMp4qzTqFe3e1F3+eOtHq64ZqqlMZFHJWFJi":{"chainKey":{"counter":0},"chainType":2,"messageKeys":{}},"Bf3IknEwQZWZO48StfraKn3Wo83mNd3M0SNheDdaKX9y":{"chainKey":{"counter":0},"chainType":2,"messageKeys":{}},"BR9z3auPuVhSCVbM/QEFY9lxZZ3g9iSSTFygK1lPFqY9":{"chainKey":{"counter":0,"key":"/e4hR/di5StrRJIQSxV18M6o59ioIU2c1KjxJ/CfKxs="},"chainType":2,"messageKeys":{}},"BUP7aBX4x2XAzwqBQIsGVoOmhjyjdBRU8/mG8gY99yVm":{"chainKey":{"counter":4,"key":"MTP1Q1iNvVaYqEK6YnCWwDH+w+nfrPxWX1DmyXdL7Dw="},"chainType":1,"messageKeys":{}}}}},"version":"v1"}