{"_sessions":{"BZlOhfLwiLA285cb3v/QBPRlSDvRpR/SGGy/D/jxZ6cv":{"registrationId":854017988,"currentRatchet":{"ephemeralKeyPair":{"pubKey":"BSRGZpcWverYbCSsxIDpYlABZMfgQZCQJrOZUedW2TRT","privKey":"0NBN2ldGeuSTy587hfK0Q7nc43HrNVlGppSrsnFvm3Q="},"lastRemoteEphemeralKey":"BTIws7tg3ULUo4oDR10+UsrLLKdOfsrJHEFl4jdRXN5H","previousCounter":0,"rootKey":"cfK5ajggzDKqqq62r3M5Wc+8GN7zVpwMSTDEdYjRoy8="},"indexInfo":{"baseKey":"BZlOhfLwiLA285cb3v/QBPRlSDvRpR/SGGy/D/jxZ6cv","baseKeyType":1,"closed":-1,"used":1711684398411,"created":1711684398411,"remoteIdentityKey":"Bdkir2lZMy92glIG8ljEYv4UbvORnH7H4ly2y9i9gkke"},"_chains":{"BSRGZpcWverYbCSsxIDpYlABZMfgQZCQJrOZUedW2TRT":{"chainKey":{"counter":2,"key":"QaCSFutYAZpXEYcDrk+2+2yWwFh04B60Jhk94XEFjKU="},"chainType":1,"messageKeys":{}}},"pendingPreKey":{"signedKeyId":12,"baseKey":"BZlOhfLwiLA285cb3v/QBPRlSDvRpR/SGGy/D/jxZ6cv","preKeyId":7070680}}},"version":"v1"}