{"_sessions":{"BZkZbvl8KXrE6iYv2xM4cmSI3NcoFP6xas1cRoMJKzhr":{"registrationId":1239721573,"currentRatchet":{"ephemeralKeyPair":{"pubKey":"Bf81xnXnhz3iEZxeysOC6r7SYa7Bj+TWyU5xMg2KLwsx","privKey":"aO7D3ifRhWiu6SmmEVVUCiIxEzYACgeVTK3yKnHPDlg="},"lastRemoteEphemeralKey":"Be8aPn/ny70D3uwzseLEGuATxpmWXiVGf+iimbXr5O0M","previousCounter":0,"rootKey":"5duzaFMI4e+OSA0AzGOQVQPMD0mH6F0mqHdU6HmFPpc="},"indexInfo":{"baseKey":"BZkZbvl8KXrE6iYv2xM4cmSI3NcoFP6xas1cRoMJKzhr","baseKeyType":2,"closed":-1,"used":1711687265791,"created":1711687265791,"remoteIdentityKey":"BXVtIQu7RgP3EQ7N3EK4Gvo3DZ5i0T4b5O1txMkYc8kw"},"_chains":{"Be8aPn/ny70D3uwzseLEGuATxpmWXiVGf+iimbXr5O0M":{"chainKey":{"counter":0,"key":"Rd66cuyVLUhwvqwczY5RuDzz2xOGbLzokUD+KNRgWmM="},"chainType":2,"messageKeys":{}},"Bf81xnXnhz3iEZxeysOC6r7SYa7Bj+TWyU5xMg2KLwsx":{"chainKey":{"counter":-1,"key":"RLXrcfMsly/HVEW8MEdqQIlU16/Fh/Who4b7al5Ovok="},"chainType":1,"messageKeys":{}}}}},"version":"v1"}