{"_sessions":{"BXBcPUUbKqc+jUFrJBu304w+WYF6V6itQdzQdS4IHZ5o":{"registrationId":1816295204,"currentRatchet":{"ephemeralKeyPair":{"pubKey":"BUk8sRBFXnnvIoxnrBtTUZKqH9pRn1blrG1LRe9p1NoB","privKey":"0MJ2FvsOlTrcCX9C2vWRy3FMCaEipDezs9mOIJ50nkc="},"lastRemoteEphemeralKey":"BZzOHBehwgMAzD0ebi0mKwqXs/kZmGiA0pqUt1A0CEJM","previousCounter":0,"rootKey":"pkY784+2WKRfw/hsjcgfeG8HDf0kwHFiCx75r2DdX1U="},"indexInfo":{"baseKey":"BXBcPUUbKqc+jUFrJBu304w+WYF6V6itQdzQdS4IHZ5o","baseKeyType":1,"closed":-1,"used":1711684399016,"created":1711684399016,"remoteIdentityKey":"BSm1fovcNUnbzPIO6J/cWuqxdaUWbOx4OwL0+9rg3vli"},"_chains":{"BUk8sRBFXnnvIoxnrBtTUZKqH9pRn1blrG1LRe9p1NoB":{"chainKey":{"counter":2,"key":"eKu3CObHboQ7IZaMZGNa/No9q8e5m4/rJMzrxvTb8Qw="},"chainType":1,"messageKeys":{}}},"pendingPreKey":{"signedKeyId":26,"baseKey":"BXBcPUUbKqc+jUFrJBu304w+WYF6V6itQdzQdS4IHZ5o","preKeyId":1622904}}},"version":"v1"}