{"_sessions":{"BXqcYtJpzDtsTTAzHt4ASaSvUD2KDOadcAEiLovHV8Ql":{"registrationId":2022776571,"currentRatchet":{"ephemeralKeyPair":{"pubKey":"Bcg81D/gc4iys8670w+lJdrJRCIthXfB93NW4bC4omJ2","privKey":"qKktUr21pq+DQur+lmXL64ctKfQ21+geXbac9KUqxnY="},"lastRemoteEphemeralKey":"BZpKdKPUDZn5lAEhae5y0/MWZBPT2rW/h7aB9NVAH1xY","previousCounter":0,"rootKey":"Vh7igX0qanWo8dsBTHJbWcjLLuqxNEGeaFtE5ZArm8M="},"indexInfo":{"baseKey":"BXqcYtJpzDtsTTAzHt4ASaSvUD2KDOadcAEiLovHV8Ql","baseKeyType":2,"closed":-1,"used":1711687478870,"created":1711687478870,"remoteIdentityKey":"BTFyT7Re2QLRQj1woajrNtjU4NUB5qdm1C94qLMvL1sK"},"_chains":{"BZpKdKPUDZn5lAEhae5y0/MWZBPT2rW/h7aB9NVAH1xY":{"chainKey":{"counter":0,"key":"Bfr7YjtRhCOPeULrY6c7iFRHPZjVIz5TqbYJ/GzhjFU="},"chainType":2,"messageKeys":{}},"Bcg81D/gc4iys8670w+lJdrJRCIthXfB93NW4bC4omJ2":{"chainKey":{"counter":-1,"key":"1+uKMn/UpGrlDKbsnl9k0TAIuxB5OAC8RLBwU/UDXRA="},"chainType":1,"messageKeys":{}}}}},"version":"v1"}