{"_sessions":{"BRcT4r/NOTSigLQp4zIKeArLSxYnvDZDnMlC2g+qs1oO":{"registrationId":1829549627,"currentRatchet":{"ephemeralKeyPair":{"pubKey":"BevhX5+15E4CE52UJ74vpea+lWTcl8Fkmk4Kqavp8QxQ","privKey":"OKNs+0A7/Q9ILETFOsf4+4GocgjpESygk6f8NhU0Ikg="},"lastRemoteEphemeralKey":"BclA6Kwwsa//UPbJPodj4VCu/W3eRksTf7GCSkG8G+0O","previousCounter":0,"rootKey":"H0aAhpN4g72jbcHtnDixzw6jSnAkQ5mNjczmFd1i3Os="},"indexInfo":{"baseKey":"BRcT4r/NOTSigLQp4zIKeArLSxYnvDZDnMlC2g+qs1oO","baseKeyType":2,"closed":-1,"used":1711685243695,"created":1711685243695,"remoteIdentityKey":"BSQ/8sw4JxWoA0UJi7ekjQIYEbXVkFTP7Ev/HmSW1c8A"},"_chains":{"BclA6Kwwsa//UPbJPodj4VCu/W3eRksTf7GCSkG8G+0O":{"chainKey":{"counter":0,"key":"izFWSgcPjjD1gr3s/6+7PRBzkUfrGY11Tk4hhR2xOPk="},"chainType":2,"messageKeys":{}},"BevhX5+15E4CE52UJ74vpea+lWTcl8Fkmk4Kqavp8QxQ":{"chainKey":{"counter":-1,"key":"OQQNaV+MfDPUaAgEqltA6CIj/uv65CwAjDfcD54RSLo="},"chainType":1,"messageKeys":{}}}}},"version":"v1"}