{"_sessions":{"BS1vrVGt+g1V1d66rMvdXmJtovrzaZejxrf5ZvHDBOdo":{"registrationId":724718458,"currentRatchet":{"ephemeralKeyPair":{"pubKey":"BeDkgpvOcDElwhIQc09rZcFE0emEc8qA7i0NhV0fG48c","privKey":"2M656FDc37bLzPFAy8lk2N3D6pEbUSLDxRD8WDHOVkg="},"lastRemoteEphemeralKey":"BREwW9KmamtIxY+07GxZgX9pxJuw2+EYk991lRveBJcw","previousCounter":0,"rootKey":"AVJ5at0LO5w7K16QrCKL/Um+rqpsue39ilyzbPP7kjk="},"indexInfo":{"baseKey":"BS1vrVGt+g1V1d66rMvdXmJtovrzaZejxrf5ZvHDBOdo","baseKeyType":1,"closed":-1,"used":1711684400310,"created":1711684400310,"remoteIdentityKey":"BUJTJS3VrN5gTxIHHxtXMjcwWPRX1+pi6dzewqiaAI46"},"_chains":{"BeDkgpvOcDElwhIQc09rZcFE0emEc8qA7i0NhV0fG48c":{"chainKey":{"counter":2,"key":"uUlAo/ugDg/9S9iYegptS+4gl1JGmbR5Et5AoShJyy8="},"chainType":1,"messageKeys":{}}},"pendingPreKey":{"signedKeyId":0,"baseKey":"BS1vrVGt+g1V1d66rMvdXmJtovrzaZejxrf5ZvHDBOdo"}}},"version":"v1"}