{"_sessions":{"BXWjr9J8rdjWcoMY12A3zfwDxP0/2AhyH6sDdvaoapYk":{"registrationId":1693013553,"currentRatchet":{"ephemeralKeyPair":{"pubKey":"BSZYg+MTKfd5t8sq2BnBqucv/xq7SWBaq8ZmYx5n04gd","privKey":"qPlFqBTp8kMLVCDXyIsXtAd7MGaQh2X+80MCFPgMmkw="},"lastRemoteEphemeralKey":"BSGJYzo2oDUxNoiQh9fEz+Lf5YxLta4oSjkL/ke/6b93","previousCounter":0,"rootKey":"GFMMwBwq55qgYVB96nL627C3ft3BEXWsoi0LZIhuwAk="},"indexInfo":{"baseKey":"BXWjr9J8rdjWcoMY12A3zfwDxP0/2AhyH6sDdvaoapYk","baseKeyType":2,"closed":-1,"used":1711685822724,"created":1711685822724,"remoteIdentityKey":"BckXapP4E1maQFlTnVYeZXMbx/uj0NQNflnWwf/PeAlS"},"_chains":{"BSGJYzo2oDUxNoiQh9fEz+Lf5YxLta4oSjkL/ke/6b93":{"chainKey":{"counter":0,"key":"cTftnvqnjv3xKj9di8nBH3pE1HoSfbxuKD0WNocfJJw="},"chainType":2,"messageKeys":{}},"BSZYg+MTKfd5t8sq2BnBqucv/xq7SWBaq8ZmYx5n04gd":{"chainKey":{"counter":-1,"key":"e9HUveRAt+YfWeZHOZLZ6ywDIj7J49uFRbHGathf2lc="},"chainType":1,"messageKeys":{}}}}},"version":"v1"}