{"_sessions":{"Bb7G/BEHYdn6kNDbWtbbIrWNXVcf5vravSWZ+14iYcpe":{"registrationId":1551241801,"currentRatchet":{"ephemeralKeyPair":{"pubKey":"BV6eK0bZl5FqeSzjSNwDeaQ+GUnwHFkgSJE6wm9NGZ8k","privKey":"kITKdgMq9AlG7SIg/6/tsbNU8eJLMbry0fWlSuBgf0g="},"lastRemoteEphemeralKey":"BU6qZsfEamI7gp4mshxdsPDj8FxkSvQ9TUyELiJfX1Al","previousCounter":0,"rootKey":"AB1XLvm62AP0o2Zz2YDT5WWKcJ9I6nfE9dEivN3EcbE="},"indexInfo":{"baseKey":"Bb7G/BEHYdn6kNDbWtbbIrWNXVcf5vravSWZ+14iYcpe","baseKeyType":2,"closed":-1,"used":1711685881892,"created":1711685881892,"remoteIdentityKey":"BXTLZZeX9Ko/zz9t4tlX/3hiMmdfzSVctQJd/op79Hsr"},"_chains":{"BU6qZsfEamI7gp4mshxdsPDj8FxkSvQ9TUyELiJfX1Al":{"chainKey":{"counter":1,"key":"gq00AlEdvXP6EcsLzcgkDI84QkjghrJHx9t5boSk4K0="},"chainType":2,"messageKeys":{}},"BV6eK0bZl5FqeSzjSNwDeaQ+GUnwHFkgSJE6wm9NGZ8k":{"chainKey":{"counter":-1,"key":"emeFCVyXKMBnRGeKYpNcwS1l2+3oKLAwWiSuLg0eYoY="},"chainType":1,"messageKeys":{}}}}},"version":"v1"}