{"_sessions":{"BfnDbMN4Cfm3VGsm0DkfxtIWpM9agbS2eYJlZEKWKqg2":{"registrationId":1428017611,"currentRatchet":{"ephemeralKeyPair":{"pubKey":"BaYNFhoZFqZcC3zzCsPqDUbr4xqmh5w5hOOt2oCJaFwT","privKey":"YA99mlptWItkockYlTh6/HfWhSstTpWu9BpE40niF0Y="},"lastRemoteEphemeralKey":"BR/K3QBnlcFIGR77J1IdmCnr/DxhNzIJIguSwQ47k34K","previousCounter":0,"rootKey":"/phaARH2lEM/AK+8gzlxOxxJme2uk8okaf81AnEqMUs="},"indexInfo":{"baseKey":"BfnDbMN4Cfm3VGsm0DkfxtIWpM9agbS2eYJlZEKWKqg2","baseKeyType":1,"closed":-1,"used":1711684400014,"created":1711684400014,"remoteIdentityKey":"BSFp0ll2EmwqPh2+enaTh5wfJIUQo27T1eA7h9nB6LlB"},"_chains":{"BaYNFhoZFqZcC3zzCsPqDUbr4xqmh5w5hOOt2oCJaFwT":{"chainKey":{"counter":2,"key":"U0QsYYHNVV47ZkAKV4Rl+hzFjHLX1/zBytf8ulQksKI="},"chainType":1,"messageKeys":{}}},"pendingPreKey":{"signedKeyId":0,"baseKey":"BfnDbMN4Cfm3VGsm0DkfxtIWpM9agbS2eYJlZEKWKqg2","preKeyId":15882505}}},"version":"v1"}