{"_sessions":{"Bd/1rTpFJ+HSewYJZ9mbHbRSQ8d2lLwrmsSZNCBdc/t7":{"registrationId":4221,"currentRatchet":{"ephemeralKeyPair":{"pubKey":"BeUuhSK6Yv2rriZKF/iwzA4rJxzjNd0RRje8mISV9tMS","privKey":"aOsY5q58RjO6i92EX0LCDTTnnBe3FrLsQZO5CgqkMFY="},"lastRemoteEphemeralKey":"BUb89FX2bLBCUeR/+haCkDITSCgAN13q09vyLXB69nAe","previousCounter":0,"rootKey":"uSr1MvMm6rVymeWW5/qadhMpnPGWsK6mqWmtPjlqUp4="},"indexInfo":{"baseKey":"Bd/1rTpFJ+HSewYJZ9mbHbRSQ8d2lLwrmsSZNCBdc/t7","baseKeyType":1,"closed":-1,"used":1711684398127,"created":1711684398127,"remoteIdentityKey":"BSAUYK1TfeaDoNvsxqE9B5WBagLi30m+GtrHkPOjk8FZ"},"_chains":{"BeUuhSK6Yv2rriZKF/iwzA4rJxzjNd0RRje8mISV9tMS":{"chainKey":{"counter":2,"key":"0PRRgb8CVcW2EJ9PvOnjBIeAUfKRb30JfgMj6sZbO3s="},"chainType":1,"messageKeys":{}}},"pendingPreKey":{"signedKeyId":1,"baseKey":"Bd/1rTpFJ+HSewYJZ9mbHbRSQ8d2lLwrmsSZNCBdc/t7"}}},"version":"v1"}