{"_sessions":{"BUenxHl3jtQzvH004IQN0UYou195IxJABUbr076Q0LUt":{"registrationId":149021303,"currentRatchet":{"ephemeralKeyPair":{"pubKey":"BRO+BbBitfiMl9VmCmvzpshGMhhXfq0964CSK0eki2EI","privKey":"CH5BXz+uHcWnT/K08bzwWtivgseqFOs7/ael/xYLvVE="},"lastRemoteEphemeralKey":"BYdirwJu/0MUV1QcIfeGAs06ct4fjOpW0qxIrDum81od","previousCounter":0,"rootKey":"wlRYxd5M1J50A3Ao6hArVNF5iStKn0/HQ9aKFWvM2+4="},"indexInfo":{"baseKey":"BUenxHl3jtQzvH004IQN0UYou195IxJABUbr076Q0LUt","baseKeyType":1,"closed":-1,"used":1711684400648,"created":1711684400648,"remoteIdentityKey":"BTSHqAaXKB/xTVs8cL7NNXU8kPgkBLXF0UaS6nIa9JAl"},"_chains":{"BRO+BbBitfiMl9VmCmvzpshGMhhXfq0964CSK0eki2EI":{"chainKey":{"counter":2,"key":"Z3FJIIGxMxKK/ZNflJE+Dj9LAnPvSbJrDBPwBZwR1fs="},"chainType":1,"messageKeys":{}}},"pendingPreKey":{"signedKeyId":8,"baseKey":"BUenxHl3jtQzvH004IQN0UYou195IxJABUbr076Q0LUt","preKeyId":4512382}}},"version":"v1"}