{"_sessions":{"BZAZDw121m5/8tbL8rLB81n35oi88OWO+xjSqpLNk95d":{"registrationId":574638361,"currentRatchet":{"ephemeralKeyPair":{"pubKey":"BaDXUnmNpLY9v9o3rxm60jVL36npnZ3sIOZ214jPHH5J","privKey":"6M+tyuJNjvqaUVjHfhoaR9kVd8y2uap4A1FSO/WPl08="},"lastRemoteEphemeralKey":"BakVrrKZorVfHLt0gsRsF2fGSYyRUB0LXc9Mr8BZa0Es","previousCounter":0,"rootKey":"wDn2/Z3coYn+m3+AF1NUQIa+vi8EtrFDM0h1131MpOo="},"indexInfo":{"baseKey":"BZAZDw121m5/8tbL8rLB81n35oi88OWO+xjSqpLNk95d","baseKeyType":2,"closed":-1,"used":1711688562825,"created":1711688562825,"remoteIdentityKey":"BfPmfDfY6JBQqE7gn/cfs9EX6z0yJqeD0cVqWn1wCx8G"},"_chains":{"BakVrrKZorVfHLt0gsRsF2fGSYyRUB0LXc9Mr8BZa0Es":{"chainKey":{"counter":0,"key":"xFDgskfia5DBuJB+qb6plXDrr755kI1TzkBifHOG+6o="},"chainType":2,"messageKeys":{}},"BaDXUnmNpLY9v9o3rxm60jVL36npnZ3sIOZ214jPHH5J":{"chainKey":{"counter":-1,"key":"483YzqwNrOIXZYPKT9DwPb9C4BKV1Qurcm6iZ73M2rU="},"chainType":1,"messageKeys":{}}}}},"version":"v1"}