{"_sessions":{"BSvp9zAHvd2lplFkrob5FobhUuMWSFmd8mS3EV87XzFG":{"registrationId":1787662214,"currentRatchet":{"ephemeralKeyPair":{"pubKey":"BV5Vn9m2klucpmDorDzZeZz2MDv/GDeENbjGKNFThNwm","privKey":"MOtAqWQzvYDb3fgnrjfZClzXT/Ph/9gftPP7IwEPJFs="},"lastRemoteEphemeralKey":"BYuTF72QBLP1nfvu5xqlz/YrULAKsuyv2VvJgUEb+SZA","previousCounter":0,"rootKey":"tWSnWOwQO32DJi9XsrZUjzA/ofV3EtRGw3KK4tbGmw0="},"indexInfo":{"baseKey":"BSvp9zAHvd2lplFkrob5FobhUuMWSFmd8mS3EV87XzFG","baseKeyType":2,"closed":-1,"used":1711687492134,"created":1711687492134,"remoteIdentityKey":"BZM1Wzjq2iIe36eOP7vDZVWr4FNoHMmBXxOQ90drDtUw"},"_chains":{"BYuTF72QBLP1nfvu5xqlz/YrULAKsuyv2VvJgUEb+SZA":{"chainKey":{"counter":2,"key":"lMNJ3MpV2xErgjRvHqRTtcEI1qJJ9RAVMuYHObZhVCI="},"chainType":2,"messageKeys":{}},"BV5Vn9m2klucpmDorDzZeZz2MDv/GDeENbjGKNFThNwm":{"chainKey":{"counter":-1,"key":"p6Kj8Tbai0lTGfQGJKA0tsDx6VqvtE4+czBMPP4whSY="},"chainType":1,"messageKeys":{}}}}},"version":"v1"}