{"_sessions":{"BaIGClgXu64Dt07vZ3wlMNmLLMiWzzJAQ1RBiH7KoCwx":{"registrationId":369366575,"currentRatchet":{"ephemeralKeyPair":{"pubKey":"Bd+b37Nq7EK4/y9B7NlMOxWOC7fsdn0zmjkeTgEBd1QD","privKey":"EBvZP+jD684GR6aMRRhxTSUrhRIJ4dRQ6Pc5GkV360A="},"lastRemoteEphemeralKey":"Ba9m/sqcvjyMK5P7g9X6UeaZclGJo1MJA0k4Q+fJGbxe","previousCounter":0,"rootKey":"KM0YNnMMX9W/IKfC8teT7mptgx+vY2WEInVdirVEfc0="},"indexInfo":{"baseKey":"BaIGClgXu64Dt07vZ3wlMNmLLMiWzzJAQ1RBiH7KoCwx","baseKeyType":1,"closed":-1,"used":1711684401131,"created":1711684401131,"remoteIdentityKey":"BQROLKHacS/1UZRTwDoX/NGOYZlx7MLbjKpdAsdcy2Fl"},"_chains":{"Bd+b37Nq7EK4/y9B7NlMOxWOC7fsdn0zmjkeTgEBd1QD":{"chainKey":{"counter":2,"key":"sxbk67K51aWT2QSZLtjfxWuImuDmRDF2lUz5IpqEro0="},"chainType":1,"messageKeys":{}}},"pendingPreKey":{"signedKeyId":5,"baseKey":"BaIGClgXu64Dt07vZ3wlMNmLLMiWzzJAQ1RBiH7KoCwx","preKeyId":16164936}}},"version":"v1"}