{"_sessions":{"BbYYRBRE488/1nrWji/Mw/0Pdtg+g7rTjNLQitUz3w4c":{"registrationId":451657164,"currentRatchet":{"ephemeralKeyPair":{"pubKey":"Bdf8PSadsb906wzdhyFPDkFYj3g64CTxaaxdQsk/yxNg","privKey":"CJneMHirRYvlVCr91FrEFqgXAMSbgzk02L9GoW6osW4="},"lastRemoteEphemeralKey":"BVAx2U4CO98Du0Qbcz5UupzzXNsXiUBsduDxHDzNUMsk","previousCounter":0,"rootKey":"VbdWAJw/9BXFwsIPT8y8yLykNaMxgS2UJkcoec/56SI="},"indexInfo":{"baseKey":"BbYYRBRE488/1nrWji/Mw/0Pdtg+g7rTjNLQitUz3w4c","baseKeyType":2,"closed":-1,"used":1711685612781,"created":1711685612781,"remoteIdentityKey":"BbNl0dOyAtKEcu26s6HM5ARQ8VSKJIIUumxfGasn/IFk"},"_chains":{"BVAx2U4CO98Du0Qbcz5UupzzXNsXiUBsduDxHDzNUMsk":{"chainKey":{"counter":4,"key":"xIAnibGI7rDYIlT2BLF+GBztecNSkgOMjCCs87OD1NQ="},"chainType":2,"messageKeys":{}},"Bdf8PSadsb906wzdhyFPDkFYj3g64CTxaaxdQsk/yxNg":{"chainKey":{"counter":-1,"key":"NKtmw3X99FYTEZh2E1+mG+ZAWBqGBloHQAn1ooDQFbc="},"chainType":1,"messageKeys":{}}}}},"version":"v1"}