{"_sessions":{"BZl41J05WOy59FfVlpzTamydleCg+4OisxqTrR9Ds6ZU":{"registrationId":186251203,"currentRatchet":{"ephemeralKeyPair":{"pubKey":"BVKY72pHu/93OKrbUR7tBJI+Pv/cwDN76EJyQSGhausR","privKey":"4EDzXUFodD7Eqt7kAvK1jxzTDB6z8JPwq0O/j8QxqGc="},"lastRemoteEphemeralKey":"Bb3eYAYTEY0vdwucvmdXO3t9D5GHp+b/m57p3o4+qylx","previousCounter":0,"rootKey":"N+HOp0H9FWHqW+D2/SpkRcsYNdk/eK9ZzjZF1Ixt3dg="},"indexInfo":{"baseKey":"BZl41J05WOy59FfVlpzTamydleCg+4OisxqTrR9Ds6ZU","baseKeyType":1,"closed":-1,"used":1711684398533,"created":1711684398533,"remoteIdentityKey":"Bfb6+brzg/gavuzx1Ech9AzWlgQXnaS+vNaqiX08Vm82"},"_chains":{"BVKY72pHu/93OKrbUR7tBJI+Pv/cwDN76EJyQSGhausR":{"chainKey":{"counter":2,"key":"1gIcB2xDo324s3CLiJXi5t3zuQ9vIzNj/62kbbB6j2s="},"chainType":1,"messageKeys":{}}},"pendingPreKey":{"signedKeyId":13,"baseKey":"BZl41J05WOy59FfVlpzTamydleCg+4OisxqTrR9Ds6ZU","preKeyId":5456432}}},"version":"v1"}