{"_sessions":{"BU+DGCZJxaCDFa2L5ChClk6JAhAjRO+io8JQDgER3NZB":{"registrationId":1532715313,"currentRatchet":{"ephemeralKeyPair":{"pubKey":"BfTC4Mp3dZhkz70JnufpAnrbfcaSrzwLWbL0v9cU4+pG","privKey":"uPqSKJpj6PrqMjimCcPrrvyF55Dd96XspBQE1gTZ7GM="},"lastRemoteEphemeralKey":"BUQgVrG2IM5Xna45td3OOLnibtvHiBAgb4mM/PL+rLwO","previousCounter":0,"rootKey":"GjTQktiWhJGIPc4UaWUDpMvWJ3xM9OId02WVOYAQkko="},"indexInfo":{"baseKey":"BU+DGCZJxaCDFa2L5ChClk6JAhAjRO+io8JQDgER3NZB","baseKeyType":1,"closed":-1,"used":1711684401242,"created":1711684401242,"remoteIdentityKey":"BezQtjWxDagJ5p4d3MWBYtGHQYOmw88mclfgqxwntaNB"},"_chains":{"BfTC4Mp3dZhkz70JnufpAnrbfcaSrzwLWbL0v9cU4+pG":{"chainKey":{"counter":2,"key":"Y9KxLDWqEJtasqsOc2Cy0vtnvSZUMDbBexYQW8825ms="},"chainType":1,"messageKeys":{}}},"pendingPreKey":{"signedKeyId":5,"baseKey":"BU+DGCZJxaCDFa2L5ChClk6JAhAjRO+io8JQDgER3NZB","preKeyId":8295392}}},"version":"v1"}