{"_sessions":{"BXpjoHKLzRMsgtXfhk+zR+hRRImKxnBZZyuxF+gV6vZ4":{"registrationId":1494883176,"currentRatchet":{"ephemeralKeyPair":{"pubKey":"Bbi9MZoVA3cTlc1WB+WMZoDpj2ye8SC8QDzPMkLI2jkR","privKey":"KE/rrBztUEQs//QmYwWzr9mx5vvQAO4VyVWAr+GoZ3U="},"lastRemoteEphemeralKey":"BUBHv7Xs8xwfdqCg6Rqc6l7DnKt4FFmIcQSzqIqTZtwJ","previousCounter":0,"rootKey":"83Gv22rHt42RoztYXGdqsBL1WNUwg80xBBD2gcI2TTA="},"indexInfo":{"baseKey":"BXpjoHKLzRMsgtXfhk+zR+hRRImKxnBZZyuxF+gV6vZ4","baseKeyType":1,"closed":-1,"used":1711684399300,"created":1711684399300,"remoteIdentityKey":"BdM0l50k6WuOow6sctrBC+XAAJoTm6P/s9VCtvP3kUBX"},"_chains":{"Bbi9MZoVA3cTlc1WB+WMZoDpj2ye8SC8QDzPMkLI2jkR":{"chainKey":{"counter":2,"key":"bDtrXtc9GL8juvuUYLgirj+wh92NHHRE67e+nmBff2k="},"chainType":1,"messageKeys":{}}},"pendingPreKey":{"signedKeyId":1,"baseKey":"BXpjoHKLzRMsgtXfhk+zR+hRRImKxnBZZyuxF+gV6vZ4","preKeyId":9350010}}},"version":"v1"}