{"_sessions":{"Bcu02dO4+crdoE28QXKUvyVa8j5A3z9PJX0OWeyzSuds":{"registrationId":1695894482,"currentRatchet":{"ephemeralKeyPair":{"pubKey":"BVlrpAyMKfjgQ+1g2eIU9nsiSDEc8DqSkAa3tLa9G59a","privKey":"QNsH7LP+QC1DzpUOmmIXOMtOWsafHAKL3ltQATfUMmo="},"lastRemoteEphemeralKey":"BUXFKH+GnLKzpOtdDW/YL/c7k6KgtFGgKi91jFY5CUVS","previousCounter":0,"rootKey":"ZWipPd2cZpP3TbiWkPoODNQDNpudFeAv2qNdSBRUfnw="},"indexInfo":{"baseKey":"Bcu02dO4+crdoE28QXKUvyVa8j5A3z9PJX0OWeyzSuds","baseKeyType":1,"closed":-1,"used":1711684400403,"created":1711684400403,"remoteIdentityKey":"BW5YezNGfk3gIYJHs7ZRv3lfU507BL6UiRRMPSWTKm4S"},"_chains":{"BVlrpAyMKfjgQ+1g2eIU9nsiSDEc8DqSkAa3tLa9G59a":{"chainKey":{"counter":2,"key":"Wds0H75sW+dh2TmnMLFtN/MyEQKtwSWPirmrlD17aBU="},"chainType":1,"messageKeys":{}}},"pendingPreKey":{"signedKeyId":0,"baseKey":"Bcu02dO4+crdoE28QXKUvyVa8j5A3z9PJX0OWeyzSuds","preKeyId":5687037}}},"version":"v1"}