{"_sessions":{"BU0CDsKd/5Ida2f6O5F9GMaCeaz7XvLEDoFRsIk3FbIM":{"registrationId":1681717240,"currentRatchet":{"ephemeralKeyPair":{"pubKey":"BXkXYxrN6LRNM2xvLzBzatunqLakmVTYCPFnIEOM82wD","privKey":"IBF8OM4JGpKu2GZafAhuSeuZQnYaRb+Oec2DFYCZ31Y="},"lastRemoteEphemeralKey":"Be/qlS9HOYgjAvQUdcXZoJU10iwpRoXJWjRNh37gKi9h","previousCounter":0,"rootKey":"ZrkmkE4/k122Lie7ycuf8GoxhS0nsEexaqpG0LMorYo="},"indexInfo":{"baseKey":"BU0CDsKd/5Ida2f6O5F9GMaCeaz7XvLEDoFRsIk3FbIM","baseKeyType":1,"closed":-1,"used":1711684398031,"created":1711684398031,"remoteIdentityKey":"BchueKWuYG+8Pw8oIrqTNelawD3ZEEEDgMRU6zJnRPwx"},"_chains":{"BXkXYxrN6LRNM2xvLzBzatunqLakmVTYCPFnIEOM82wD":{"chainKey":{"counter":2,"key":"updtz3qZv6sjfX90E60ZxwJ4In/fbhH78BY8RUvz0Zc="},"chainType":1,"messageKeys":{}}},"pendingPreKey":{"signedKeyId":0,"baseKey":"BU0CDsKd/5Ida2f6O5F9GMaCeaz7XvLEDoFRsIk3FbIM"}}},"version":"v1"}