{"_sessions":{"BYKsCrQCI6hzwLCvgFZp4759Epn9qEaCPm7k+YUIPCVC":{"registrationId":2116162898,"currentRatchet":{"ephemeralKeyPair":{"pubKey":"Be7CG2nSYIG5HDis4B8OpkJVdFwyG/iF6+cq3CqXPnBm","privKey":"uDHTAm+Y5cyzjwWJSKLLxyFOqjsQjOjuKQtI65+zTU0="},"lastRemoteEphemeralKey":"BQ4QbhrvMpA5k3nw0FEx3bcL0/mlb46FTtyCE3OHQt5v","previousCounter":0,"rootKey":"T5+B565Eegcky83cxHlKUNCsdgbQ1lqvOBj3B9NcAjA="},"indexInfo":{"baseKey":"BYKsCrQCI6hzwLCvgFZp4759Epn9qEaCPm7k+YUIPCVC","baseKeyType":1,"closed":-1,"used":1711684400431,"created":1711684400431,"remoteIdentityKey":"BTIKuxhSyPrpJhBDet8q/bt2A08NfcjfGrukSAZkk28+"},"_chains":{"Be7CG2nSYIG5HDis4B8OpkJVdFwyG/iF6+cq3CqXPnBm":{"chainKey":{"counter":2,"key":"Se+sfQXsYlBnSdS12wG17GRpSIanAaxHtZ66Vpzbwzo="},"chainType":1,"messageKeys":{}}},"pendingPreKey":{"signedKeyId":1,"baseKey":"BYKsCrQCI6hzwLCvgFZp4759Epn9qEaCPm7k+YUIPCVC","preKeyId":15972094}}},"version":"v1"}