{"_sessions":{"BfdFoYrbfKW1h/MuesBjqeLyBIPizk15UD9txu5bOj0V":{"registrationId":2029263762,"currentRatchet":{"ephemeralKeyPair":{"pubKey":"BYqdwO2BW0PP8kun+J0KA4uoBLpw+zB9/9o6BiUqWwtd","privKey":"IEpIk1JAYTphpbhPh444t7n/ZFxhfLdFCz7kPC/cClU="},"lastRemoteEphemeralKey":"BXc/jII79oq2q3fF6WZXg3usW/CeHuTCZigvvrIfHaBx","previousCounter":0,"rootKey":"LGqtOe5g5kjc/Fov6S/yenJT3KMcwymQkleKvAf559c="},"indexInfo":{"baseKey":"BfdFoYrbfKW1h/MuesBjqeLyBIPizk15UD9txu5bOj0V","baseKeyType":1,"closed":-1,"used":1711684401710,"created":1711684401710,"remoteIdentityKey":"BfJofm6Clcnjaiwc6OIHK+DvWaJEM537cTawSNBEpF06"},"_chains":{"BYqdwO2BW0PP8kun+J0KA4uoBLpw+zB9/9o6BiUqWwtd":{"chainKey":{"counter":2,"key":"oGahf9yMECXcrOaIgcDKk3kV80dPD2zKzpjZr5yI6jk="},"chainType":1,"messageKeys":{}}},"pendingPreKey":{"signedKeyId":4,"baseKey":"BfdFoYrbfKW1h/MuesBjqeLyBIPizk15UD9txu5bOj0V","preKeyId":14974569}}},"version":"v1"}