{"_sessions":{"BTuwvO8DiuCuAhHLzfXwu5NoVr/ZIufnsoEenJaVAek6":{"registrationId":607460264,"currentRatchet":{"ephemeralKeyPair":{"pubKey":"BUwSuC/wT5hZIwly1Co/VhqSElBQCO+ETHjFNbLtK2JZ","privKey":"iCPxhEPK9pB+E8zfL2gGV2IlNYtHBsJwwIsbuVqtrFM="},"lastRemoteEphemeralKey":"BSzH837yAP22zT/WHmINjYXlK4KhTlinrVjYSiZ4cQ5d","previousCounter":0,"rootKey":"xW4GXyqZ7PvK47lQS+Q2Msalc2hOFhJyz2bPlm0KZRw="},"indexInfo":{"baseKey":"BTuwvO8DiuCuAhHLzfXwu5NoVr/ZIufnsoEenJaVAek6","baseKeyType":1,"closed":-1,"used":1711684398403,"created":1711684398403,"remoteIdentityKey":"BRw7LNion9ive+URLFGkhYXC+PvmxCHDbUbDpW3gw0Rx"},"_chains":{"BUwSuC/wT5hZIwly1Co/VhqSElBQCO+ETHjFNbLtK2JZ":{"chainKey":{"counter":2,"key":"KcGxLjvDdKQ89YpRfjHwqhE8tOnr0PyKM1TyOef6MGs="},"chainType":1,"messageKeys":{}}},"pendingPreKey":{"signedKeyId":1,"baseKey":"BTuwvO8DiuCuAhHLzfXwu5NoVr/ZIufnsoEenJaVAek6"}}},"version":"v1"}