{"_sessions":{"BYL6a8DEykO3N6H+CQWNkXp6snL3g3Nb4RbrukLiEPZ/":{"registrationId":550411067,"currentRatchet":{"ephemeralKeyPair":{"pubKey":"BRmYKcxsxMm6m9XTm5CLtaZjNsGUWg46ljYEfez3uFZu","privKey":"0JRvdCdoKeAVvaTMP7w1TB8R69k0Yv9t71a+RIC3M2A="},"lastRemoteEphemeralKey":"BRNsD2jW2O9+xGoqMzrsvKCgAiE0TAAyY7ddlHn4PRor","previousCounter":0,"rootKey":"PB9GHy5UO3TXZJv87uYl85HbYANpE5b3lN6cWPC5Ik8="},"indexInfo":{"baseKey":"BYL6a8DEykO3N6H+CQWNkXp6snL3g3Nb4RbrukLiEPZ/","baseKeyType":1,"closed":-1,"used":1711684399023,"created":1711684399023,"remoteIdentityKey":"BcrRWXC6eCpOsHHQqEdoxEvppNLyBMluqSONZeteYDZi"},"_chains":{"BRmYKcxsxMm6m9XTm5CLtaZjNsGUWg46ljYEfez3uFZu":{"chainKey":{"counter":2,"key":"liPaWtidiU0J879vqLoBHQe1QuQyNW7LLapt5mTNe2E="},"chainType":1,"messageKeys":{}}},"pendingPreKey":{"signedKeyId":3,"baseKey":"BYL6a8DEykO3N6H+CQWNkXp6snL3g3Nb4RbrukLiEPZ/","preKeyId":1410800}}},"version":"v1"}