{"_sessions":{"BQiQ2ImvjuamhQbXG/XNXvJIG4E92CU4wgZihy4ohiRF":{"registrationId":1425218687,"currentRatchet":{"ephemeralKeyPair":{"pubKey":"BTPW1NMTAwS9CKdD9ua/WlJg+W5adCFAIPuiKYRErXFm","privKey":"MGLN02Sv2ol2N+HAdADwY+0p8Z/x0lmR5IUu+tr+71E="},"lastRemoteEphemeralKey":"BT4Hcw0s9pCqhWpXgy/dWF0VEW/oh45OiHIYP7MQ+wJR","previousCounter":0,"rootKey":"C11chkuH4E9hB/k/Wq+Uk/hJsakyyLgvY4cPl0IIkSM="},"indexInfo":{"baseKey":"BQiQ2ImvjuamhQbXG/XNXvJIG4E92CU4wgZihy4ohiRF","baseKeyType":2,"closed":-1,"used":1711688929517,"created":1711688929517,"remoteIdentityKey":"BVexP73Gb9Lk/ddwCVNmRtDvW8ELmPc4krAs14kTheIq"},"_chains":{"BT4Hcw0s9pCqhWpXgy/dWF0VEW/oh45OiHIYP7MQ+wJR":{"chainKey":{"counter":0,"key":"hEKdnamY3vSwxsCFdhWHIRqqcJxLfMVw7nGdDc7Q7V8="},"chainType":2,"messageKeys":{}},"BTPW1NMTAwS9CKdD9ua/WlJg+W5adCFAIPuiKYRErXFm":{"chainKey":{"counter":-1,"key":"4NrUlH7y+lVmrWodj7TTS5Dnk1hRg4I36JOypUipkd0="},"chainType":1,"messageKeys":{}}}}},"version":"v1"}