{"_sessions":{"BZLRWUXwyDSW7pHCgvm/sPRu1tJnKUBxInv0dxYWQ2lm":{"registrationId":783125683,"currentRatchet":{"ephemeralKeyPair":{"pubKey":"BVhGzlIv7US59POdGXSxcjRQFDkSkzpLWdoXE2jQ6MFt","privKey":"SDR2gvPEUaNdyn6sbr2jMfmZJdpdYo0gG9XSKW8lUFQ="},"lastRemoteEphemeralKey":"BZ46sL5kAqHw2W29M8gxcLaKSu4wkGLplFLHFKpezwds","previousCounter":0,"rootKey":"kPOAp7uU13pZfCiyMyM86hv+GpvFB0sW/NU4If2y6AY="},"indexInfo":{"baseKey":"BZLRWUXwyDSW7pHCgvm/sPRu1tJnKUBxInv0dxYWQ2lm","baseKeyType":2,"closed":-1,"used":1711687776246,"created":1711687776246,"remoteIdentityKey":"BRWy5AAmARcBiDk1+WW/6OTAPKeu1BRp47JEgtz8EPxu"},"_chains":{"BZ46sL5kAqHw2W29M8gxcLaKSu4wkGLplFLHFKpezwds":{"chainKey":{"counter":0,"key":"37JDR8xRJQ/xA69iKZBgdbs29MisxbQu4HQ6Vtd1Qb8="},"chainType":2,"messageKeys":{}},"BVhGzlIv7US59POdGXSxcjRQFDkSkzpLWdoXE2jQ6MFt":{"chainKey":{"counter":-1,"key":"dpnj0I8iMSHnX2fIFdMwbBH6r/F/r8/B+xFqCx/logo="},"chainType":1,"messageKeys":{}}}}},"version":"v1"}