{"_sessions":{"BSJDNgWVyA+Cbdtt4CUhdv1RH6pb6iqw7n+ZoRksDCF5":{"registrationId":1477777824,"currentRatchet":{"ephemeralKeyPair":{"pubKey":"BfOFqIOfyw2a3gcVfb0tzT7uhGu2I1rsA0nJh/u2oXFH","privKey":"CA4SMnxNKZJhw+p2etHuDCNKtOsGqQv0JVy0mZz0X3I="},"lastRemoteEphemeralKey":"Bc3l/MxfFzOh80yQmkAaPtqxurqXa+xMnInvUhQft8xV","previousCounter":0,"rootKey":"8E79n6sStHl3O+zKbRl724cbTWf89nv4vwM3X41jTJg="},"indexInfo":{"baseKey":"BSJDNgWVyA+Cbdtt4CUhdv1RH6pb6iqw7n+ZoRksDCF5","baseKeyType":1,"closed":-1,"used":1711684398140,"created":1711684398140,"remoteIdentityKey":"BUIz2kAadijBlohbvJ3rhq+OxYrKo+9Olyqc/rSN5S1D"},"_chains":{"BfOFqIOfyw2a3gcVfb0tzT7uhGu2I1rsA0nJh/u2oXFH":{"chainKey":{"counter":2,"key":"jHIsAEKHlU7Abnuq0vbeW6Q2Nz6sm8vLP+/47i0N1YI="},"chainType":1,"messageKeys":{}}},"pendingPreKey":{"signedKeyId":0,"baseKey":"BSJDNgWVyA+Cbdtt4CUhdv1RH6pb6iqw7n+ZoRksDCF5","preKeyId":4797723}}},"version":"v1"}