{"_sessions":{"BRr+1s9QbatLI4M//pEB8sNUKh/Q1WEmN7aq8n7Zj0hV":{"registrationId":454654734,"currentRatchet":{"ephemeralKeyPair":{"pubKey":"BYei9cDsInLuewP3qpcPa7Zm0PYD1Icn0pWJd9kJ4IM3","privKey":"kILvqzMpPSFL8+8VNKclN0nihBW8aprBU2qCAWCZZ38="},"lastRemoteEphemeralKey":"BRJSZmYcBMzLm0Xds3YJ+djss3Z8LTwJv1nFHrHSyZRh","previousCounter":0,"rootKey":"YJo/NNDFNKBTqCLsHH6zFt0/H1bsHdwmixBTPVjJMFw="},"indexInfo":{"baseKey":"BRr+1s9QbatLI4M//pEB8sNUKh/Q1WEmN7aq8n7Zj0hV","baseKeyType":1,"closed":-1,"used":1711684453872,"created":1711684398515,"remoteIdentityKey":"BcxM8HB+2Xot4iqu47NOu6SjoJNXSsVFIDUwZefTWAhx"},"_chains":{"BRJSZmYcBMzLm0Xds3YJ+djss3Z8LTwJv1nFHrHSyZRh":{"chainKey":{"counter":0,"key":"Xsu1Ndp15EDmxPHwLWjGGGKG0Nz9LKXdw17cpqzokkg="},"chainType":2,"messageKeys":{}},"BYei9cDsInLuewP3qpcPa7Zm0PYD1Icn0pWJd9kJ4IM3":{"chainKey":{"counter":1,"key":"8BP/4nSJjyOimGW8VrOUYZ5b8Wt5HLDiuQLvbidFIX0="},"chainType":1,"messageKeys":{}}}}},"version":"v1"}