{"_sessions":{"Bc5BoBbQ1WjMtXZjegZdf2U7hYWspeUtBr0A1cPqhBtr":{"registrationId":1806249260,"currentRatchet":{"ephemeralKeyPair":{"pubKey":"BdH4PssKKxWe46bfTJw55WLYaEzCi0XfdEgrFhIj3XYq","privKey":"EFSBD/SwTRK4YgOJTlaD1UtU2XXvXBoXvqY8pY4pCH4="},"lastRemoteEphemeralKey":"BTR3m9SerhrN7xeH9UQSUlEW5oQpZle8TqEa+T1UoNMi","previousCounter":0,"rootKey":"3IHUaQQUpw2M5qg2wIFxc/hWmioA8paH/Pv/ALBwOrM="},"indexInfo":{"baseKey":"Bc5BoBbQ1WjMtXZjegZdf2U7hYWspeUtBr0A1cPqhBtr","baseKeyType":2,"closed":-1,"used":1711687755479,"created":1711687755479,"remoteIdentityKey":"BYs3P0NdkXn7RxY33mKXBaeNn7NQwVM2s/S3LPdx2pBs"},"_chains":{"BTR3m9SerhrN7xeH9UQSUlEW5oQpZle8TqEa+T1UoNMi":{"chainKey":{"counter":0,"key":"wPgdfJuynSNNKOFd3yVVpPeAYpMYM8ePxBExqpdB0Zg="},"chainType":2,"messageKeys":{}},"BdH4PssKKxWe46bfTJw55WLYaEzCi0XfdEgrFhIj3XYq":{"chainKey":{"counter":-1,"key":"JAKTiIDuJdNXCV1Tk6srvmc0e9MmJYR2xkKMfhUlx6k="},"chainType":1,"messageKeys":{}}}}},"version":"v1"}