{"_sessions":{"Be8z4SiCb8vzXr6qL8LbmLbll1GsgZJF4HUcwat4ceVI":{"registrationId":156208354,"currentRatchet":{"ephemeralKeyPair":{"pubKey":"BcqJbogsjnuZ1VetYfJpKLUhQ5G7DBszroKtInxdCQ9h","privKey":"GHhfxp8etmGNyosEUP/Rpy5h/ydth9hFnWi6pdeygmc="},"lastRemoteEphemeralKey":"BTo8bDPfmILz8WfVJPG1ctS4Z4x/uf/UzOFThKrwzD1V","previousCounter":0,"rootKey":"iTUnOOz6g9ltYHxsnb0jYO8awx2cWTEba1DApRdxsMQ="},"indexInfo":{"baseKey":"Be8z4SiCb8vzXr6qL8LbmLbll1GsgZJF4HUcwat4ceVI","baseKeyType":2,"closed":-1,"used":1711687433916,"created":1711687433916,"remoteIdentityKey":"BZ4QZrhIPx3IZaREjag0rhA0ENQSF777Oo+83q9IZxx2"},"_chains":{"BTo8bDPfmILz8WfVJPG1ctS4Z4x/uf/UzOFThKrwzD1V":{"chainKey":{"counter":0,"key":"GUcTu0VMmLMyjiUtTi7cuUVNzx1QSVJ4a/z2Q1QGe4Q="},"chainType":2,"messageKeys":{}},"BcqJbogsjnuZ1VetYfJpKLUhQ5G7DBszroKtInxdCQ9h":{"chainKey":{"counter":-1,"key":"LBjIKDvLjX8F2VKjOQ3qekP8PunGu9mJvl5gER/a5fI="},"chainType":1,"messageKeys":{}}}}},"version":"v1"}