{"_sessions":{"BRrBeIjOYPFAcUMcF64KRZv5ZKpvZdI4MAQAEWangEFD":{"registrationId":608347443,"currentRatchet":{"ephemeralKeyPair":{"pubKey":"BcnLNzbAHI5Rhiu06B1qYUhR+BqN9NpJpCvngfdLxnw+","privKey":"+GJK/36NJG/O8Hpz31ipDNkaHIaJnRkyeaHrd13XGVQ="},"lastRemoteEphemeralKey":"BVtNgN8p02AsEFdriwbnnQqjaciHmvQHxPDbq3qXSo8O","previousCounter":0,"rootKey":"+EyMP07E+KO4Bx5Iy67xfK0lcObjcslMYKtV/hXQXQ4="},"indexInfo":{"baseKey":"BRrBeIjOYPFAcUMcF64KRZv5ZKpvZdI4MAQAEWangEFD","baseKeyType":1,"closed":-1,"used":1711684401002,"created":1711684401002,"remoteIdentityKey":"BWb+e0dSEfBbiIW08465LwcrNA+VTSrsZ96q2UJYWX8D"},"_chains":{"BcnLNzbAHI5Rhiu06B1qYUhR+BqN9NpJpCvngfdLxnw+":{"chainKey":{"counter":2,"key":"H6JVA4wL1+iB/uOt4UOcwkHwm9JSst9enAqLSfBIee4="},"chainType":1,"messageKeys":{}}},"pendingPreKey":{"signedKeyId":7,"baseKey":"BRrBeIjOYPFAcUMcF64KRZv5ZKpvZdI4MAQAEWangEFD","preKeyId":13622283}}},"version":"v1"}