{"_sessions":{"BeC6njvSFDAThGE3uyB3O/SEIE0DuI3ou5YaF9YnoclH":{"registrationId":242390359,"currentRatchet":{"ephemeralKeyPair":{"pubKey":"Bbrur5FUZUoUcpxkjwhM/7EINlj+E/gOfm47bw+rmz9A","privKey":"CDcPG0S/sCuIzb+xDrsrmDQDyS9r4XvEQ+/+6RJg+H8="},"lastRemoteEphemeralKey":"BSUnTgm+83bLWaPkNqGeD3lkqeTqCVuv5c82hmcxxTx+","previousCounter":0,"rootKey":"FjW4iHa2/eFOSfn4QSAXgMoUk1558IPJk6AOYlSvvxE="},"indexInfo":{"baseKey":"BeC6njvSFDAThGE3uyB3O/SEIE0DuI3ou5YaF9YnoclH","baseKeyType":1,"closed":-1,"used":1711684325605,"created":1711684325605,"remoteIdentityKey":"BYCmIzjnkJexVH4HKPCEIaiqv9Q62JXRRXCvc+snbwUW"},"_chains":{"Bbrur5FUZUoUcpxkjwhM/7EINlj+E/gOfm47bw+rmz9A":{"chainKey":{"counter":5,"key":"jopBiM9RekkI6zwY311BZtaa9Gf+dJzpjEZy5eFoavQ="},"chainType":1,"messageKeys":{}}},"pendingPreKey":{"signedKeyId":4,"baseKey":"BeC6njvSFDAThGE3uyB3O/SEIE0DuI3ou5YaF9YnoclH","preKeyId":12804731}}},"version":"v1"}