{"_sessions":{"BYe0TuDLvpd1mVvPq77SSgvXusxEoaOc0Ghd6lj5bQcJ":{"registrationId":535566464,"currentRatchet":{"ephemeralKeyPair":{"pubKey":"BWTxsArE90tK0uwThoOQLi1fFB4EhBKRyCqDApF84fwl","privKey":"QBT2owkf8whyAwQcdmem4FT6YqASVQ8wf7ejMSz9vWo="},"lastRemoteEphemeralKey":"BUi+6ShPuy0QP4pFzmYmE6S+dczWwsG9NEAXDIIOxPYs","previousCounter":0,"rootKey":"TB2b9ThkwFYVZZaJPT2phzYowcP3WM9/sY1RL5tQruc="},"indexInfo":{"baseKey":"BYe0TuDLvpd1mVvPq77SSgvXusxEoaOc0Ghd6lj5bQcJ","baseKeyType":2,"closed":-1,"used":1711687663183,"created":1711687663183,"remoteIdentityKey":"BTVrVxtlnoB010o+iTESkqqg3+FCm8cgWjUOqACtxzVT"},"_chains":{"BUi+6ShPuy0QP4pFzmYmE6S+dczWwsG9NEAXDIIOxPYs":{"chainKey":{"counter":0,"key":"rr/cK18d5BjeiZVlhDmxrCJf6D0OxKKuPTfBv102szw="},"chainType":2,"messageKeys":{}},"BWTxsArE90tK0uwThoOQLi1fFB4EhBKRyCqDApF84fwl":{"chainKey":{"counter":-1,"key":"LYttXf33FvndtcEmKB/6H1wCzirPUKwDOkHpwNTliPE="},"chainType":1,"messageKeys":{}}}}},"version":"v1"}