{"_sessions":{"BRmlWKNaipd7mhaIWcITF72T26IqBJzzPUjGBBPMKRxc":{"registrationId":836254959,"currentRatchet":{"ephemeralKeyPair":{"pubKey":"BXMP3nX8U3n9PSwR8Y7fwvzQsf72bwdiArYNfHhHJ48V","privKey":"8IHc1CrzVh1DEmc4mHPhO1dSkDIizQ5KEkU0EdM3vW8="},"lastRemoteEphemeralKey":"BUp69b/Twdjnjukc/Y4HWaIrfgajqj9xHEy6PkkeLrFY","previousCounter":0,"rootKey":"JOeJv49s1pHldx4J9bkhJguqdPQ7IDL2or0yXKHbLnw="},"indexInfo":{"baseKey":"BRmlWKNaipd7mhaIWcITF72T26IqBJzzPUjGBBPMKRxc","baseKeyType":2,"closed":-1,"used":1711687266979,"created":1711687266979,"remoteIdentityKey":"BXgXrOEEeAffzpHI7HdSxv+AQbytwGo9zPtPGiOLwcA1"},"_chains":{"BUp69b/Twdjnjukc/Y4HWaIrfgajqj9xHEy6PkkeLrFY":{"chainKey":{"counter":0,"key":"mFFhYkZdeYvO9dLJPr8icD/eprTOfcuGOoXInLLBCsM="},"chainType":2,"messageKeys":{}},"BXMP3nX8U3n9PSwR8Y7fwvzQsf72bwdiArYNfHhHJ48V":{"chainKey":{"counter":-1,"key":"xCJYmM7Zbqq0Z23OW6TqG8jHTiRMJ34ULBVkgrfV8i0="},"chainType":1,"messageKeys":{}}}}},"version":"v1"}