{"_sessions":{"BU4XmmTC7vtMWxWSN8u8uBrrAwS/KtmEnzkXxhWez2Qn":{"registrationId":233094756,"currentRatchet":{"ephemeralKeyPair":{"pubKey":"Bd57FThsvmOg6Ku0JPXUhKNKgaKU+b4sJnYuaZ63D9BL","privKey":"uH4J/i6zMSgBJjlO1c5V59bzdkdX6bFQB53ItmdyFmM="},"lastRemoteEphemeralKey":"BWgE4dcK7wqAvWCi/+/sJH0KFp4BJKSQGrNvevlmSgNo","previousCounter":0,"rootKey":"IrNSRWcwOC1pq4UPpn8iGsTRW5EfRrwSH4ivOOq6yx8="},"indexInfo":{"baseKey":"BU4XmmTC7vtMWxWSN8u8uBrrAwS/KtmEnzkXxhWez2Qn","baseKeyType":1,"closed":-1,"used":1711684401542,"created":1711684401542,"remoteIdentityKey":"BUDcAOUdg7A6PUnV/oWaRIHqXkgzYtzYZJPuvfWwi0Bo"},"_chains":{"Bd57FThsvmOg6Ku0JPXUhKNKgaKU+b4sJnYuaZ63D9BL":{"chainKey":{"counter":2,"key":"qyx8wk5QXvk+N+FQGmNDi6uHZchnc1QyDWzOSf3d15k="},"chainType":1,"messageKeys":{}}},"pendingPreKey":{"signedKeyId":0,"baseKey":"BU4XmmTC7vtMWxWSN8u8uBrrAwS/KtmEnzkXxhWez2Qn"}}},"version":"v1"}