{"_sessions":{"BQlcVc1GIZm5uPVO9p7tG2aALnPHiHC/MnaThBkp87le":{"registrationId":701135985,"currentRatchet":{"ephemeralKeyPair":{"pubKey":"BaX7waPzLrlW+MS2MuMjDd9dt4PMA8F+lONgVTOkgpVa","privKey":"6NLinamFC7Ter/BHyIsAmGQoEB/Fb/LNKCOGvisT93k="},"lastRemoteEphemeralKey":"BbFQr8ucWfbJ5kFrH0oMBLZM8tGg06ZBeJIygleClWdd","previousCounter":0,"rootKey":"uwU8MPlhr+zmx7/xoRMvD7njvONNSpYFyMSu38l/3IA="},"indexInfo":{"baseKey":"BQlcVc1GIZm5uPVO9p7tG2aALnPHiHC/MnaThBkp87le","baseKeyType":1,"closed":-1,"used":1711684400708,"created":1711684400708,"remoteIdentityKey":"BV5Kib4wZrzs0cI0+y7J+w/AaDp3bi0n9++JABz4gy5s"},"_chains":{"BaX7waPzLrlW+MS2MuMjDd9dt4PMA8F+lONgVTOkgpVa":{"chainKey":{"counter":2,"key":"WaGY3eXOFxU9rXWHCne6MsPFPqB/+scCSuwCsQ5mxUc="},"chainType":1,"messageKeys":{}}},"pendingPreKey":{"signedKeyId":1,"baseKey":"BQlcVc1GIZm5uPVO9p7tG2aALnPHiHC/MnaThBkp87le","preKeyId":7466713}}},"version":"v1"}