{"_sessions":{"BbatZHn6AFvF2PUgJl223grMYiCk1d7g2NwV3AHZNj5/":{"registrationId":797728683,"currentRatchet":{"ephemeralKeyPair":{"pubKey":"BZ7fFoc64Iaq1XMTGY2yF0yKlwYr0Y2KbKfgTmXt2zQc","privKey":"EIhBiAJthxgQBzQGyTGgI0J45O5eO6rffaGNc8SHsmY="},"lastRemoteEphemeralKey":"BSNJ7fYW2e8/1WpoftoQeWYTFi1Dfhx3aYin76d7tfBm","previousCounter":0,"rootKey":"Z7Cq763j9AOooy08j3MQMEIp+oDmNp+HOlPnUS158oQ="},"indexInfo":{"baseKey":"BbatZHn6AFvF2PUgJl223grMYiCk1d7g2NwV3AHZNj5/","baseKeyType":2,"closed":-1,"used":1711685613079,"created":1711685613079,"remoteIdentityKey":"BdvtKlYmSDFnHUnXJYzqkzvltz9hZAe40ML8HPLTej4N"},"_chains":{"BSNJ7fYW2e8/1WpoftoQeWYTFi1Dfhx3aYin76d7tfBm":{"chainKey":{"counter":1,"key":"Qoq2adwf4q0zDcRhkfM54rv+fwcsJgTXBSx8My44TbM="},"chainType":2,"messageKeys":{}},"BZ7fFoc64Iaq1XMTGY2yF0yKlwYr0Y2KbKfgTmXt2zQc":{"chainKey":{"counter":-1,"key":"RXlSPiRLMEvMwy75aN92SSBbqI79Z4D3tDY2cWuu2As="},"chainType":1,"messageKeys":{}}}}},"version":"v1"}