{"_sessions":{"BQQFSXJYI3HctfIpWjMHVlNmdICQ0Qx8VQ8o40KRr1N+":{"registrationId":1368165570,"currentRatchet":{"ephemeralKeyPair":{"pubKey":"Bd7w0kh41LI3mcoSWvTlCdIwjoSqXZRF2RrFFZleSYw3","privKey":"oBZrGnYjdDMIZmyo3eROcaV65yyOjai+GkAMREq+b1M="},"lastRemoteEphemeralKey":"BZ5/3pOiBf8vS1j/l6jrr2jca+g6D9Y0hoY6WOdZqstx","previousCounter":0,"rootKey":"27owj8xUKh7ToQDsRdvwGzg7Q0OeiVN1Pg1XlJGs68c="},"indexInfo":{"baseKey":"BQQFSXJYI3HctfIpWjMHVlNmdICQ0Qx8VQ8o40KRr1N+","baseKeyType":2,"closed":-1,"used":1711687675223,"created":1711687675223,"remoteIdentityKey":"BTE2YbBUs4G4SxA51MKmgn1NrPR3DxgTqiEMUncLTucb"},"_chains":{"BZ5/3pOiBf8vS1j/l6jrr2jca+g6D9Y0hoY6WOdZqstx":{"chainKey":{"counter":0,"key":"kupWQi8CggeuoLU9gHX7rMRE/7YYLBTduqbdYddBqF0="},"chainType":2,"messageKeys":{}},"Bd7w0kh41LI3mcoSWvTlCdIwjoSqXZRF2RrFFZleSYw3":{"chainKey":{"counter":-1,"key":"QmbUx+A64P7CmshhpjEnjdJytUuDWP4lQT1hxyQpuas="},"chainType":1,"messageKeys":{}}}}},"version":"v1"}