{"_sessions":{"BQuzcK64TnKZ5egL6J7PL4CMbL/wSXhJil0O5ryiHQU8":{"registrationId":841374436,"currentRatchet":{"ephemeralKeyPair":{"pubKey":"BajLxMahc800R2X97VYNEsD8wUNXjZNBYTavpxyYY7sn","privKey":"6H13JXrYnGm5P2E5cgANpm/tnhBlbqhrkQ/bqGKVmE8="},"lastRemoteEphemeralKey":"BUxRC5hhDhbOZuFdsNS80BtY8scaGt71olpoNFLfYko3","previousCounter":0,"rootKey":"vq/xFGwyOG9itC/GfNytMukFDh/Uvk+SJEsoP/jIAwk="},"indexInfo":{"baseKey":"BQuzcK64TnKZ5egL6J7PL4CMbL/wSXhJil0O5ryiHQU8","baseKeyType":1,"closed":-1,"used":1711684401113,"created":1711684401113,"remoteIdentityKey":"BbstekxrdGZoBH7qnWc7KElAFKlmXqhTb7GhnNzlYZgs"},"_chains":{"BajLxMahc800R2X97VYNEsD8wUNXjZNBYTavpxyYY7sn":{"chainKey":{"counter":2,"key":"ogFdA+Ty0kgqk3Q7vObQCgP8YVOxQkjQ+6QJueRfsoU="},"chainType":1,"messageKeys":{}}},"pendingPreKey":{"signedKeyId":0,"baseKey":"BQuzcK64TnKZ5egL6J7PL4CMbL/wSXhJil0O5ryiHQU8","preKeyId":8896318}}},"version":"v1"}