{"_sessions":{"BeEhGxxi5hGOnRp1r67cXPIVDOvCszT/Z6MXfdryhQUu":{"registrationId":1475335461,"currentRatchet":{"ephemeralKeyPair":{"pubKey":"BfOiCHaB5+mhB7aAu2Xb/vdDNzdk/mD42NLFBUM0sNQT","privKey":"6F5+caoUlWFvypvtXv8niILmg2X9Gjfioao9rkYHmHs="},"lastRemoteEphemeralKey":"BWIutLTUtKTh1od4P7MN/9Pk0XcwN+btPxHM7dT+OPg5","previousCounter":0,"rootKey":"dFJ8CAi1FLnhOxQWz5QAiH94sYH8PmzhJTQlLiwtfiw="},"indexInfo":{"baseKey":"BeEhGxxi5hGOnRp1r67cXPIVDOvCszT/Z6MXfdryhQUu","baseKeyType":1,"closed":-1,"used":1711684401438,"created":1711684401438,"remoteIdentityKey":"BROMWIGJuCNuJ+W3odFwDu7gGO/y35v2LV8oCASfBR1I"},"_chains":{"BfOiCHaB5+mhB7aAu2Xb/vdDNzdk/mD42NLFBUM0sNQT":{"chainKey":{"counter":2,"key":"aDHONzH9KbWTsxR6fdOF1l12yARH+jMUD5C1YXK3oW4="},"chainType":1,"messageKeys":{}}},"pendingPreKey":{"signedKeyId":0,"baseKey":"BeEhGxxi5hGOnRp1r67cXPIVDOvCszT/Z6MXfdryhQUu","preKeyId":7393270}}},"version":"v1"}