{"_sessions":{"BXt7w0KFRjbkWbQZlbZI2zh1dwFZp85TJ4dJLxXrvpkt":{"registrationId":254351492,"currentRatchet":{"ephemeralKeyPair":{"pubKey":"BRAx3WMigCiISTHeQzltkqAO+GTwksEQ2/EuJVi4y5ti","privKey":"eJRYM2RLXgdDjvjxo04gP7A5S1BrOEL9ox6HpU+8pE4="},"lastRemoteEphemeralKey":"BcBp+MFeSxbGKx0y0w8KWCG4ZqBAXbsP/9AUM8VF0pwB","previousCounter":0,"rootKey":"2VndAjyJHbyKcFN8MYCjDUzANdRjFsdSY3+hBV45TEo="},"indexInfo":{"baseKey":"BXt7w0KFRjbkWbQZlbZI2zh1dwFZp85TJ4dJLxXrvpkt","baseKeyType":1,"closed":-1,"used":1711684399633,"created":1711684399633,"remoteIdentityKey":"BaSkkLGFruCuwQrHkZzvRsMm9KCFVqxWLZ0w5Fb6SS1P"},"_chains":{"BRAx3WMigCiISTHeQzltkqAO+GTwksEQ2/EuJVi4y5ti":{"chainKey":{"counter":2,"key":"17NhKFooBqMEgkJNt04X0PQlg2oJrwMigPTXrdhLAWo="},"chainType":1,"messageKeys":{}}},"pendingPreKey":{"signedKeyId":1,"baseKey":"BXt7w0KFRjbkWbQZlbZI2zh1dwFZp85TJ4dJLxXrvpkt"}}},"version":"v1"}