{"_sessions":{"BYUX8/kNJRr3+W02Ay7cU5lSn7N4CnBw3a51f2VRZu8W":{"registrationId":1172285888,"currentRatchet":{"ephemeralKeyPair":{"pubKey":"BUrkbIj2v1UfT7jeQSDLOVBHxvXrSfvTxPbfgLVuraRC","privKey":"2DAoxqrioqr/RuFRyM3boQjEIOE6WhrBoq5cbbIJ60s="},"lastRemoteEphemeralKey":"BRz7iU7ys3jHBsmaNuWp574jgzroMv2aTJbWGcIPNE4Y","previousCounter":0,"rootKey":"QbN4663BnT6K57WwQX7ni4+lJzbxkLWl3na9/WkPG9w="},"indexInfo":{"baseKey":"BYUX8/kNJRr3+W02Ay7cU5lSn7N4CnBw3a51f2VRZu8W","baseKeyType":1,"closed":-1,"used":1711684401224,"created":1711684401224,"remoteIdentityKey":"BavmEkNiwT2VV+gHHQktYgf+6onUHR3yGeewyYBG+uY2"},"_chains":{"BUrkbIj2v1UfT7jeQSDLOVBHxvXrSfvTxPbfgLVuraRC":{"chainKey":{"counter":2,"key":"wOWLO5a4qneNZnFJU1Q44Kj9FhjBrDhSY7OW7EdGWM8="},"chainType":1,"messageKeys":{}}},"pendingPreKey":{"signedKeyId":9,"baseKey":"BYUX8/kNJRr3+W02Ay7cU5lSn7N4CnBw3a51f2VRZu8W","preKeyId":3606960}}},"version":"v1"}