{"_sessions":{"BYI0cmXZ2U9YG2WxW0KqvTIPZWA8/xC/Y+IPTrutchwj":{"registrationId":463684006,"currentRatchet":{"ephemeralKeyPair":{"pubKey":"Bd3dc5Bm20sU3/XEkRndHNFRVgTrz4OAXwJaCJWk4G53","privKey":"CB+d0qQ6HB7BAlsgjHA1Sg7r/bvp7mDcOIoqjbnW/lc="},"lastRemoteEphemeralKey":"BRnDahLbZ7lzoSaD97cYKTjxPbZEtLh1tIQpJoUaFC0A","previousCounter":0,"rootKey":"auItprk/tBK9HCUw33sjkrvAsC4A8nmbbi4Ltvmqr4Y="},"indexInfo":{"baseKey":"BYI0cmXZ2U9YG2WxW0KqvTIPZWA8/xC/Y+IPTrutchwj","baseKeyType":1,"closed":-1,"used":1711684398640,"created":1711684398640,"remoteIdentityKey":"BfrLNyFn2qHy4TJ2S9jGu++NLnKExWHdJCbCMWE+nDp6"},"_chains":{"Bd3dc5Bm20sU3/XEkRndHNFRVgTrz4OAXwJaCJWk4G53":{"chainKey":{"counter":2,"key":"6n+x5KHQBl6ySKsriuFbHQArBEW02o7Fja2lyZaYj84="},"chainType":1,"messageKeys":{}}},"pendingPreKey":{"signedKeyId":8,"baseKey":"BYI0cmXZ2U9YG2WxW0KqvTIPZWA8/xC/Y+IPTrutchwj","preKeyId":1788244}}},"version":"v1"}