{"_sessions":{"BdfV06QeGV4fMEwGclQLsAf4Y2hpK7vIxN+X3UCcBJtH":{"registrationId":1000906727,"currentRatchet":{"ephemeralKeyPair":{"pubKey":"Bajh4afWletiwBDg7jJfGHurtT+5jOktbMgDQhglkiVf","privKey":"8Cv2tmqlp/lu06tfk21lY7RgJ0N3ef4ecg6mgt3RAVs="},"lastRemoteEphemeralKey":"BazRBfzyA4SvFjZ3FY9DNYYJrlQOZ9nK3FquY1hQym8v","previousCounter":0,"rootKey":"L3t9PycitY1LFOy99cr7HTVq5MrPqzMQGVa+dmIy2Bs="},"indexInfo":{"baseKey":"BdfV06QeGV4fMEwGclQLsAf4Y2hpK7vIxN+X3UCcBJtH","baseKeyType":1,"closed":-1,"used":1711684398325,"created":1711684398325,"remoteIdentityKey":"BdjgUBGdErLcDL0Qtcgr/e2Xu9BogAAxlzSIBbRMV4Nn"},"_chains":{"Bajh4afWletiwBDg7jJfGHurtT+5jOktbMgDQhglkiVf":{"chainKey":{"counter":2,"key":"zzj5y6v+yqyDIdeXfBddxKfRQuwieyFGWPrk7yxPvp4="},"chainType":1,"messageKeys":{}}},"pendingPreKey":{"signedKeyId":1,"baseKey":"BdfV06QeGV4fMEwGclQLsAf4Y2hpK7vIxN+X3UCcBJtH"}}},"version":"v1"}