{"_sessions":{"BVPrx0CJAeCIDTutzxVIgS8Zm3XSKzxsm/IakS78ErVP":{"registrationId":1621508868,"currentRatchet":{"ephemeralKeyPair":{"pubKey":"BRdA5RtHZ5xni7lNY0sUpO85EGhFpfrtzdluVTPV5X9Q","privKey":"IHbf6iYmOyM33CUcUfwIVAo+/372ooIQjjvQUCaxWEs="},"lastRemoteEphemeralKey":"BVoMp/t+dMThs0hdmiZr/vC7SU1FxeF4Fl4qhqkdwntl","previousCounter":0,"rootKey":"Uo454vQrsGwmYCjApfUaWCv1L3V6Gta/75QLgji7ROs="},"indexInfo":{"baseKey":"BVPrx0CJAeCIDTutzxVIgS8Zm3XSKzxsm/IakS78ErVP","baseKeyType":2,"closed":-1,"used":1711688755922,"created":1711688755922,"remoteIdentityKey":"BaXJ2udT6rWykjKQqaWPX8aiUHOhkFt81BH/7k+MdDUe"},"_chains":{"BVoMp/t+dMThs0hdmiZr/vC7SU1FxeF4Fl4qhqkdwntl":{"chainKey":{"counter":0,"key":"F783VGN4O5ZfpCsppt29sCEapjYrYju5FQlOt/EWhho="},"chainType":2,"messageKeys":{}},"BRdA5RtHZ5xni7lNY0sUpO85EGhFpfrtzdluVTPV5X9Q":{"chainKey":{"counter":-1,"key":"cqDuTGesMUKuANf+cHhWQhi6AtpRrbZj+OfrcDje2kk="},"chainType":1,"messageKeys":{}}}}},"version":"v1"}