{"_sessions":{"BTop9JsKr2yfO3wNfHFe3Io+ETdJauJgfoO9ieQjs5po":{"registrationId":899806663,"currentRatchet":{"ephemeralKeyPair":{"pubKey":"BexQSZ6rzxstUjKKpsbLJQ5joXVLQ123f6ScH6t2hsNx","privKey":"8LGIxVZEE5KfmEz/B/7Nn3VBPU1vCnLEtnuQcDWkImI="},"lastRemoteEphemeralKey":"BVHlId3pcgPgElNbqi9EYdWs3pm1hWu73ZvcPccMVYEk","previousCounter":0,"rootKey":"fje9QNrGZ7O0BL5/oA+HGSeoR/ITQVl2U+QW7BdjALY="},"indexInfo":{"baseKey":"BTop9JsKr2yfO3wNfHFe3Io+ETdJauJgfoO9ieQjs5po","baseKeyType":1,"closed":-1,"used":1711684399403,"created":1711684399403,"remoteIdentityKey":"BRIBrjNkvMu3cChYPIYmSMMOp0rKnOo21yXkNUuZVBAb"},"_chains":{"BexQSZ6rzxstUjKKpsbLJQ5joXVLQ123f6ScH6t2hsNx":{"chainKey":{"counter":2,"key":"Ai2AtvSbflivq1AjMH+GwZ0J4EYMs3OljuTrMsI+ojA="},"chainType":1,"messageKeys":{}}},"pendingPreKey":{"signedKeyId":0,"baseKey":"BTop9JsKr2yfO3wNfHFe3Io+ETdJauJgfoO9ieQjs5po","preKeyId":13763785}}},"version":"v1"}