{"_sessions":{"BaK1dlBBGuOGQIx0ZnZtJnp9x1MIJUubBlJ5BfVhflhf":{"registrationId":522424840,"currentRatchet":{"ephemeralKeyPair":{"pubKey":"BUwk5qm0QdTyCgZ9xNW532GNIVi9JCwGH/YaR81UHt47","privKey":"yF7ayNGSf0fgwF0Wk/dMBlklnual5mCoDvNtfaa+QFg="},"lastRemoteEphemeralKey":"BWdKXAB0mgZn9jcctve4njKBCSguSKNfoX/smgOJUT5P","previousCounter":0,"rootKey":"YQfNKZ168ZTONdBuYmBv4uiXbtTp2J8/2A+vlhqCbNg="},"indexInfo":{"baseKey":"BaK1dlBBGuOGQIx0ZnZtJnp9x1MIJUubBlJ5BfVhflhf","baseKeyType":1,"closed":-1,"used":1711684400128,"created":1711684400128,"remoteIdentityKey":"BejpWvgj1qZw9SugejGY5/VkZjW4+egp4wIf1cphzxpD"},"_chains":{"BUwk5qm0QdTyCgZ9xNW532GNIVi9JCwGH/YaR81UHt47":{"chainKey":{"counter":2,"key":"5NUu5w0y8/xt07p8+kVOhXYoJxnfV1Xzqcplo5vTyGw="},"chainType":1,"messageKeys":{}}},"pendingPreKey":{"signedKeyId":1,"baseKey":"BaK1dlBBGuOGQIx0ZnZtJnp9x1MIJUubBlJ5BfVhflhf"}}},"version":"v1"}