{"_sessions":{"BZy3TBkHBX+9wUjoOSNPfg7XPl7aMdtl5ezVe6H8bo1X":{"registrationId":551046849,"currentRatchet":{"ephemeralKeyPair":{"pubKey":"BfANaRK7MtSd4CyLEWV75cxiOkfOWYtqwlD4CnaZdZ5R","privKey":"iOReD53Y0C/jVtDuZjIpwoCDlng5L8tj0sHpBL1j+XM="},"lastRemoteEphemeralKey":"BZx1d0aDd/lZJuxhoa4JujXM4K8aOo0dkmFc8o9DB6gU","previousCounter":0,"rootKey":"h9IBuQJirvc9T6hCm05sk0ZM444i9jM6dW92T1LXTX4="},"indexInfo":{"baseKey":"BZy3TBkHBX+9wUjoOSNPfg7XPl7aMdtl5ezVe6H8bo1X","baseKeyType":1,"closed":-1,"used":1711684398917,"created":1711684398917,"remoteIdentityKey":"BQAGMz4zozauiLBME/p+3ZWc+rv8msAM+WP9tONpO78H"},"_chains":{"BfANaRK7MtSd4CyLEWV75cxiOkfOWYtqwlD4CnaZdZ5R":{"chainKey":{"counter":2,"key":"PpEwXA2mfW8k5sTn32Jhv/b1KjYy8HWtYW0h7I+rna8="},"chainType":1,"messageKeys":{}}},"pendingPreKey":{"signedKeyId":10,"baseKey":"BZy3TBkHBX+9wUjoOSNPfg7XPl7aMdtl5ezVe6H8bo1X","preKeyId":15327499}}},"version":"v1"}