{"_sessions":{"BTlI2QXzWXaxWxF0ybqDIVz6HB8fVJwd0nCwJojLE41A":{"registrationId":1966511994,"currentRatchet":{"ephemeralKeyPair":{"pubKey":"BcTDYT24df88DKKOsDeyYXpE1/Xim49P8QvXRvGcN0xz","privKey":"qPnCzPRvfru98maewlmBYSn3HuwksT8o2T7+sGOHYnc="},"lastRemoteEphemeralKey":"BQ0gMiEWmbYMK3G6X0azaGcsKK0O2/NcKulsIAnkEaha","previousCounter":0,"rootKey":"fSYC0TrilkkoaHDqMoKNkZzyPb6J+ja0e1ASTnBmrXE="},"indexInfo":{"baseKey":"BTlI2QXzWXaxWxF0ybqDIVz6HB8fVJwd0nCwJojLE41A","baseKeyType":1,"closed":-1,"used":1711684400135,"created":1711684400135,"remoteIdentityKey":"BdMbI13MybPE51a7TgtXvGXxfU07V1Fi11qGCNQeh35r"},"_chains":{"BcTDYT24df88DKKOsDeyYXpE1/Xim49P8QvXRvGcN0xz":{"chainKey":{"counter":2,"key":"yeK8xVPXisiVOSW3GKz6o4tikvfu3wxSbfoibTflfwc="},"chainType":1,"messageKeys":{}}},"pendingPreKey":{"signedKeyId":2,"baseKey":"BTlI2QXzWXaxWxF0ybqDIVz6HB8fVJwd0nCwJojLE41A"}}},"version":"v1"}