{"_sessions":{"BT7vyv1maGuIa0wbrEl3wN+PwqUWtDbQsOygPWq1et5J":{"registrationId":1920347555,"currentRatchet":{"ephemeralKeyPair":{"pubKey":"BZSmSwRTWg4D+/oGJN32spAQ2WQO9eWlx3jfeuBpKFww","privKey":"iLQOi1e+MEk8Q9aQ7EPmkLvzOke+ZyC6pMtUwvuhLVk="},"lastRemoteEphemeralKey":"BbZpS29vSj8ehuSxE7IRImy3GE8FLIqXyI0Dlr05Bfk0","previousCounter":0,"rootKey":"tQrnsvTWUpSn0CTTdF2DJT0QfTtXYcJlkONv82VwIFo="},"indexInfo":{"baseKey":"BT7vyv1maGuIa0wbrEl3wN+PwqUWtDbQsOygPWq1et5J","baseKeyType":1,"closed":-1,"used":1711684398928,"created":1711684398928,"remoteIdentityKey":"BfcG5BqMk5UQttzoD1qnFKmTh2yYlBLHNYPxfmSqyU84"},"_chains":{"BZSmSwRTWg4D+/oGJN32spAQ2WQO9eWlx3jfeuBpKFww":{"chainKey":{"counter":2,"key":"tkfNQhao3ger1ORMp0aMPUzWTn48UFiJ5Z3eG57oTVk="},"chainType":1,"messageKeys":{}}},"pendingPreKey":{"signedKeyId":15,"baseKey":"BT7vyv1maGuIa0wbrEl3wN+PwqUWtDbQsOygPWq1et5J","preKeyId":1403348}}},"version":"v1"}