{"_sessions":{"BW1hAs/ebbXzlqVsmoN130tG3N/uhqZNY1fIuSmoHxx1":{"registrationId":682440658,"currentRatchet":{"ephemeralKeyPair":{"pubKey":"BYNs24L/e1P5Fsm4AVUqox8lVEw3RTEFBJDCWCMi/S9a","privKey":"eLuWo38q9TcTOC+H6IMXhq1FdEvKRicVz5fKbxSh1H8="},"lastRemoteEphemeralKey":"BfDVZV8nF45vNrmsQJhMsaRV6mq4pDtsx8fSn09SVUo0","previousCounter":0,"rootKey":"5HSkP+/xt8n2tPJQGlOjgM+UOHBWL1iiEX8srpldLUA="},"indexInfo":{"baseKey":"BW1hAs/ebbXzlqVsmoN130tG3N/uhqZNY1fIuSmoHxx1","baseKeyType":1,"closed":-1,"used":1711684400533,"created":1711684400533,"remoteIdentityKey":"Ba9lKo0y7KBOD1UZw9uLYVdgmO6tyfH6HsF/kmCLtudd"},"_chains":{"BYNs24L/e1P5Fsm4AVUqox8lVEw3RTEFBJDCWCMi/S9a":{"chainKey":{"counter":2,"key":"oLkkTTlWlozX6BYbqqVZS83KTfOlteD8qo3HagHJvWU="},"chainType":1,"messageKeys":{}}},"pendingPreKey":{"signedKeyId":7,"baseKey":"BW1hAs/ebbXzlqVsmoN130tG3N/uhqZNY1fIuSmoHxx1","preKeyId":12116952}}},"version":"v1"}