{"_sessions":{"Bfm0bkSyui3MqV7OBz7AHciUuSbEKvzil76j8PFpv49H":{"registrationId":577423855,"currentRatchet":{"ephemeralKeyPair":{"pubKey":"BZbllSwmircPZSWvqVTsq2+cCY1hMOyZtrzmskhhKM8k","privKey":"SPZDzOtL48dZEw+COE2Tw/qO/0PwkjgLTLi6w1J5TH4="},"lastRemoteEphemeralKey":"BaNUv6aJ5wgUnYmEwR3YNsIgyWOPeoaC+O4HGOUeNUEm","previousCounter":0,"rootKey":"ovLvBRL9SWPTMD/qKP1GIzXh8u2xszihGz+EnaFXm7A="},"indexInfo":{"baseKey":"Bfm0bkSyui3MqV7OBz7AHciUuSbEKvzil76j8PFpv49H","baseKeyType":1,"closed":-1,"used":1711684401338,"created":1711684401338,"remoteIdentityKey":"BfC37KHZsSimMXZ/5fpnakPAa2oImvwgBkzCVZzgmOVT"},"_chains":{"BZbllSwmircPZSWvqVTsq2+cCY1hMOyZtrzmskhhKM8k":{"chainKey":{"counter":2,"key":"zl2Ug9VmxUrb5MRZrJ2mC1nvXgLbCNGXQCHuYq1nvxE="},"chainType":1,"messageKeys":{}}},"pendingPreKey":{"signedKeyId":1,"baseKey":"Bfm0bkSyui3MqV7OBz7AHciUuSbEKvzil76j8PFpv49H","preKeyId":8332741}}},"version":"v1"}