{"_sessions":{"BYzADbW4r+G7oPnw/f5niTgKbmzY1NOOOMQQzFVk4wh3":{"registrationId":1231224830,"currentRatchet":{"ephemeralKeyPair":{"pubKey":"BXCUpmJ5UTym2fWZvWju6MJR43UWdqYlaSibb8ISaeFX","privKey":"cLirURSu12QqVZji3//QIJ1IzGj4S0BjYOe7XFe141g="},"lastRemoteEphemeralKey":"BaSjrsiMARbp9z2qgORvRSNNjrWlJFJXnWGf1hOBeU8P","previousCounter":0,"rootKey":"vqQ/2hc2F1FhSl0p3nzJxPA+jFUqYT98K5dqYXaOh60="},"indexInfo":{"baseKey":"BYzADbW4r+G7oPnw/f5niTgKbmzY1NOOOMQQzFVk4wh3","baseKeyType":1,"closed":-1,"used":1711684399618,"created":1711684399618,"remoteIdentityKey":"BcJAUIG3OZRIGHlpy0lwcdwo45TFyaqZeHLSVdvvOgka"},"_chains":{"BXCUpmJ5UTym2fWZvWju6MJR43UWdqYlaSibb8ISaeFX":{"chainKey":{"counter":2,"key":"Raj3ExpLWNcGA7xrwTxTTnyBUgn9m1bzyLf3fhN7CbU="},"chainType":1,"messageKeys":{}}},"pendingPreKey":{"signedKeyId":1,"baseKey":"BYzADbW4r+G7oPnw/f5niTgKbmzY1NOOOMQQzFVk4wh3"}}},"version":"v1"}