{"_sessions":{"BZsevz1qfRtnbCbkcJPjBmVFRKUZ5TWR6kEXkD99wutg":{"registrationId":1947149581,"currentRatchet":{"ephemeralKeyPair":{"pubKey":"BXIq3jmLyewC2almtUnD2FXbmvINnBr90hCeXUdudhVB","privKey":"0KWWyJSjp5DL7sHNbgpkupf9HjqQYCL7J7oF/CcegVM="},"lastRemoteEphemeralKey":"BWaAY1KaxvRpiQ1iuuqgNUBGTj6YPKqZ1geD0pbHnPRt","previousCounter":0,"rootKey":"6NGdql3AWCpFwax03rxR7YOjwukk1q3kdSNZSl7kIyU="},"indexInfo":{"baseKey":"BZsevz1qfRtnbCbkcJPjBmVFRKUZ5TWR6kEXkD99wutg","baseKeyType":2,"closed":-1,"used":1711687958287,"created":1711687958287,"remoteIdentityKey":"BRYiWAJM2Kr5nYdZpjmL5JHZZBDVPSOJNnI0eudFyQJv"},"_chains":{"BWaAY1KaxvRpiQ1iuuqgNUBGTj6YPKqZ1geD0pbHnPRt":{"chainKey":{"counter":0,"key":"6HJE4HJkKMIJE9L0aDdIxZwhHCKbjNPPuPzjjNx6oFM="},"chainType":2,"messageKeys":{}},"BXIq3jmLyewC2almtUnD2FXbmvINnBr90hCeXUdudhVB":{"chainKey":{"counter":-1,"key":"5vLUvBj/l8RI6Aa3qSiGc7wkKSA5Q9G8zkkxEFkF4Bk="},"chainType":1,"messageKeys":{}}}}},"version":"v1"}