{"_sessions":{"BX+VNyaTz+pnnh0WcuL8u+76N7prlcisEcKgFarI9iw+":{"registrationId":1427911380,"currentRatchet":{"ephemeralKeyPair":{"pubKey":"BcqUykUu+bVumM8QFYrfulqLTG3CwBz5z3YXjZBj4wgc","privKey":"mI8ncMv77oeQ8vUzTTS6RnW1JPFwAXbiJ//UoMmornw="},"lastRemoteEphemeralKey":"BcR1Uj2E6EBB23Upo9tzjUM0rIscsI8vpMbhPh/1qa8T","previousCounter":0,"rootKey":"4hwgzaL510NUbdRSQzpFGcgMfMxdo6gDA36ZXMwTajI="},"indexInfo":{"baseKey":"BX+VNyaTz+pnnh0WcuL8u+76N7prlcisEcKgFarI9iw+","baseKeyType":2,"closed":-1,"used":1711684046020,"created":1711684046020,"remoteIdentityKey":"Bdh6btPPTyytV1UQLKXOpKnjo0nXfWVJOasRgyFEL24F"},"_chains":{"BcR1Uj2E6EBB23Upo9tzjUM0rIscsI8vpMbhPh/1qa8T":{"chainKey":{"counter":2,"key":"VEZ6p4tIE6huNp+bBBZDKCBuS2Spd9d3P/WzHLEh2zs="},"chainType":2,"messageKeys":{}},"BcqUykUu+bVumM8QFYrfulqLTG3CwBz5z3YXjZBj4wgc":{"chainKey":{"counter":-1,"key":"BYPso66f9BJzKbqGWzlsMGbDASZVxd+Vw5wAASLohy0="},"chainType":1,"messageKeys":{}}}}},"version":"v1"}