{"_sessions":{"BSR69v3fKsxZrqM4KeKBrCMvT+q6I+JODXj1Ni9U87w8":{"registrationId":1315453701,"currentRatchet":{"ephemeralKeyPair":{"pubKey":"BckcD8BCOIZBmnledHXeIfNla+Dbo6FGA3CQsEzE044N","privKey":"QPRFyV4sQqdU72Ea6DXLb6hL6Ejl3DFCgcN2emodI0E="},"lastRemoteEphemeralKey":"BcHGCFjd4ar8FvSJudzg9OP6V/z2ZDvHn+Id3hw1cWw7","previousCounter":0,"rootKey":"V1IEGVxGGX2uiGL4UOdSwkYqN5CC+OUtB0cSfwEGR9Q="},"indexInfo":{"baseKey":"BSR69v3fKsxZrqM4KeKBrCMvT+q6I+JODXj1Ni9U87w8","baseKeyType":1,"closed":-1,"used":1711684398812,"created":1711684398812,"remoteIdentityKey":"Bd+yEy2QEzSzW6Qm2vqF7DcEPWfIWgY7MKd1+WJOBxF2"},"_chains":{"BckcD8BCOIZBmnledHXeIfNla+Dbo6FGA3CQsEzE044N":{"chainKey":{"counter":2,"key":"CNCivg1MtLv2wRTZ83VMPEjHaMQRBB/y9z14T/YHYMc="},"chainType":1,"messageKeys":{}}},"pendingPreKey":{"signedKeyId":3,"baseKey":"BSR69v3fKsxZrqM4KeKBrCMvT+q6I+JODXj1Ni9U87w8","preKeyId":10516909}}},"version":"v1"}