{"_sessions":{"BTem0D8r2QnrkiNMDQ+h47VugUJGEXhspIM4dq8M93VJ":{"registrationId":320117803,"currentRatchet":{"ephemeralKeyPair":{"pubKey":"BUx8RLDDdOX1VKpKYl8exi8z6F2t7mufNWBpIpN+971G","privKey":"qCDrm+PLTKS+d1YTHdDWE/hSJ3CYQ81UOWNBRKoPXkw="},"lastRemoteEphemeralKey":"BcIOYsB9N6NapM0HehLPbhrIdkbnrLLaYLeGGvVLQusN","previousCounter":0,"rootKey":"8tgceldRJ8YBf3xpxUZ2ADXifslTiz8HHy1ReoAGfz0="},"indexInfo":{"baseKey":"BTem0D8r2QnrkiNMDQ+h47VugUJGEXhspIM4dq8M93VJ","baseKeyType":2,"closed":-1,"used":1711687391554,"created":1711687391554,"remoteIdentityKey":"BXrKuw8pHmEsizbjfVf8UrsdPqmXa3oMtqyC1SpsQ5ZJ"},"_chains":{"BcIOYsB9N6NapM0HehLPbhrIdkbnrLLaYLeGGvVLQusN":{"chainKey":{"counter":0,"key":"eEMsnaC/D2WKMVL/pbMOJCnD3u06dnvvXj3HREmEh+8="},"chainType":2,"messageKeys":{}},"BUx8RLDDdOX1VKpKYl8exi8z6F2t7mufNWBpIpN+971G":{"chainKey":{"counter":-1,"key":"bVAIWIzsbPK2m3B5T5xXPTgT0rMpGOlh/AJq/gSEFCQ="},"chainType":1,"messageKeys":{}}}}},"version":"v1"}