{"_sessions":{"BQwNIYs4S8c/6LKtJ4kZkt0dsItk2jLSI2PlaQUtP5Y8":{"registrationId":427647037,"currentRatchet":{"ephemeralKeyPair":{"pubKey":"BTVcwQxVy7JsV3awzeHGC6cqBQutmMRopEUaObC382sb","privKey":"kEZlUQ8WO+V0kwQxM18RDTEcxOCL4Wm4kO+CIWp/dVY="},"lastRemoteEphemeralKey":"Bd2NQ/92V8R8Dt4lYGHmikJqQDV6d4Tb2xpGLbEKTkd6","previousCounter":0,"rootKey":"B5OcxYg+UxQ3poxfz3JYGm40ZV9lpjLDZfJ2gK3ybwQ="},"indexInfo":{"baseKey":"BQwNIYs4S8c/6LKtJ4kZkt0dsItk2jLSI2PlaQUtP5Y8","baseKeyType":1,"closed":-1,"used":1711684398038,"created":1711684398038,"remoteIdentityKey":"BVbWIvwvoWiDQHFF0zw11RBwxVcQKbyrfGxi1yneK3Jy"},"_chains":{"BTVcwQxVy7JsV3awzeHGC6cqBQutmMRopEUaObC382sb":{"chainKey":{"counter":2,"key":"4W0t8/o0Qdl7aCba4CZrH2aA75YYoVsNcWLGSlOpztU="},"chainType":1,"messageKeys":{}}},"pendingPreKey":{"signedKeyId":0,"baseKey":"BQwNIYs4S8c/6LKtJ4kZkt0dsItk2jLSI2PlaQUtP5Y8","preKeyId":11612164}}},"version":"v1"}