{"_sessions":{"BeEaVu4ZQkZX/snXryw8z4Dq8WSlynId5cCZp043VdQ8":{"registrationId":1794656492,"currentRatchet":{"ephemeralKeyPair":{"pubKey":"BRRS2cI5/KZOL4UjjgbDfKaa8etdXmTbmCEhrzcts7BV","privKey":"YJc+Tq6y7Vd+2daVKZ9uzWBOplivJ7FmyCC0EMzCB3Q="},"lastRemoteEphemeralKey":"BYAo0CbxOTxEXygnuWut5XcK1GDJZUG9GrU88Zq9bH87","previousCounter":0,"rootKey":"qMAtEfa1quRHOgFBSGkNemNLpR4Ewn2n4SOJuQDWxis="},"indexInfo":{"baseKey":"BeEaVu4ZQkZX/snXryw8z4Dq8WSlynId5cCZp043VdQ8","baseKeyType":1,"closed":-1,"used":1711684398733,"created":1711684398733,"remoteIdentityKey":"BY5CgZh1lmGQhtQX+A8qhYMdxq/hPf5VhIAmlWZdcwku"},"_chains":{"BRRS2cI5/KZOL4UjjgbDfKaa8etdXmTbmCEhrzcts7BV":{"chainKey":{"counter":2,"key":"e7LBXC2nLK9jBuNJmASFoAFmnFe16tyuUI2IIn66es0="},"chainType":1,"messageKeys":{}}},"pendingPreKey":{"signedKeyId":6,"baseKey":"BeEaVu4ZQkZX/snXryw8z4Dq8WSlynId5cCZp043VdQ8","preKeyId":1864432}}},"version":"v1"}