{"_sessions":{"BVZOj0llH5Neeym90c6CF4rYNHUH5rkiVUYxrwVRzYFs":{"registrationId":797728683,"currentRatchet":{"ephemeralKeyPair":{"pubKey":"BSbfIcQOZrqGV2XgbcEQCNloFMqyZWqUfxWSU58AUFJH","privKey":"wMTYL5F33sKArj81oYAgAgiTTgCykUpb6qXVGxdPrH8="},"lastRemoteEphemeralKey":"BaGRzab/WZSYo3PfD5vLZg31XTj+KS/ey9zAMcstOlAI","previousCounter":0,"rootKey":"L4G78Bv9/jwirXg2QVzJeO7H81Fj/GJgt3YsR1o49I4="},"indexInfo":{"baseKey":"BVZOj0llH5Neeym90c6CF4rYNHUH5rkiVUYxrwVRzYFs","baseKeyType":2,"closed":-1,"used":1711687488797,"created":1711687488797,"remoteIdentityKey":"BdvtKlYmSDFnHUnXJYzqkzvltz9hZAe40ML8HPLTej4N"},"_chains":{"BaGRzab/WZSYo3PfD5vLZg31XTj+KS/ey9zAMcstOlAI":{"chainKey":{"counter":0,"key":"h7OIM3XlXyOVO30EnsmciqMPvdX6fFIh/eHJhsMU4z4="},"chainType":2,"messageKeys":{}},"BSbfIcQOZrqGV2XgbcEQCNloFMqyZWqUfxWSU58AUFJH":{"chainKey":{"counter":-1,"key":"xtQFhgBIEDzEY0lIAchbVJkerF13KfN3THblsXcW1JA="},"chainType":1,"messageKeys":{}}}}},"version":"v1"}