{"_sessions":{"BcB9n4ab03P14zepgToeXbJ6Zj9gk9QTszUiotB3WtFJ":{"registrationId":247855614,"currentRatchet":{"ephemeralKeyPair":{"pubKey":"BeCT4AmKmDry9sd1KYXQzWj8j/LSukkH1XUAc1z/8S8C","privKey":"MCUNym8f/uguxHa7DHv4ZXeBBmNaJQRiFjiDF/BP62M="},"lastRemoteEphemeralKey":"Bahk1HZm4lxHx2l6CsOya8qmuHWpsjGGsOZOPc/cEeoT","previousCounter":0,"rootKey":"TIghq7MTIDJcbrJ6wWz1/NjsMPO8nMJBFMF01DB1nrw="},"indexInfo":{"baseKey":"BcB9n4ab03P14zepgToeXbJ6Zj9gk9QTszUiotB3WtFJ","baseKeyType":1,"closed":-1,"used":1711684400639,"created":1711684400639,"remoteIdentityKey":"BQb2BpVO+MdPEp4QeYFx4Yq6QYJ/GfNVeHfpUPNFsxB+"},"_chains":{"BeCT4AmKmDry9sd1KYXQzWj8j/LSukkH1XUAc1z/8S8C":{"chainKey":{"counter":2,"key":"X+uwjyqioIJ8Eh+aSUu35VEwhDQP3gFwxw8rjRI66oo="},"chainType":1,"messageKeys":{}}},"pendingPreKey":{"signedKeyId":3,"baseKey":"BcB9n4ab03P14zepgToeXbJ6Zj9gk9QTszUiotB3WtFJ","preKeyId":14729323}}},"version":"v1"}