{"_sessions":{"BVyEQ2rMCCRol7PJFK3HC3d5/4Kg/ou1kpxmQ/PyrCoz":{"registrationId":166061000,"currentRatchet":{"ephemeralKeyPair":{"pubKey":"BQPyzfRhhpiD58tTFCX52pzHZ8jF2v9zkoJvZslWjDcf","privKey":"2KHBBSK7l0yIVsEPKprTl9/aTTxTnW01sV7agWosHkE="},"lastRemoteEphemeralKey":"Bdvk97coUJgPJfuUzyyE8M71DFS8il3C5v7TchNxXz8c","previousCounter":0,"rootKey":"WW1GhTK2gb6X67lg3rcmoOkZI+L7xMKMVlDxzeiHYLg="},"indexInfo":{"baseKey":"BVyEQ2rMCCRol7PJFK3HC3d5/4Kg/ou1kpxmQ/PyrCoz","baseKeyType":1,"closed":-1,"used":1711684401098,"created":1711684401098,"remoteIdentityKey":"BZa4lMDzEKUr990JCO0m6mbEsLXCQ8ZgnN+mO1drVNZc"},"_chains":{"BQPyzfRhhpiD58tTFCX52pzHZ8jF2v9zkoJvZslWjDcf":{"chainKey":{"counter":2,"key":"YfK/U3IuLCyQ0bI7VzExdqKnLfhP3RrAfNK288ACvGg="},"chainType":1,"messageKeys":{}}},"pendingPreKey":{"signedKeyId":1,"baseKey":"BVyEQ2rMCCRol7PJFK3HC3d5/4Kg/ou1kpxmQ/PyrCoz"}}},"version":"v1"}