{"_sessions":{"BS9Iy2oaoLxKPl/WKs334e3QEzkDpBwVdWN6sG8iSko8":{"registrationId":1729038541,"currentRatchet":{"ephemeralKeyPair":{"pubKey":"BU75HZ0iI4/bHoiaBaKfMXyzZHMYugYQKv3Kx4ZzCV1g","privKey":"gOzGgjrWY5HNy0VnU4yEyk+UJuGPOH75okVUfijEYm0="},"lastRemoteEphemeralKey":"BWw+I3qJ+fCDKeEBBZ1rDypTvbnqD7JgpcaltttSef8H","previousCounter":0,"rootKey":"vR11mL4NLfNqqMSNVdDMDAffVpYCN3acKesgjyvuKUY="},"indexInfo":{"baseKey":"BS9Iy2oaoLxKPl/WKs334e3QEzkDpBwVdWN6sG8iSko8","baseKeyType":1,"closed":-1,"used":1711684399418,"created":1711684399418,"remoteIdentityKey":"BUkV9JK+rqIBI5k3T3Y/xrjEDr8NH60ASMPVSkofTv5l"},"_chains":{"BU75HZ0iI4/bHoiaBaKfMXyzZHMYugYQKv3Kx4ZzCV1g":{"chainKey":{"counter":2,"key":"lk6KNnMenlvGvlCowFjXcUHUMheGSZjkV3nR+eYFPmE="},"chainType":1,"messageKeys":{}}},"pendingPreKey":{"signedKeyId":1,"baseKey":"BS9Iy2oaoLxKPl/WKs334e3QEzkDpBwVdWN6sG8iSko8"}}},"version":"v1"}