{"_sessions":{"BTfbGmWZjr6C5EABK52uCjkMsIaakRqmfWqGthVgdEAF":{"registrationId":1083397255,"currentRatchet":{"ephemeralKeyPair":{"pubKey":"BYJtUZNBM3lbuxg5IsLygEnrmCeppxtzfHkaYn9OuSB0","privKey":"KMLSseTKwM2BbRBZMAzgdFwN03pLHBnjZ2u5dwYeo1k="},"lastRemoteEphemeralKey":"BfmPTo8BVHTuFlcgkgGiMuGOxfHvi1PWusPgVbR3ZzFE","previousCounter":0,"rootKey":"4cu9mLIQC2vgkD5h20v8N87UofK/l38QLc7JR//0Nm0="},"indexInfo":{"baseKey":"BTfbGmWZjr6C5EABK52uCjkMsIaakRqmfWqGthVgdEAF","baseKeyType":2,"closed":-1,"used":1711687278273,"created":1711687278273,"remoteIdentityKey":"BRZDcqcYU851Lgr6kxY2430mwG33kePGQ5hQH0KtZaF2"},"_chains":{"BfmPTo8BVHTuFlcgkgGiMuGOxfHvi1PWusPgVbR3ZzFE":{"chainKey":{"counter":0,"key":"7xHphJ7k+tLdpHQ9g0acS0NEighGJeY1cWZ2je37NO4="},"chainType":2,"messageKeys":{}},"BYJtUZNBM3lbuxg5IsLygEnrmCeppxtzfHkaYn9OuSB0":{"chainKey":{"counter":-1,"key":"xx4l3/Hd35AhWx+G5F6kCP6KRIOfhWcwJrCQiCdYjeI="},"chainType":1,"messageKeys":{}}}}},"version":"v1"}