{"_sessions":{"BYTWLBNBdjlnqrzCIinW+mh7V+ZTJE09K7oxtlImIyUK":{"registrationId":913426849,"currentRatchet":{"ephemeralKeyPair":{"pubKey":"BWOV/OpBLGgG0c4zhF56UPs1E0YjlY17fLDRexi7U/5l","privKey":"AEhwUTX9ks0v8Insp7reiuCsvVTWFC9RecQT3C9mMFE="},"lastRemoteEphemeralKey":"BWuoc33/1uR/aD28Y1BHP4vQ7daEh0HnVoqX9cit/ZUO","previousCounter":0,"rootKey":"Ubcv+Kq//mPvNqBBr48hvaf6HoE7YleD1Fs3cAkdUaI="},"indexInfo":{"baseKey":"BYTWLBNBdjlnqrzCIinW+mh7V+ZTJE09K7oxtlImIyUK","baseKeyType":1,"closed":-1,"used":1711684400009,"created":1711684400009,"remoteIdentityKey":"BRwebwFMfNLcQ5V/YVcL45tWoA31UvSmJBVmFSHIMvNE"},"_chains":{"BWOV/OpBLGgG0c4zhF56UPs1E0YjlY17fLDRexi7U/5l":{"chainKey":{"counter":2,"key":"5N6K+M+xoK2zr9j+rmIXyRM6zThtrATkVhzX7bMbB/k="},"chainType":1,"messageKeys":{}}},"pendingPreKey":{"signedKeyId":14,"baseKey":"BYTWLBNBdjlnqrzCIinW+mh7V+ZTJE09K7oxtlImIyUK","preKeyId":15849311}}},"version":"v1"}