{"_sessions":{"BSyZeod5vix4oNpN/9KdFfJPVxccLNs6EYG+sD5o3ONX":{"registrationId":1848647094,"currentRatchet":{"ephemeralKeyPair":{"pubKey":"BRNw/HGlpTSYPMXI7uotQ1GjgwrIxifUBXeGDSAqfJQv","privKey":"qCUwdQCqBHigIGWzR5DeJD6t1Q/B8KfSMj0t6lwd+XQ="},"lastRemoteEphemeralKey":"BdQhlklMXMd7BT+xwv5+6eblnnPJlJy9ZSZOUzPpvDFj","previousCounter":2,"rootKey":"px3zn6PFRofdD5r3i7xKJJZCoi3JrSi8ZdeELWFvT/k="},"indexInfo":{"baseKey":"BSyZeod5vix4oNpN/9KdFfJPVxccLNs6EYG+sD5o3ONX","baseKeyType":1,"closed":-1,"used":1711687273216,"created":1711684398498,"remoteIdentityKey":"BYEnHuF4NUBgGlOhcbL16qjWkBleOtXEa/j960EGc9V1"},"_chains":{"BdQhlklMXMd7BT+xwv5+6eblnnPJlJy9ZSZOUzPpvDFj":{"chainKey":{"counter":0,"key":"JJUqS+bSRWa9TbdQF1IgkKG0rD77P6hyPxdIHJs2jgs="},"chainType":2,"messageKeys":{}},"BRNw/HGlpTSYPMXI7uotQ1GjgwrIxifUBXeGDSAqfJQv":{"chainKey":{"counter":-1,"key":"ISzGPI1eF2j0jwWvuKdYpJ7TQ36cxCNk4bFfuJrFRKE="},"chainType":1,"messageKeys":{}}}}},"version":"v1"}