{"_sessions":{"BfRYEL+UHhUoFMk49cDeRpQ1V6jFOLGqe3s5oc2Yh/Za":{"registrationId":918449033,"currentRatchet":{"ephemeralKeyPair":{"pubKey":"BePl6/3UHq1KpmZU3nOotRJ9KKRqgOHJLVdaYgZEBCpl","privKey":"oCiyaFbvaDpLqWJLGrzPqtLyBhhEbne9M6Jo3YTXfV8="},"lastRemoteEphemeralKey":"BcQKYW7tPZSzBRcFj22v5qWIFr7qG/H/3RlZ/mYD/CwK","previousCounter":0,"rootKey":"OmXN/MbY45NHsrz9ydOHfN75WkYuPCdL5tLUFu3kOEU="},"indexInfo":{"baseKey":"BfRYEL+UHhUoFMk49cDeRpQ1V6jFOLGqe3s5oc2Yh/Za","baseKeyType":1,"closed":1711683985411,"used":1711683984502,"created":1711683984502,"remoteIdentityKey":"BVKMRgoOUwC5oZoB8knT0jmeZt5eupA3RLabZCw9E0gc"},"_chains":{"BePl6/3UHq1KpmZU3nOotRJ9KKRqgOHJLVdaYgZEBCpl":{"chainKey":{"counter":0,"key":"hSTM+IkKZS9k+qEdIBTVwV5ZI4HvLGT7D7IW5mdjcSs="},"chainType":1,"messageKeys":{}}},"pendingPreKey":{"signedKeyId":3,"baseKey":"BfRYEL+UHhUoFMk49cDeRpQ1V6jFOLGqe3s5oc2Yh/Za","preKeyId":9432214}},"BbPg72O4FnP6Y3sETa8XJqo58iOqZlFpQrgljDd7uLdl":{"registrationId":918449033,"currentRatchet":{"ephemeralKeyPair":{"pubKey":"BcUsbWOGUYhlOy5eWpyA9XntC/jX7O6EfTROx0+vRcp9","privKey":"qMKyxt+5AO+Bx/LMnYE0afckYey28sYjmgfjI7snVUo="},"lastRemoteEphemeralKey":"Bcx73x8vsO1tKyoue1gI+Unv4+3J0VgZzomvI0ki4JwF","previousCounter":3,"rootKey":"i0OaNCHIRVfjKoDDjd0bm0BsSlct3aadepyM0c2Yf7g="},"indexInfo":{"baseKey":"BbPg72O4FnP6Y3sETa8XJqo58iOqZlFpQrgljDd7uLdl","baseKeyType":2,"closed":-1,"used":1711688941041,"created":1711683985421,"remoteIdentityKey":"BVKMRgoOUwC5oZoB8knT0jmeZt5eupA3RLabZCw9E0gc"},"_chains":{"BWbfqMnQmvBN7H69mCclDewzaS40wWGueo+ftCdMp1A3":{"chainKey":{"counter":10},"chainType":2,"messageKeys":{}},"BStC52DHxdHDqzQTd1HcrhopqQsTz43+j4S5c+RItO4h":{"chainKey":{"counter":2},"chainType":2,"messageKeys":{}},"BSmdeGy9pJEGJOQudxhtmU5Up4VCXxTuuP/H+rHKQbcx":{"chainKey":{"counter":1},"chainType":2,"messageKeys":{}},"BdD7UGPNiLU34jDHoompXFYZiiXTmH/oMmZ8sQ+6sR1B":{"chainKey":{"counter":0},"chainType":2,"messageKeys":{}},"BWorU/HitJ1HFq2g+5n04Iyg69uYPGze0o+mjrBJz1ZX":{"chainKey":{"counter":0},"chainType":2,"messageKeys":{}},"BSyV/LHusHsvO6cjozFoexs6mq+oH3lfumwaBQLOaE02":{"chainKey":{"counter":0},"chainType":2,"messageKeys":{}},"BU34B8qgzZQXCiyLr+LvqQsa3IN47r3nM9TGbDOmNP9e":{"chainKey":{"counter":0},"chainType":2,"messageKeys":{}},"BVL215eDIujF87Qw3dC8J+d8GsBEP9t07z3XCheAhZBw":{"chainKey":{"counter":0},"chainType":2,"messageKeys":{}},"BZN2GDO7KPTGeR/OyHWmjhf6SHzobGkDxNIQWcT1WI0n":{"chainKey":{"counter":0},"chainType":2,"messageKeys":{}},"BXFcEYMo4Ym0th9rS7iggbT5i9zn9LZSlpmU/8cY/MVU":{"chainKey":{"counter":0},"chainType":2,"messageKeys":{}},"BcFP/bSPfhrwDyonMz1qG+yELnSefqKCKrY/E0eTbstY":{"chainKey":{"counter":0},"chainType":2,"messageKeys":{}},"BeogpJBj/E0igUlOH9m0J0wgmxTRXkrZROOH013gNx43":{"chainKey":{"counter":0},"chainType":2,"messageKeys":{}},"BX/fe+4/nhR/5TO3NNUjt0QGgZw2adC3ZS0q1qtHLmYC":{"chainKey":{"counter":0},"chainType":2,"messageKeys":{}},"BUB7G2I/msfo/eEprMOSpuX6kYHKNIPcWqMmtqKqNTkj":{"chainKey":{"counter":0},"chainType":2,"messageKeys":{}},"Bcx73x8vsO1tKyoue1gI+Unv4+3J0VgZzomvI0ki4JwF":{"chainKey":{"counter":0,"key":"TfLwStIR8lbEcoYXAtZwgGGiMtkSwbZWY2IclXAJcqQ="},"chainType":2,"messageKeys":{}},"BcUsbWOGUYhlOy5eWpyA9XntC/jX7O6EfTROx0+vRcp9":{"chainKey":{"counter":1,"key":"9KvOG+CA4Gc9t0ZWRbR4LsWagqIptmMnvHXoVb2Dxfs="},"chainType":1,"messageKeys":{}}}}},"version":"v1"}