{"_sessions":{"Bf8EDqSE4y1rcGXhgPKD0oiH0SiQx2Fr1TfLA799Az94":{"registrationId":1128912304,"currentRatchet":{"ephemeralKeyPair":{"pubKey":"BcHfL9Mt07Z8xWk8kX9wXvahItJ5snUVlrbgI5mcs84C","privKey":"MGrWm/Aexdjcy57j4RBACYUKPXui4biCRLMNEBeG12k="},"lastRemoteEphemeralKey":"Bd09Dccv6ZI/eJShuKqXyv00j+XEe/67UusWC9OLUNRt","previousCounter":0,"rootKey":"TxqaT3Jad+YZVeCyzMNl5tGWjAOGC37SyrRKNeH2UPY="},"indexInfo":{"baseKey":"Bf8EDqSE4y1rcGXhgPKD0oiH0SiQx2Fr1TfLA799Az94","baseKeyType":1,"closed":-1,"used":1711684399030,"created":1711684399030,"remoteIdentityKey":"BYoYLBfjdOdCjqDWAPQXpBf+o+LgzY6DKmhZXtUGH0Ee"},"_chains":{"BcHfL9Mt07Z8xWk8kX9wXvahItJ5snUVlrbgI5mcs84C":{"chainKey":{"counter":2,"key":"GXJ/2n0++oXt2HoP6YpNxn2Xyk5sh0sVoqL2/cacKzI="},"chainType":1,"messageKeys":{}}},"pendingPreKey":{"signedKeyId":1,"baseKey":"Bf8EDqSE4y1rcGXhgPKD0oiH0SiQx2Fr1TfLA799Az94","preKeyId":3981655}}},"version":"v1"}