{"_sessions":{"BcEN/tMnzydfb4emJ9+iuZqA21fUjcI0k7LcZ3Rpe6gl":{"registrationId":592724694,"currentRatchet":{"ephemeralKeyPair":{"pubKey":"BbjP5j+8KBY7EITlTVZc13AnszYoq8ZcXjNZl/Gr5EsR","privKey":"2K8NOWgEtwpGky2Wnw6GfG1biHiDcURBMRbSMKM15Ho="},"lastRemoteEphemeralKey":"BXUO4s+RSTxA8u/pF1+JTRsilF6PkunTWa5LYWJobN07","previousCounter":0,"rootKey":"dx8GG4JkI9vdclZUXmzdnWIj4KhDAYo2OEwNXhuHKaQ="},"indexInfo":{"baseKey":"BcEN/tMnzydfb4emJ9+iuZqA21fUjcI0k7LcZ3Rpe6gl","baseKeyType":2,"closed":-1,"used":1711688387813,"created":1711688387813,"remoteIdentityKey":"BW/1lhM00JF/N/uXGTEYO63DHlxC6ZSXxkMPdYxqCMA0"},"_chains":{"BXUO4s+RSTxA8u/pF1+JTRsilF6PkunTWa5LYWJobN07":{"chainKey":{"counter":0,"key":"arp6IcBOX5EhwUi/bC6+1cK/tqC4MvnYs5txeGUwkgE="},"chainType":2,"messageKeys":{}},"BbjP5j+8KBY7EITlTVZc13AnszYoq8ZcXjNZl/Gr5EsR":{"chainKey":{"counter":-1,"key":"PfaVlEC/WNSqxf8xMT3eKLbn6CYky4YMN/L+Nh7j6Ro="},"chainType":1,"messageKeys":{}}}}},"version":"v1"}