{"_sessions":{"BZ3Gf8cri09RTuhS0EoqawOKtvXms9FSjXmrr7e3HQgR":{"registrationId":1655110103,"currentRatchet":{"ephemeralKeyPair":{"pubKey":"BbGJFIW17rnjs9P5Zl+Zk2DH4o3DhhThGWm6ecDC/CN5","privKey":"6NztXw6oSa3CBXWBweHgviBq3wKwxJtlKDX79JV1G1A="},"lastRemoteEphemeralKey":"Bec7IeO+pQ5RkpLYBC+PXmEuB5vUdyWDj7tdH7dL/jkP","previousCounter":0,"rootKey":"jKhAT8MheJwH9X2c15Y/rCpzSPF/pju812D68BfRRkw="},"indexInfo":{"baseKey":"BZ3Gf8cri09RTuhS0EoqawOKtvXms9FSjXmrr7e3HQgR","baseKeyType":1,"closed":-1,"used":1711684398217,"created":1711684398217,"remoteIdentityKey":"BWdBOY9bJ1uLkQe9y7Yi6Y1iHLYq7jJ1t8oRccQmYMUz"},"_chains":{"BbGJFIW17rnjs9P5Zl+Zk2DH4o3DhhThGWm6ecDC/CN5":{"chainKey":{"counter":2,"key":"Be6U7BRI7chmx+kYSnsXlYcM1uVknPs+sw7eIsa3700="},"chainType":1,"messageKeys":{}}},"pendingPreKey":{"signedKeyId":582766,"baseKey":"BZ3Gf8cri09RTuhS0EoqawOKtvXms9FSjXmrr7e3HQgR","preKeyId":6394}}},"version":"v1"}