{"_sessions":{"BZlP60dCpHgT/LUeX7hMct3YBGAGWz+d7Bvcs08nWMJS":{"registrationId":1173768478,"currentRatchet":{"ephemeralKeyPair":{"pubKey":"BTwuvUQSUMyHbQD4ljM8IBmwpny24hOgqW0fn5ywd6Zk","privKey":"WG1rislUT1G0LXNuO7gdcfJcPssKOIOltIizKGIoFUw="},"lastRemoteEphemeralKey":"Bajc027gaMTK/3NvueMCTA81fe4twa8eOuLdjDF0qLBt","previousCounter":0,"rootKey":"5jiNyHPQO4rMGyFiNxjsFTqWFxduEEgZNRgShGEFK9c="},"indexInfo":{"baseKey":"BZlP60dCpHgT/LUeX7hMct3YBGAGWz+d7Bvcs08nWMJS","baseKeyType":1,"closed":-1,"used":1711684400927,"created":1711684400927,"remoteIdentityKey":"BR6vG8O0OCt836RB3ffM847yqcQzxEYSs/iSklWQNSMn"},"_chains":{"BTwuvUQSUMyHbQD4ljM8IBmwpny24hOgqW0fn5ywd6Zk":{"chainKey":{"counter":2,"key":"A7hLpgwRxbbj23LQ59Ov8p2BYiyXkiduAxERHL28T7k="},"chainType":1,"messageKeys":{}}},"pendingPreKey":{"signedKeyId":3,"baseKey":"BZlP60dCpHgT/LUeX7hMct3YBGAGWz+d7Bvcs08nWMJS","preKeyId":1218074}}},"version":"v1"}