{"_sessions":{"BaVEiIV7J/fnNB1Bd6rAzyHm7FAEuwSIw4L+BUKwlngF":{"registrationId":2063060355,"currentRatchet":{"ephemeralKeyPair":{"pubKey":"BdlE5TI2ANbpT7YQF5t+b8AYIuPMIOikYfqZje3oCCNH","privKey":"GP4L0ugsQVmQu7unYqOKmpadWaGuV2RR2PmBLr/n8UA="},"lastRemoteEphemeralKey":"BdYy4GNHoL5rRNQMAH0KZi7hVon74PHyIXwvm6sc2NVR","previousCounter":0,"rootKey":"wWVn2670SK/G0kwpe+Yl1eiyTSFvThO7BNzTTZrRj1M="},"indexInfo":{"baseKey":"BaVEiIV7J/fnNB1Bd6rAzyHm7FAEuwSIw4L+BUKwlngF","baseKeyType":1,"closed":-1,"used":1711684400042,"created":1711684400042,"remoteIdentityKey":"BXz4F+X5Pc7JGJYCYzesdOLSCIGpysdsAYAQbDeBdlMl"},"_chains":{"BdlE5TI2ANbpT7YQF5t+b8AYIuPMIOikYfqZje3oCCNH":{"chainKey":{"counter":2,"key":"rb28Poq5Gvn6/IT9a/IOSjSxyCG0jXRud+VOo48brNI="},"chainType":1,"messageKeys":{}}},"pendingPreKey":{"signedKeyId":17,"baseKey":"BaVEiIV7J/fnNB1Bd6rAzyHm7FAEuwSIw4L+BUKwlngF"}}},"version":"v1"}