{"_sessions":{"BfUvoPLjh5onqYVY8TPqc8pUc9nue042u5PtVApRSHsF":{"registrationId":782551,"currentRatchet":{"ephemeralKeyPair":{"pubKey":"BTkDtMFA1bgxE6z7fvbAKtW5HVFRhdCDEH+udEqrbV98","privKey":"UHxqi/l0dFiTac7weYODg2FcfRwXfcY4nG49KRQYdH0="},"lastRemoteEphemeralKey":"BYQ/DEjIrxC8+ZNCdFFM4We+cVcKTFSzi7WHwf8T6t58","previousCounter":0,"rootKey":"B+n3sGrFoHc6aWHhV2eQhzbErJ1ehRRknd8PuY5qVJ8="},"indexInfo":{"baseKey":"BfUvoPLjh5onqYVY8TPqc8pUc9nue042u5PtVApRSHsF","baseKeyType":1,"closed":-1,"used":1711684401403,"created":1711684401403,"remoteIdentityKey":"BRMXF7EIYblq4qX9mtPKdNIzDht2xuHFgwhlXtkt1Wlx"},"_chains":{"BTkDtMFA1bgxE6z7fvbAKtW5HVFRhdCDEH+udEqrbV98":{"chainKey":{"counter":2,"key":"F8QVMHkF1qDM6avLC7CcGYg64ryePcWdyQ10F6RdWHU="},"chainType":1,"messageKeys":{}}},"pendingPreKey":{"signedKeyId":0,"baseKey":"BfUvoPLjh5onqYVY8TPqc8pUc9nue042u5PtVApRSHsF"}}},"version":"v1"}