{"_sessions":{"BRLzJtVHYlzLs3yApoLYP38O2OWbCZyLDRyAXBlZNtVo":{"registrationId":2100413731,"currentRatchet":{"ephemeralKeyPair":{"pubKey":"BRLWiblPuhUpBj6fS0Ee5kiKXR7LgAAtMki6dGw6m6MO","privKey":"iKPjdq5TTWTlMJ05GJbqlSAI+wq8R9fserFUkvODflI="},"lastRemoteEphemeralKey":"BdzHaLeCtRS0zSRjWNenIvDyktaB2LEYuMCCzTQRQ4ck","previousCounter":0,"rootKey":"QCHtO6g9clwe1fQwHATil2RDEaIbFC/KWyfXNRuWgpA="},"indexInfo":{"baseKey":"BRLzJtVHYlzLs3yApoLYP38O2OWbCZyLDRyAXBlZNtVo","baseKeyType":1,"closed":-1,"used":1711684401611,"created":1711684401611,"remoteIdentityKey":"BZxwixgtfixzkMhIFqwU9ldZWv7PyL6Z4TFDJmiH9g86"},"_chains":{"BRLWiblPuhUpBj6fS0Ee5kiKXR7LgAAtMki6dGw6m6MO":{"chainKey":{"counter":2,"key":"2tRKEy0JN2WSMaV9Hci8nDlX8Ww95uy31au+I3Pwnf0="},"chainType":1,"messageKeys":{}}},"pendingPreKey":{"signedKeyId":5,"baseKey":"BRLzJtVHYlzLs3yApoLYP38O2OWbCZyLDRyAXBlZNtVo","preKeyId":4350314}}},"version":"v1"}