{"_sessions":{"BU9LRXAn1x1Hv6aQA5wYHZT0+drIE4IDrCuUPUZsUaA7":{"registrationId":177410827,"currentRatchet":{"ephemeralKeyPair":{"pubKey":"BVprtJlOm6CMuPcCF7+CJkNPQhrmIvAuZotyMSQR2UY1","privKey":"GB3ZFem6JrQ6JY+ZvfScLQBj9PxFYWGTrhAuXcVm6W0="},"lastRemoteEphemeralKey":"BakURmmiJ5Wtf4PeRTWGLJh/oZU+PwLFzA1EuzlyHM1h","previousCounter":0,"rootKey":"hD/VXgkXDMMr0a2GM7PhZw6kXkerVBNCI3TLiic9YaU="},"indexInfo":{"baseKey":"BU9LRXAn1x1Hv6aQA5wYHZT0+drIE4IDrCuUPUZsUaA7","baseKeyType":1,"closed":-1,"used":1711684398440,"created":1711684398440,"remoteIdentityKey":"BRcx7wKwQB+GbIoKeXHE7jehy+/0q7URAL7x3K836+4Z"},"_chains":{"BVprtJlOm6CMuPcCF7+CJkNPQhrmIvAuZotyMSQR2UY1":{"chainKey":{"counter":2,"key":"4twNIrsd8SZenv1jR6jzaa9rLZStx7vPq2dsEe4J2wE="},"chainType":1,"messageKeys":{}}},"pendingPreKey":{"signedKeyId":3,"baseKey":"BU9LRXAn1x1Hv6aQA5wYHZT0+drIE4IDrCuUPUZsUaA7","preKeyId":10971931}}},"version":"v1"}