{"_sessions":{"BbnZr2hHj5FxtMKyvxVdP9PbZWAfg2WMbFvo4Vyj6bYQ":{"registrationId":308348338,"currentRatchet":{"ephemeralKeyPair":{"pubKey":"BUYGMQLcfFmQ73QodKSZ9TxQAMOS5l9SNLsgIVn7MkNG","privKey":"cCVL7+P3Q5NjiNvn6nr+JMK9l4oimG9dFfrEYRERvlc="},"lastRemoteEphemeralKey":"BePbZz47WBrlEvKRhoJI1GqKOp4xvhrq0IbM+wRkeF4L","previousCounter":0,"rootKey":"rWcm+wKNBXm2vSTSYfNsaDm3uNJWBF8nNjCAKdpERxE="},"indexInfo":{"baseKey":"BbnZr2hHj5FxtMKyvxVdP9PbZWAfg2WMbFvo4Vyj6bYQ","baseKeyType":1,"closed":-1,"used":1711684399314,"created":1711684399314,"remoteIdentityKey":"BVjfDYKl0zVQVOIsbtF2lWOGywWi2/Lb8xX92yAGjDQk"},"_chains":{"BUYGMQLcfFmQ73QodKSZ9TxQAMOS5l9SNLsgIVn7MkNG":{"chainKey":{"counter":2,"key":"lhfaF19DRTShnlonnXpa6WW8F0/Zm9TAKVIYaNkgRWU="},"chainType":1,"messageKeys":{}}},"pendingPreKey":{"signedKeyId":2,"baseKey":"BbnZr2hHj5FxtMKyvxVdP9PbZWAfg2WMbFvo4Vyj6bYQ","preKeyId":4792612}}},"version":"v1"}