{"_sessions":{"BfsfdB8fm67SuynU47hc1k0GO/0ksjDQnI5Ka9VK/U5Q":{"registrationId":1113934893,"currentRatchet":{"ephemeralKeyPair":{"pubKey":"BYGt4oncpO0whsSbR01qk1r8jfStjAv8rCM93wiCBA45","privKey":"mPcv6wbn5GY2qHl565CAdLg9F68N7de6aF8uKqW1G1E="},"lastRemoteEphemeralKey":"BbweyoQs4pjSu1m7ayvB8kHYGj0bBQaHnJs4+6bHAeJh","previousCounter":0,"rootKey":"u/+I6HZVc9JwCSHLAkw8UL0CdWB1Eth+7DByydimI3s="},"indexInfo":{"baseKey":"BfsfdB8fm67SuynU47hc1k0GO/0ksjDQnI5Ka9VK/U5Q","baseKeyType":1,"closed":-1,"used":1711684400101,"created":1711684400101,"remoteIdentityKey":"BUv2WxWQSqMd/VSkEFe48M2AxG7unZZoblKJyTPdwIZY"},"_chains":{"BYGt4oncpO0whsSbR01qk1r8jfStjAv8rCM93wiCBA45":{"chainKey":{"counter":2,"key":"WtenR2YgmDNSxFRObJm74GoYDVShkBZQeTx+ZJZ2TJw="},"chainType":1,"messageKeys":{}}},"pendingPreKey":{"signedKeyId":2,"baseKey":"BfsfdB8fm67SuynU47hc1k0GO/0ksjDQnI5Ka9VK/U5Q","preKeyId":6726051}}},"version":"v1"}