{"_sessions":{"Bc4feqKaQ1yIAt/VC1WZPUhx+2pMaoMV+GMi7uQ4yBFR":{"registrationId":1779243029,"currentRatchet":{"ephemeralKeyPair":{"pubKey":"BXaNkoCEUHthzTxVPccSC6ib6tpFw/QDK+pCbzKISIsv","privKey":"aEcLQCm7M0LDSy284UoZjdYjr75bHqRNaZuBzLdQCWA="},"lastRemoteEphemeralKey":"BajRfIGBkgIvyTHL78MguKI0X1W3edTajy3i25Cn9zc7","previousCounter":0,"rootKey":"N0HNvHaRf9IxU1aUbPsv2hM1nSyGUcIIhKxEg0X3L2s="},"indexInfo":{"baseKey":"Bc4feqKaQ1yIAt/VC1WZPUhx+2pMaoMV+GMi7uQ4yBFR","baseKeyType":1,"closed":-1,"used":1711684399600,"created":1711684399600,"remoteIdentityKey":"BXmfeK9/2YuuaUJhitH0PBG4yZmLhtTWGLg5lIUig8kS"},"_chains":{"BXaNkoCEUHthzTxVPccSC6ib6tpFw/QDK+pCbzKISIsv":{"chainKey":{"counter":2,"key":"3/8GrUUWU0+fD/LoIK7Lqg7SYbofHJYsWFJGg+SZVdc="},"chainType":1,"messageKeys":{}}},"pendingPreKey":{"signedKeyId":12,"baseKey":"Bc4feqKaQ1yIAt/VC1WZPUhx+2pMaoMV+GMi7uQ4yBFR","preKeyId":4538859}}},"version":"v1"}