{"_sessions":{"BejvECADL7+Erxet6XUtz1Rn0kj6ers4FdtfIiEyrsc3":{"registrationId":1274181068,"currentRatchet":{"ephemeralKeyPair":{"pubKey":"BeK/ntxLXuNSv71YaUfXK14AiU4/N5lsZ4cdzd/zun0A","privKey":"MHHeJtzqSWgHL232sUS8SMMHDYcU7N+urXwZ1HtMj3A="},"lastRemoteEphemeralKey":"BRuVhie5Bzk2zdKPNqLtMmBVm0JAp/QURhy4ZMmrX8g0","previousCounter":0,"rootKey":"phUElBtUAjQW3xuiqBxEN+O2kL9xn9+Djblz8dOiKxA="},"indexInfo":{"baseKey":"BejvECADL7+Erxet6XUtz1Rn0kj6ers4FdtfIiEyrsc3","baseKeyType":2,"closed":-1,"used":1711684716662,"created":1711684716662,"remoteIdentityKey":"Bdauqj+w0GIF/dMz/P91ef58oBI7yz2zOVTRZKJD9d83"},"_chains":{"BRuVhie5Bzk2zdKPNqLtMmBVm0JAp/QURhy4ZMmrX8g0":{"chainKey":{"counter":42,"key":"BKBDUliDM7VcVAJLMr59gx96+zH4Jzn/dS9j8V9Tf/M="},"chainType":2,"messageKeys":{"0":"txeOnnlCPElOtuq4h3y1TsrOJbWpFSHYOdHr60UF8UY=","1":"+4oMrBom0E/m2UXMBI5iwDOj/Uk1HxYSbOYsMY0hD3A=","2":"M8nzGE++hT9wMgmz0XDN+WP96MZoAY5LT3+j/BwWzcI=","3":"73bYHJb4YQ9k8Zd/PJFVZaAuy9V8Fbrs0OPNVd6Lutc=","4":"woZ3j+ao2nTBByc8ARtoIbvd5YKQ9gKd0pFzKYKHrQo=","5":"JT1/BIjzHdpegb9B5nY3eklqmel32dRGJ+65CPFaxSg=","6":"2DuXphZoyykWfHlO914bUY/ujYvAJ0HH7Okk0aFi2tg=","7":"c46JKwD88R/96Uph4QhsTEDaG464csS9cZsyYVm2j88=","8":"Q+CLWKuShy4vx2ugUQkEJzFQDH5m5SST39aS1Zmtaqc=","9":"dlLM6kOrdQkW46T7HC/1we5JJAMLtTYRVduRnJ7YfD0=","10":"Nh6ZeBP/S/brRzhOvhAtSkftTIXgYJPV3LdSRHWW70I=","11":"280G+RIObrujSJ7Knjn1Mc63+4Tng+CWH30NGYS6ePw=","12":"q6QzLSigRDMsZ/z7VWSurcD/vR2Lp86PbO9+HdsFULA=","13":"L9HZ2eM4DBDkssv/0WNFuf2xCUH7KMjFvTzTpmXvNuQ=","15":"ZRlaOLyLETmJsr+f5ujVXGsHtONOVAFdwedFkcdOUXg=","16":"16lgweaAAbH9j7eR2bbuBquK9+7QN2yo/4dO8/qx1UM=","17":"wARtfN9xDNL7ufT58ONiSTp3WSfGhRapx/wE6mtnJrg=","18":"jSCE40aok3bZLNUxeEv3Atgcr7+ZIqiBOmHhHZEaAJU=","19":"X866Ynkvs2b63n8sWLHU6HcIxvESNcrG2wNAY3bNuVQ=","20":"1Bc+QZdOGWq2SWFp2WTTegvkPy689e7Yehwfas7hrGE=","21":"grlvFRUdSTDO3iBS+noz7ZbCCMsa2EpZDixvYS9xvZQ=","22":"8xLw8Q63sPFG81fwcW1NuhfdydoaJ5kJ0OQNFVTefhk=","23":"P46yMO8qBsSenFKjxercCoP5Lu+zSqUWfkHJJNXdLYA=","24":"huPzX7lGnCfImqox5bCfOF4MgluupodwxwO3ZIbaH1k=","25":"AriEepW41q9gPW3tI6zzykObhcV6yXgX7MMLvfETlhE=","26":"uI3cmMuUp+1YT4qoApdYi1lFloe+T/4ohubFmmWV4so=","27":"Bfv3s3jycc20W/cbXGTFZwCXd3WUJKqiVqtU4hDFMRA=","28":"0g41OrQLDbfwtqtHDGKjZb3nKS6GxCC1fQHNx3f+/hY=","29":"UM4hfn/1B3J3VR2TCGwwcB4zksnobDuHvjsqXyMrdkg=","30":"FvCRxib6KTaNm5Cop/Pb0qmzKni88COjNJk0nt68uAo=","31":"5FXEB51MiIC/JHQB/KiGgGO2CrcnDJqUiG2jJG9kMf4=","32":"g3lx1D5yEWXoNkR1YjOTG4r7veiae5k89DJ2u3TLEhc=","33":"2hoIhvHzI+FJuG1TIrudbLbleXJJEZwFMbADT+FYkc8=","34":"O09MlZud15VNLAlmwxrUdwkyQc+dvslmIWk+LODbALo=","35":"wfgr0uYZhe615wWleDWpIikzryc9ImaEBgst2krfHlc=","36":"h5cq3CZgvuvMKT9lnuiQ1l9FGq8LIqYqX3gWuhkmMUk=","37":"jDvOrmpXbIkpKY4BwVJYPdFDTJbRQbFuQFf6IwvmWbc=","38":"IOIW1Ig8ZLQ+vTWH6VhsV3cmCoBntH4XNtAzXdY/bLk=","39":"m8SuKaVuEtn2Byga+N9JVnyIKwrD3ub/ZbR9rPV7Cmw=","40":"fNaeifI8WwB9i1pYfjyW6O9W6LF7BRKb/2gOGpNchcU=","41":"TwD0bthP2IPn6Uv1hkD3drW0zKfiAzhpYhfSa8row4o="}},"BeK/ntxLXuNSv71YaUfXK14AiU4/N5lsZ4cdzd/zun0A":{"chainKey":{"counter":-1,"key":"Upz36gxSqVn0QWhd5eHnLwzt0a3zjDeGqMttE4fpoo8="},"chainType":1,"messageKeys":{}}}}},"version":"v1"}