{"_sessions":{"BXhx3G3Mrkys0BYubYOzcEVQ5p6+rGtJWJ4rIRkdhmN1":{"registrationId":1383854219,"currentRatchet":{"ephemeralKeyPair":{"pubKey":"BTXtssljyWNOlWAMDq3kZn8zV0lnHEfBdyWBtCv9bLd9","privKey":"4D/H0ZYC5IG28SKe5k/I35okW1fv+EBzXyNV9EzJwEI="},"lastRemoteEphemeralKey":"BSA08kprB1TS4qE1ZTpuCSW3iYgZQnAv7ukOU7kDqsFa","previousCounter":0,"rootKey":"NQNOafur0mLOWTxDWgkMnxjMYbYxhDl6xM+yqLyMn7Q="},"indexInfo":{"baseKey":"BXhx3G3Mrkys0BYubYOzcEVQ5p6+rGtJWJ4rIRkdhmN1","baseKeyType":1,"closed":-1,"used":1711684400901,"created":1711684400901,"remoteIdentityKey":"BSpOpQ04+B7rCE7K4L88yzBesa7NOEHBovnEIMjX5+ha"},"_chains":{"BTXtssljyWNOlWAMDq3kZn8zV0lnHEfBdyWBtCv9bLd9":{"chainKey":{"counter":7,"key":"bucbYCn7gd+phvnlBqQo2Ehtd3xREGPQRQKCWv6s0Mc="},"chainType":1,"messageKeys":{}}},"pendingPreKey":{"signedKeyId":0,"baseKey":"BXhx3G3Mrkys0BYubYOzcEVQ5p6+rGtJWJ4rIRkdhmN1","preKeyId":16036172}}},"version":"v1"}