{"_sessions":{"BYVUQkMqUNqmh9JYc0LF2jzJi7BHDImHbFggukHkCpdX":{"registrationId":244945192,"currentRatchet":{"ephemeralKeyPair":{"pubKey":"BfPdW1mo03L1fOYb3BbkvkqKcvGOkUpNqxzXsbNwGohU","privKey":"IGZsG/lezHypowdl9JvYxc8x7RlCQNcOvbPuAaUKM1s="},"lastRemoteEphemeralKey":"BVL0/5t+D9sKx4GdHcGRtjghAg0eQre9KVrynXcDXUcY","previousCounter":0,"rootKey":"DgeGIEoRHTxI9UxdZ274pUAlVeadcMWX/jXD+Vp2Xng="},"indexInfo":{"baseKey":"BYVUQkMqUNqmh9JYc0LF2jzJi7BHDImHbFggukHkCpdX","baseKeyType":1,"closed":-1,"used":1711684399710,"created":1711684399710,"remoteIdentityKey":"BWk02kJ8QTEoIWQBdsPulMui94YTI3a0CMB33VD04iQs"},"_chains":{"BfPdW1mo03L1fOYb3BbkvkqKcvGOkUpNqxzXsbNwGohU":{"chainKey":{"counter":2,"key":"LJRXubrNKMU/LU3PUW8JA4WjP4LEWnPQyNY4Z8VGRck="},"chainType":1,"messageKeys":{}}},"pendingPreKey":{"signedKeyId":5,"baseKey":"BYVUQkMqUNqmh9JYc0LF2jzJi7BHDImHbFggukHkCpdX","preKeyId":8599413}}},"version":"v1"}