{"_sessions":{"BR6W0id97Nk7BgRxyQuDH3yfboLRs5Prux+DxfhP09w6":{"registrationId":436244328,"currentRatchet":{"ephemeralKeyPair":{"pubKey":"Bdg6eqMk6yi869F9GUPWj+ZWOE33m3QAqCd5hXktnkUs","privKey":"YNQ8w59rKkFuWLokySoBeFZasX8YabEVESFUEGwYCW0="},"lastRemoteEphemeralKey":"BRn4GLgXNx7GkBOC/dUx15/ZRDjELfizpNN936FX/dUj","previousCounter":0,"rootKey":"usFf9tXZV5O8R3urF/3ApVNt0WRd7qW0QWOVwk1Lo5I="},"indexInfo":{"baseKey":"BR6W0id97Nk7BgRxyQuDH3yfboLRs5Prux+DxfhP09w6","baseKeyType":1,"closed":-1,"used":1711684399117,"created":1711684399117,"remoteIdentityKey":"BX9cOWG5k5vc2efFzCzgLifroz4LAbL6ZERi/27TbV97"},"_chains":{"Bdg6eqMk6yi869F9GUPWj+ZWOE33m3QAqCd5hXktnkUs":{"chainKey":{"counter":2,"key":"ufNi80kKgWZDmWFoF7W9eUmo4Ac9cCjQz0yrGec83jc="},"chainType":1,"messageKeys":{}}},"pendingPreKey":{"signedKeyId":36,"baseKey":"BR6W0id97Nk7BgRxyQuDH3yfboLRs5Prux+DxfhP09w6"}}},"version":"v1"}