{"_sessions":{"BW27jah8BkWnglIavz+AAwCwVJwzOOhhTanBDewqBy0+":{"registrationId":1914589067,"currentRatchet":{"ephemeralKeyPair":{"pubKey":"BZywiqYcfGl+ucUhFzU8ZnN1NgfJ0VKm0bLT+8X90+VK","privKey":"mCNwE4ZDncR1GTe7INk0ORBS2JvsDOzPbjmjzPVIZ0U="},"lastRemoteEphemeralKey":"BSiEbHOlF6Mmt5SLXBBxqQvO4BB6yWgDIEK/7CjJIQ4K","previousCounter":0,"rootKey":"tatdFGkq7Ot117WSgLYcnJVk35R0Pv7SWP67ekD4yBg="},"indexInfo":{"baseKey":"BW27jah8BkWnglIavz+AAwCwVJwzOOhhTanBDewqBy0+","baseKeyType":2,"closed":-1,"used":1711688028565,"created":1711688028565,"remoteIdentityKey":"BXVbNG32EnHQdHgyeneUetJ4B/8RQa9nP9+kguDR5Moz"},"_chains":{"BSiEbHOlF6Mmt5SLXBBxqQvO4BB6yWgDIEK/7CjJIQ4K":{"chainKey":{"counter":0,"key":"pDD5HiRN2akenls0f2w0y8Cjw224IUtODx2sWs0ALIY="},"chainType":2,"messageKeys":{}},"BZywiqYcfGl+ucUhFzU8ZnN1NgfJ0VKm0bLT+8X90+VK":{"chainKey":{"counter":-1,"key":"QCrPDt7TG1Rl/E4w0WEu/z/94jsPsmlkJm36CgcQPng="},"chainType":1,"messageKeys":{}}}}},"version":"v1"}