{"_sessions":{"BTM/W7Mo1Kvyyg8mXqS6/zSWBQ95abh2C4ydDPSnyZ0D":{"registrationId":686793356,"currentRatchet":{"ephemeralKeyPair":{"pubKey":"BWw3ReQcXns5V6/5XyZ948Q/KdX2ndTqRJU1EG1bs0ll","privKey":"cIyC1ReRSMH7ep1SoKLAtsvaQFhBRLv/rC5Wa3RlBUo="},"lastRemoteEphemeralKey":"BSFIMAenmb1qdMjKqtt6ob4dWeE1gTAIcKlZl/MGxTB+","previousCounter":0,"rootKey":"hpPzkGMEn/u6UPYa2xEQpFO2ozH0rkrb5c6ANSe1DmU="},"indexInfo":{"baseKey":"BTM/W7Mo1Kvyyg8mXqS6/zSWBQ95abh2C4ydDPSnyZ0D","baseKeyType":1,"closed":-1,"used":1711684400304,"created":1711684400304,"remoteIdentityKey":"BTPRijrGxdDMAjz0WqvUPQOtF9NCZlpjnzOQxJs0fehf"},"_chains":{"BWw3ReQcXns5V6/5XyZ948Q/KdX2ndTqRJU1EG1bs0ll":{"chainKey":{"counter":7,"key":"o5N8hlHXGBtCSuysXdDI9AyTpkUwumRtVnsXyqGjjvQ="},"chainType":1,"messageKeys":{}}},"pendingPreKey":{"signedKeyId":0,"baseKey":"BTM/W7Mo1Kvyyg8mXqS6/zSWBQ95abh2C4ydDPSnyZ0D","preKeyId":10203283}}},"version":"v1"}