{"_sessions":{"Begdop1OEadRPAYcCr1SQSI5hqa0KYVOufKLj51/ddFq":{"registrationId":453250652,"currentRatchet":{"ephemeralKeyPair":{"pubKey":"BfK5ywHLwNvuL4PbAzEPKVoE7DrDOITuXuVYHT3jsPZ7","privKey":"+ENA5/d6+2NRMQZ03lw7GKg9jAdNGo5W2iYsuBi1S1Y="},"lastRemoteEphemeralKey":"BTPrnxxUwFPN8615Lm1Xf23zJWR56dEkdwYvHHfmOB5x","previousCounter":0,"rootKey":"REH180JcKk1afZ8NLwGq8BA8Pe3YwMIouFWAq6i8ysA="},"indexInfo":{"baseKey":"Begdop1OEadRPAYcCr1SQSI5hqa0KYVOufKLj51/ddFq","baseKeyType":1,"closed":-1,"used":1711684398906,"created":1711684398906,"remoteIdentityKey":"Bd6VTV8gq2zGwERPHBs3/ESXc5nsPUB/r5MVP2m3HfwJ"},"_chains":{"BfK5ywHLwNvuL4PbAzEPKVoE7DrDOITuXuVYHT3jsPZ7":{"chainKey":{"counter":2,"key":"Gf3mxH9jJh/pCXSLFqvA+M5V17YOQcOHxZiq4oKKDSg="},"chainType":1,"messageKeys":{}}},"pendingPreKey":{"signedKeyId":14,"baseKey":"Begdop1OEadRPAYcCr1SQSI5hqa0KYVOufKLj51/ddFq","preKeyId":13464581}}},"version":"v1"}