{"_sessions":{"Bf2HuIo3pDYHFsYgyousYkwoB8TvQpEYrvUKiMcEnEwK":{"registrationId":569980512,"currentRatchet":{"ephemeralKeyPair":{"pubKey":"BSsLi0f52FVsLspJBuSufHs0SGZe6NKe/6eGNcoge1A3","privKey":"iPH8UC0PKROFsN96Htx6RqMFCL6fqIpHqNZvXA3cxmg="},"lastRemoteEphemeralKey":"BX/5SYZcx+iU+xQpyQ7Fmx4hlh0tvDWCjW4iPsS2s01s","previousCounter":0,"rootKey":"q/B8/4QDRzqTeXsgRwlxRydCWkXMu/Vu5Nd7hSaz7fw="},"indexInfo":{"baseKey":"Bf2HuIo3pDYHFsYgyousYkwoB8TvQpEYrvUKiMcEnEwK","baseKeyType":2,"closed":-1,"used":1711687272995,"created":1711687272995,"remoteIdentityKey":"BVOd773H1NfSERCwR4AxIRlZzKmwTdM99KuOKceOj4o0"},"_chains":{"BX/5SYZcx+iU+xQpyQ7Fmx4hlh0tvDWCjW4iPsS2s01s":{"chainKey":{"counter":0,"key":"YuAM4wQ24K4DesWy8mpau/WDGB9ZYU2DueY9q5sZpZQ="},"chainType":2,"messageKeys":{}},"BSsLi0f52FVsLspJBuSufHs0SGZe6NKe/6eGNcoge1A3":{"chainKey":{"counter":-1,"key":"7Aii2U0mASQcjLzyw5X/GLRNmf1YpgjwGxJu8s7pDQM="},"chainType":1,"messageKeys":{}}}}},"version":"v1"}