{"_sessions":{"BWMq5ixJOjuHEdUkW34Ws+i0x4m7gslXcR6Gk1jpdFZd":{"registrationId":2075001185,"currentRatchet":{"ephemeralKeyPair":{"pubKey":"BU7A1+xMTxFTHAWZCpenuAhLju6FziMTdYRBBZRu4UNf","privKey":"kNqz8ubxViWuaC9Zwgd6Xlf0Aw9+se3qydKALZc2d2k="},"lastRemoteEphemeralKey":"BbdXlOMo36MSwgs0sknaGjeV4Mif4baSU8xqpupcxfZR","previousCounter":0,"rootKey":"3VTvT9Fjy4i4kWgeeXtOJPUlN90kJlyhP9fw612GjPQ="},"indexInfo":{"baseKey":"BWMq5ixJOjuHEdUkW34Ws+i0x4m7gslXcR6Gk1jpdFZd","baseKeyType":1,"closed":-1,"used":1711684398632,"created":1711684398632,"remoteIdentityKey":"BW5ZZ+zDyZE8GvjtJrIkLMYia7h23s+wiEba/JXMGUt6"},"_chains":{"BU7A1+xMTxFTHAWZCpenuAhLju6FziMTdYRBBZRu4UNf":{"chainKey":{"counter":2,"key":"OhduGvAU+JlCLdcxS1P6gLgGHOH7jLZ0UNw1aXJNzKc="},"chainType":1,"messageKeys":{}}},"pendingPreKey":{"signedKeyId":12,"baseKey":"BWMq5ixJOjuHEdUkW34Ws+i0x4m7gslXcR6Gk1jpdFZd","preKeyId":12662819}}},"version":"v1"}