{"_sessions":{"BaQI8XSUjnhcCP4KaiT3iwpxAY+NTwgVwEmb6bdM1SYI":{"registrationId":1946885853,"currentRatchet":{"ephemeralKeyPair":{"pubKey":"BV9wswowh7d2BvcFzPH2aoVv0wLkOiWMPtCfKdZ6lrYr","privKey":"EFZStdDZ75COdPSj7FxoRTvkC8zkBNqaqeF85LdVIXs="},"lastRemoteEphemeralKey":"BbyZlmVsvCWl8kCG0qC65wCgaWxsle/Z0ZESCtqHh9k8","previousCounter":0,"rootKey":"CAqKmqWvphgpGjpIgcZTKXg0KbnPBBcaGqitTrqw7Dc="},"indexInfo":{"baseKey":"BaQI8XSUjnhcCP4KaiT3iwpxAY+NTwgVwEmb6bdM1SYI","baseKeyType":1,"closed":-1,"used":1711684399434,"created":1711684399434,"remoteIdentityKey":"BXQmTRAp3bUcZ8KZQooQubzNbvzUnNwF9ZTu9ct1Q8lB"},"_chains":{"BV9wswowh7d2BvcFzPH2aoVv0wLkOiWMPtCfKdZ6lrYr":{"chainKey":{"counter":2,"key":"2nNK2PdK42/rfFmjyYACz1iSJwgl8KQGiUKQ4DnBm1g="},"chainType":1,"messageKeys":{}}},"pendingPreKey":{"signedKeyId":2,"baseKey":"BaQI8XSUjnhcCP4KaiT3iwpxAY+NTwgVwEmb6bdM1SYI","preKeyId":1078170}}},"version":"v1"}