{"_sessions":{"BYc71Nn5wVuxHfNIUadWnwnRkdL3bhyI562ud/W8W7No":{"registrationId":1717536416,"currentRatchet":{"ephemeralKeyPair":{"pubKey":"BZL3ODlS2fUSmKw6dcXq5F0E40wYeHccFafBvpmzHKIG","privKey":"iKRgkyGzaIOn5PluF4sIszNfOmflJ0GQuIHjrNQZxGI="},"lastRemoteEphemeralKey":"BemHrJ4/arRDKanm8ZFHiRZdVfSzsEwfJGSbwMbR9kYd","previousCounter":0,"rootKey":"kIWCx+Iul3p1X6OKZBLxxYeVPGJhfzNcTvgaP43QI38="},"indexInfo":{"baseKey":"BYc71Nn5wVuxHfNIUadWnwnRkdL3bhyI562ud/W8W7No","baseKeyType":2,"closed":-1,"used":1711686381081,"created":1711686381081,"remoteIdentityKey":"BYZoNju+UCR+pVC9qnx8q7PNgLNmCOIu++U6jOCToeQI"},"_chains":{"BemHrJ4/arRDKanm8ZFHiRZdVfSzsEwfJGSbwMbR9kYd":{"chainKey":{"counter":0,"key":"PiSCqcvAwhFX1WM5clMeUvQruPMj6FAiU7xSwf9npvQ="},"chainType":2,"messageKeys":{}},"BZL3ODlS2fUSmKw6dcXq5F0E40wYeHccFafBvpmzHKIG":{"chainKey":{"counter":-1,"key":"UX9LTXik7FntPC9MewlUDDJcJjIMyG904/7M2jv9xE8="},"chainType":1,"messageKeys":{}}}}},"version":"v1"}