{"_sessions":{"Ba2yoxZZ1RN7q724NbX9OZNFpSVMw/tRMTmiJpCPGV1g":{"registrationId":714830001,"currentRatchet":{"ephemeralKeyPair":{"pubKey":"BbJkyJkJjdvr1Sq3OfL3fCYQuKIDLDZhdK0XwH5xLHV9","privKey":"WBwPZMfcVxLJhgbWuEamFGnMWcesG1qdSXnRxCn1kUg="},"lastRemoteEphemeralKey":"BTpG85cxYxNagcorTP+on7LHV9YN9P718kXoj252d0B3","previousCounter":0,"rootKey":"ssj3IUXYgucFAGDvcvpOCqcWTbra1ltuw717NsMuAiw="},"indexInfo":{"baseKey":"Ba2yoxZZ1RN7q724NbX9OZNFpSVMw/tRMTmiJpCPGV1g","baseKeyType":1,"closed":-1,"used":1711684401508,"created":1711684401508,"remoteIdentityKey":"BaCwOVqLyaTl+a4H/Nf9+MAvEhlTtH3TaVmjLf5pUjh7"},"_chains":{"BbJkyJkJjdvr1Sq3OfL3fCYQuKIDLDZhdK0XwH5xLHV9":{"chainKey":{"counter":2,"key":"pnB4/e+RkG0ZIQ0auH23jdLg1uiqTA1wMA0lfflY+ic="},"chainType":1,"messageKeys":{}}},"pendingPreKey":{"signedKeyId":0,"baseKey":"Ba2yoxZZ1RN7q724NbX9OZNFpSVMw/tRMTmiJpCPGV1g","preKeyId":258885}}},"version":"v1"}