{"_sessions":{"BSMfH6Pb7v9V/qgeSy7URZglYQsPWpsvrLJHyCAYTN4B":{"registrationId":911162363,"currentRatchet":{"ephemeralKeyPair":{"pubKey":"BS5X47OQQLRBDwxP7eSVHNqjHmzsYNADFela+7ADINpg","privKey":"SED84iq6xIvFQcswnUXlgYu+NAtyvQStIel2QFUWOGo="},"lastRemoteEphemeralKey":"BUrFH4lf6ZquMm42/IkfKUecAOBT3xL1RBK1Ay9DB/UH","previousCounter":0,"rootKey":"CQgS7Hrr3l1otSH7U1Xx/PSp4Rdwys31OE9MdZ2tiNk="},"indexInfo":{"baseKey":"BSMfH6Pb7v9V/qgeSy7URZglYQsPWpsvrLJHyCAYTN4B","baseKeyType":1,"closed":-1,"used":1711684401746,"created":1711684401746,"remoteIdentityKey":"Bb/m6sNZzpmZbJsE1Ht8Nfc8YHUPP1SUDM4uu1ZDjslv"},"_chains":{"BS5X47OQQLRBDwxP7eSVHNqjHmzsYNADFela+7ADINpg":{"chainKey":{"counter":2,"key":"72ziclIhxqOn40xffKTetDxN/c4OV+bwQH4ukIU7EYA="},"chainType":1,"messageKeys":{}}},"pendingPreKey":{"signedKeyId":1,"baseKey":"BSMfH6Pb7v9V/qgeSy7URZglYQsPWpsvrLJHyCAYTN4B","preKeyId":1609186}}},"version":"v1"}