{"_sessions":{"Bc0CcVe+ufF36hLqT4+xl7tuk7ptx79fBU2NKIh3aNVV":{"registrationId":883908095,"currentRatchet":{"ephemeralKeyPair":{"pubKey":"BULjgEbfEm28DeaGAo1jpQyYgPVKY8KU/bnxAKQfGCYo","privKey":"iLPQ9xyyKyw2NmBYctie8Xjb9CH5CymtSXXc1ZObg0A="},"lastRemoteEphemeralKey":"BbobnALBpd8FLKz221MZQ3HN8Qn4+2E4VRraC/Yt1FsV","previousCounter":0,"rootKey":"XCzYqAcZNvl5Oq4omZMvIorvYsDEaeA5Cc4XcbaVR4c="},"indexInfo":{"baseKey":"Bc0CcVe+ufF36hLqT4+xl7tuk7ptx79fBU2NKIh3aNVV","baseKeyType":1,"closed":-1,"used":1711684401629,"created":1711684401629,"remoteIdentityKey":"BVaxegwCBGILokeNmJG1F1wySzzLRr+H2TS870b4VVgQ"},"_chains":{"BULjgEbfEm28DeaGAo1jpQyYgPVKY8KU/bnxAKQfGCYo":{"chainKey":{"counter":2,"key":"FpibE914Rw/tM8EowPwIKsFLjmwMmCIvNoUnJf8UxpM="},"chainType":1,"messageKeys":{}}},"pendingPreKey":{"signedKeyId":2,"baseKey":"Bc0CcVe+ufF36hLqT4+xl7tuk7ptx79fBU2NKIh3aNVV","preKeyId":10174816}}},"version":"v1"}