{"_sessions":{"BVtqB+2wfNAb76jW+m7NTqZg/RG8wr6GxVDaQbhSBg83":{"registrationId":477838421,"currentRatchet":{"ephemeralKeyPair":{"pubKey":"BSN7e6kxRMoohAodjH2OR8ZDmdSxx1E3HDV1f4U2c/JE","privKey":"UGAb+NUeNvjiatJwNJ0smWR7W5m0gWQfvscHu/HcA1g="},"lastRemoteEphemeralKey":"BXO+PtUpHSIP/wRwry5+zpA33S0msILX16KQNEY3TsZ+","previousCounter":0,"rootKey":"TALr/MZLAhNndDEypLWjGTtWhJL826kZIdOJfOLkzYA="},"indexInfo":{"baseKey":"BVtqB+2wfNAb76jW+m7NTqZg/RG8wr6GxVDaQbhSBg83","baseKeyType":1,"closed":-1,"used":1711684398209,"created":1711684398209,"remoteIdentityKey":"BZNwpBUVqNJQiEWCADJn9sbefitx6fh7L0TFg3oBAqlQ"},"_chains":{"BSN7e6kxRMoohAodjH2OR8ZDmdSxx1E3HDV1f4U2c/JE":{"chainKey":{"counter":7,"key":"Y9fk9y4tWEkFdg/quYZHIMr+MjdLQCiAmoxxOVexfe8="},"chainType":1,"messageKeys":{}}},"pendingPreKey":{"signedKeyId":0,"baseKey":"BVtqB+2wfNAb76jW+m7NTqZg/RG8wr6GxVDaQbhSBg83","preKeyId":950508}}},"version":"v1"}