{"_sessions":{"BWR5LJidujJ/DBWWHWIlX77/hquPPH/EGotodTEIUpk/":{"registrationId":964663867,"currentRatchet":{"ephemeralKeyPair":{"pubKey":"BaP4xCLYnaSTZJhnCkLro4tJSG2QsuK3pFqZV9dr+kJ4","privKey":"UAIdmgM6Ao4aF1ztLN2S2oEErWAyIzk+BuAoW/0lpWQ="},"lastRemoteEphemeralKey":"BUUn49q9/iNjKIRjvUlSaEibxlo5c0QLSr/wnrlFdZ0l","previousCounter":0,"rootKey":"yqfyuTOARFxrNLQNj+DLaVFHxH5WpZR4O+wsuqyIy+8="},"indexInfo":{"baseKey":"BWR5LJidujJ/DBWWHWIlX77/hquPPH/EGotodTEIUpk/","baseKeyType":1,"closed":-1,"used":1711684398897,"created":1711684398897,"remoteIdentityKey":"Ba9YMQSiPvU6ingocCymAFjiMcnwb4bC6DUt7SkjbXpm"},"_chains":{"BaP4xCLYnaSTZJhnCkLro4tJSG2QsuK3pFqZV9dr+kJ4":{"chainKey":{"counter":2,"key":"PaOyV1GKxeKUTTHrUomglAFZISKS30WY4pzNwPbOd6U="},"chainType":1,"messageKeys":{}}},"pendingPreKey":{"signedKeyId":7,"baseKey":"BWR5LJidujJ/DBWWHWIlX77/hquPPH/EGotodTEIUpk/","preKeyId":14901017}}},"version":"v1"}