{"_sessions":{"BdzYyKtK47xPDzxN+wB5R06Fyp7LueTpxy80KE2YSDkC":{"registrationId":1371042768,"currentRatchet":{"ephemeralKeyPair":{"pubKey":"BcK2BXu5km99Zi1asfZCaDB5ZLBearV5G3n5jUj7Actq","privKey":"yDFLKBNKfqjFMslhSsetacsiddLuYajcFcO05UZlBXA="},"lastRemoteEphemeralKey":"BaCrNSWvLF0mFriCilC3MU0w+fd3T+z1oowFvr3SN05R","previousCounter":0,"rootKey":"8cMCW1Glc1dsCiemtNlSIcYUEMXLQM+yxTD68L49Dyg="},"indexInfo":{"baseKey":"BdzYyKtK47xPDzxN+wB5R06Fyp7LueTpxy80KE2YSDkC","baseKeyType":1,"closed":-1,"used":1711684400028,"created":1711684400028,"remoteIdentityKey":"Bcd1Goqzq/eOLw1dvbew7+wqJPKcxaTJ3qAdRD9/WskB"},"_chains":{"BcK2BXu5km99Zi1asfZCaDB5ZLBearV5G3n5jUj7Actq":{"chainKey":{"counter":2,"key":"38eTGM5tX3KeymVsfAa6MNT7pkPljgQ5palMqvmW4Z4="},"chainType":1,"messageKeys":{}}},"pendingPreKey":{"signedKeyId":3,"baseKey":"BdzYyKtK47xPDzxN+wB5R06Fyp7LueTpxy80KE2YSDkC"}}},"version":"v1"}