{"_sessions":{"BbzOhQhl9F0/Vj9DfPUmyAVrj8sCHJqWzpDA3hOQWyVg":{"registrationId":1998666461,"currentRatchet":{"ephemeralKeyPair":{"pubKey":"BX8yik1vN6ddtw1Fd/y4xOwx5XqOJgzCloRaFvQ6+bci","privKey":"8H5sDYku2eONHq7ukTHesfWv1UpPEkuWI76YeG4syE8="},"lastRemoteEphemeralKey":"BSnm+py/574FVv3PG5BcU+OVIFDwNQaaumbdJIpLm1I2","previousCounter":0,"rootKey":"6CsHBCP0q46QQFyBkAN49brMimBSCCs4ku+xfaTep3I="},"indexInfo":{"baseKey":"BbzOhQhl9F0/Vj9DfPUmyAVrj8sCHJqWzpDA3hOQWyVg","baseKeyType":2,"closed":-1,"used":1711684624398,"created":1711684624397,"remoteIdentityKey":"BUvPxJ37eAYdMGm1nK/kimm3xfl6nkwIvDfr0GwHr+8Y"},"_chains":{"BSnm+py/574FVv3PG5BcU+OVIFDwNQaaumbdJIpLm1I2":{"chainKey":{"counter":0,"key":"VZl4hDhQD8Fc1zenudtVYicKzoInBkHFRk3YPwjQuDc="},"chainType":2,"messageKeys":{}},"BX8yik1vN6ddtw1Fd/y4xOwx5XqOJgzCloRaFvQ6+bci":{"chainKey":{"counter":-1,"key":"Y8iy45k4a1+yBwq+MoWDKah+TKmGrI4nDjBq7ClK4+4="},"chainType":1,"messageKeys":{}}}}},"version":"v1"}