{"_sessions":{"BYbwP/t6UOAPwTWDs1r5nPN6hT/aMvNLnERgafEsZVhl":{"registrationId":1969587590,"currentRatchet":{"ephemeralKeyPair":{"pubKey":"BdJn2m47M6fsrTT/hG3llq4UpOl8JSbLw8lAJCepnxla","privKey":"2B22q87tuXpUnPwhFmRzmyscVjiCVZgD/KNgsDMfYWY="},"lastRemoteEphemeralKey":"BR0pb7KEPVR/N6NY5KpYJ7ZxAtqHOfRsf4qxUZGijIE5","previousCounter":0,"rootKey":"gBx6fa8/YKO6UhYdiIF2Xn1jl1uq1TRU1KYdbQjuYQo="},"indexInfo":{"baseKey":"BYbwP/t6UOAPwTWDs1r5nPN6hT/aMvNLnERgafEsZVhl","baseKeyType":1,"closed":-1,"used":1711684399425,"created":1711684399425,"remoteIdentityKey":"BbkeFkpz03cVJlPzn+FEX9eouGK0Wh54EvA2M19S0aRw"},"_chains":{"BdJn2m47M6fsrTT/hG3llq4UpOl8JSbLw8lAJCepnxla":{"chainKey":{"counter":2,"key":"ZjzBZloOMgp6jNWdlB6wQqVw7puE8DwfbY6pdwLZRm8="},"chainType":1,"messageKeys":{}}},"pendingPreKey":{"signedKeyId":1,"baseKey":"BYbwP/t6UOAPwTWDs1r5nPN6hT/aMvNLnERgafEsZVhl","preKeyId":9587424}}},"version":"v1"}