{"_sessions":{"BaC+kE/IcqiSZCs0N2e7NC68K8fh7Ms8S6mXXUOB6rZV":{"registrationId":373288343,"currentRatchet":{"ephemeralKeyPair":{"pubKey":"BfGc/WiI1Wz2o6Mi6beKBMGBOeVUxU0jMT37GZwdMPN/","privKey":"8KfI7700EoGA7vKvyEEz8vJsl7vs5e6jTaA/8RG2Plc="},"lastRemoteEphemeralKey":"BW9eNYWCtGf15YaVqVV2nXElYo+mMAF8RG4ThV7tzqZg","previousCounter":0,"rootKey":"HV8y2GAvZMOfi+b3Hk1VFVHRLYVNDkw8TKZKcyL0FZg="},"indexInfo":{"baseKey":"BaC+kE/IcqiSZCs0N2e7NC68K8fh7Ms8S6mXXUOB6rZV","baseKeyType":1,"closed":-1,"used":1711684399507,"created":1711684399507,"remoteIdentityKey":"BbEHmNnGIfXU2pfTreKm9Gky2g5Ic6p15ZVR8X3o5b4D"},"_chains":{"BfGc/WiI1Wz2o6Mi6beKBMGBOeVUxU0jMT37GZwdMPN/":{"chainKey":{"counter":2,"key":"TiWDRHFeuGKZzlk/D9NxRitvZrOwOfA/kFIRoY52ISE="},"chainType":1,"messageKeys":{}}},"pendingPreKey":{"signedKeyId":3,"baseKey":"BaC+kE/IcqiSZCs0N2e7NC68K8fh7Ms8S6mXXUOB6rZV","preKeyId":3327179}}},"version":"v1"}