{"_sessions":{"BUd4HazE82etErB3YLpKaFd1Z+qEM8zO6Zxn8s5GS9Mn":{"registrationId":1677009504,"currentRatchet":{"ephemeralKeyPair":{"pubKey":"BYYSBozhZ4aaCK2qM5ZLe+vrPaBU/yHMiWF1QwqjMJIO","privKey":"GP+PmZ6V/f6Os2XHS3o/jeIOPzdg0tdYIyM/otm3p30="},"lastRemoteEphemeralKey":"BbBMkXjzxLqB3yO3XwLSfuoHEEctQUvwqOWZkexTzQZz","previousCounter":0,"rootKey":"vR5EedxyNLQlhgL6qjfsrghmm1u1KLAFipqNiiX/FIk="},"indexInfo":{"baseKey":"BUd4HazE82etErB3YLpKaFd1Z+qEM8zO6Zxn8s5GS9Mn","baseKeyType":2,"closed":-1,"used":1711688165565,"created":1711688165565,"remoteIdentityKey":"BTEWkhqtdfSFH1h4gsoRxMZtmeYie/orZdZjU8Qesw4k"},"_chains":{"BbBMkXjzxLqB3yO3XwLSfuoHEEctQUvwqOWZkexTzQZz":{"chainKey":{"counter":0,"key":"6i+Rc5V/bN+0Lmd6VWSydlUB25gqleI0ZBzZy1ZoQ5Y="},"chainType":2,"messageKeys":{}},"BYYSBozhZ4aaCK2qM5ZLe+vrPaBU/yHMiWF1QwqjMJIO":{"chainKey":{"counter":-1,"key":"bjq6UYJuRodI/fCHUdVxECFrwHUei5yOpug+oDwlolI="},"chainType":1,"messageKeys":{}}}}},"version":"v1"}