{"_sessions":{"BdT1GBBwdRsWMgoXjpCMTbG6l1m62wS0iaRQ/muG0+FD":{"registrationId":1368539650,"currentRatchet":{"ephemeralKeyPair":{"pubKey":"Bf/b+LDyTekiNZICqLE2vgfVSrF3yMkaLLJjwxCGTF9z","privKey":"6G2n3gMWoRuYy8knpij2yizjGvwfOidqTFJMkVHXemQ="},"lastRemoteEphemeralKey":"Bf4hJBz2swdzWQlkgJnLjiuvQgm7xNThsSXZJ+QxZFwj","previousCounter":0,"rootKey":"kY/GRVYv5zkwpkjDOY4VxMuFWliEJAnAA81eIU/3y1M="},"indexInfo":{"baseKey":"BdT1GBBwdRsWMgoXjpCMTbG6l1m62wS0iaRQ/muG0+FD","baseKeyType":1,"closed":-1,"used":1711684399732,"created":1711684399732,"remoteIdentityKey":"BV5RgHFP1hqyEMkH9N6KDTO+pnnsVBLYub5TOe3rfIt4"},"_chains":{"Bf/b+LDyTekiNZICqLE2vgfVSrF3yMkaLLJjwxCGTF9z":{"chainKey":{"counter":2,"key":"artfvVKW+SmiTWQIQHQUaD8EP4rok1E5Sb6vDbQWTL4="},"chainType":1,"messageKeys":{}}},"pendingPreKey":{"signedKeyId":0,"baseKey":"BdT1GBBwdRsWMgoXjpCMTbG6l1m62wS0iaRQ/muG0+FD"}}},"version":"v1"}