{"_sessions":{"BTJBoYN1uLm7rZMvD+H/20vRWG14CD946IK2xS9L3S5s":{"registrationId":279182304,"currentRatchet":{"ephemeralKeyPair":{"pubKey":"BUsQgIs64i/KnefC1j0xZPGhttRrMVm5HMxasvVrbo5g","privKey":"aMDY4PAHiR7eQ2iJMai3QfF7rO3SWjql2rfzBWUkA3Q="},"lastRemoteEphemeralKey":"BbvII2nnLdO8DpFQn8xmUxvjitZXYe2BKh0CF90bcUUd","previousCounter":0,"rootKey":"akelIr0WwjiqkWjIKhhOzP3KlR1iWu8R/5vRjkT3qn4="},"indexInfo":{"baseKey":"BTJBoYN1uLm7rZMvD+H/20vRWG14CD946IK2xS9L3S5s","baseKeyType":2,"closed":-1,"used":1711688596380,"created":1711688596380,"remoteIdentityKey":"BbrS3nzmaM6xVySBSiN51wqnn0H493NACuOf9Lbb7MF/"},"_chains":{"BbvII2nnLdO8DpFQn8xmUxvjitZXYe2BKh0CF90bcUUd":{"chainKey":{"counter":0,"key":"8J+xV19SY2xXszMFjWFHBNk5LFs7Kh8XyX8m/PwWysg="},"chainType":2,"messageKeys":{}},"BUsQgIs64i/KnefC1j0xZPGhttRrMVm5HMxasvVrbo5g":{"chainKey":{"counter":-1,"key":"x13X2jKPJK2K8wX7OZ3nU2glVCUELPivbeZedRJ2iFs="},"chainType":1,"messageKeys":{}}}}},"version":"v1"}