{"_sessions":{"BSPxoXlO1yhk4XzOsXSKER1s6zaKFHmh7dC3i4+CFWpP":{"registrationId":1429907628,"currentRatchet":{"ephemeralKeyPair":{"pubKey":"BYM5B5L4IyFAmt8Y7jHyLc2oyNYtBCCDyxvVh7EmXnVt","privKey":"mKLcRUR55lEGwuyfa3gkMiZKLN3T4U2bG8RN4ggH20I="},"lastRemoteEphemeralKey":"BfNdu4A8fMcyVtaVt0i7EX44PITEK6XGsli0mLw1So9t","previousCounter":0,"rootKey":"MNRSue/4oLaHFeNStvFpTblcg/VI6K4opfORMCiALrY="},"indexInfo":{"baseKey":"BSPxoXlO1yhk4XzOsXSKER1s6zaKFHmh7dC3i4+CFWpP","baseKeyType":1,"closed":-1,"used":1711684398826,"created":1711684398826,"remoteIdentityKey":"BaBrrFVsTdlBQMxKCTBVfKYaHO72kIIyMu6z6/KeUnMe"},"_chains":{"BYM5B5L4IyFAmt8Y7jHyLc2oyNYtBCCDyxvVh7EmXnVt":{"chainKey":{"counter":2,"key":"WW80q4qGJdoZ3mdeR30ehcP8C+/hSbNotrIZux/rBGU="},"chainType":1,"messageKeys":{}}},"pendingPreKey":{"signedKeyId":6,"baseKey":"BSPxoXlO1yhk4XzOsXSKER1s6zaKFHmh7dC3i4+CFWpP","preKeyId":5002446}}},"version":"v1"}