{"_sessions":{"BYyosuGkRcoNBMW0iGLCKA3eRasB5Uld0aP7faPrJ5sg":{"registrationId":68991178,"currentRatchet":{"ephemeralKeyPair":{"pubKey":"Bci2iu8DhR8U/7y6NbQTjecwk04jSfiVGT+XqU/jhEZu","privKey":"OJmXw+Mr+6CTIcJdVGI2U70ezK/XW2zlBrOKVtFKjn8="},"lastRemoteEphemeralKey":"BUHKGUk9fOut1vf3m06v7bvqsfXo7nj2hlr8RbigTH0f","previousCounter":0,"rootKey":"NZXMKlxkNnoqsftSAxB2im3Mf0LCfah3CNZqfvUSNu0="},"indexInfo":{"baseKey":"BYyosuGkRcoNBMW0iGLCKA3eRasB5Uld0aP7faPrJ5sg","baseKeyType":2,"closed":-1,"used":1711687272570,"created":1711687272570,"remoteIdentityKey":"BXTFM4JulE2hevQa3jtkG7qIzV3WNOL941GAp574fbVb"},"_chains":{"BUHKGUk9fOut1vf3m06v7bvqsfXo7nj2hlr8RbigTH0f":{"chainKey":{"counter":0,"key":"Xpr2sQ9/J1NUYzRZaYs3xkfT9Vrm8nLeIIqJGqcLed4="},"chainType":2,"messageKeys":{}},"Bci2iu8DhR8U/7y6NbQTjecwk04jSfiVGT+XqU/jhEZu":{"chainKey":{"counter":-1,"key":"VbDvh223b0+bv5foVEzE8L1Hs0KZwJJlUaF1cUwGlfU="},"chainType":1,"messageKeys":{}}}}},"version":"v1"}