{"_sessions":{"BfU+l+7PDbMOP0q2mVlM0KaiPvnRKUQpP3uJxsR8Digy":{"registrationId":1934139133,"currentRatchet":{"ephemeralKeyPair":{"pubKey":"BfgJJStKSUN9m5xgHlI6UBrO8oCewz/4083MkLHKOtsb","privKey":"oG7eHA8bSdTpsI6eN+rqRMsgo/DsKeqEioL5nXXpaUc="},"lastRemoteEphemeralKey":"Be3cIFFZRjZpQ5WW/YDvoPiKa6M3FtfzhcZdZJrorDZV","previousCounter":2,"rootKey":"oVVgSX0kK6Za9qY8CsNlYER4zjRYd01wrNJCkOc6IGU="},"indexInfo":{"baseKey":"BfU+l+7PDbMOP0q2mVlM0KaiPvnRKUQpP3uJxsR8Digy","baseKeyType":1,"closed":-1,"used":1711687266867,"created":1711684400212,"remoteIdentityKey":"Bc/Ag1F1FaZQp4w0Bbrym9PMqYGRQwGdVdqOnKve+zNg"},"_chains":{"Be3cIFFZRjZpQ5WW/YDvoPiKa6M3FtfzhcZdZJrorDZV":{"chainKey":{"counter":0,"key":"T9b1wAJbB0BFXtXKFq5KRnhNEjpf3hSz0pGG4Unhw50="},"chainType":2,"messageKeys":{}},"BfgJJStKSUN9m5xgHlI6UBrO8oCewz/4083MkLHKOtsb":{"chainKey":{"counter":-1,"key":"Y83zCgalI4Unoa9NhJRRwnRaVe9Q9TRYpIe0dCaNQJA="},"chainType":1,"messageKeys":{}}}}},"version":"v1"}