{"_sessions":{"Bb33/tKSdYRhUBLjAHnzsap6i7p+9EdyMnXWo/bR8QQW":{"registrationId":1008522293,"currentRatchet":{"ephemeralKeyPair":{"pubKey":"Bc54YNGJSd9kFvz8YkU+GuTJpm/hu1QukSnZNemgg/U7","privKey":"yI8sguTwQGqM9Bhr3R52hU6juCyEDEbVpwONg1rWbmA="},"lastRemoteEphemeralKey":"BeyFHImmImc3bACFbGOJ3SROUM29v2x7fxPAO027C3U7","previousCounter":0,"rootKey":"iv661QIg75+upS9eeOfxQd2sJzYJGQj8963eMfVyKNA="},"indexInfo":{"baseKey":"Bb33/tKSdYRhUBLjAHnzsap6i7p+9EdyMnXWo/bR8QQW","baseKeyType":2,"closed":-1,"used":1711687266292,"created":1711687266292,"remoteIdentityKey":"BRcTY2zlBZ2PIufU8tRHuHVT/jEBqSLZ/ax0bPOjK0oD"},"_chains":{"BeyFHImmImc3bACFbGOJ3SROUM29v2x7fxPAO027C3U7":{"chainKey":{"counter":0,"key":"00qS1FxceE4JVICOiSW5i8rhEbM3EEq9qurpxuI0V6o="},"chainType":2,"messageKeys":{}},"Bc54YNGJSd9kFvz8YkU+GuTJpm/hu1QukSnZNemgg/U7":{"chainKey":{"counter":-1,"key":"q/uzIO8CP0bIujT/Cjjm7hITfvZw9MLeozmrdjNQ4p8="},"chainType":1,"messageKeys":{}}}}},"version":"v1"}