{"_sessions":{"Bavpnjp1FU2rzsnOD4BDw+ajq7zgvJLLTAJ7rv3NPtVX":{"registrationId":622264358,"currentRatchet":{"ephemeralKeyPair":{"pubKey":"BeyaJydX6K4APx90Y1NuffBfAxJEGXjgl7v/kSNiXOFk","privKey":"MCQHDDKi/Q11F4e391LquYZ/+Br85rGqypHtnlMkm2E="},"lastRemoteEphemeralKey":"BUlFdiSGrezg8q41D9kHNHBi8zBHNx1enaxtfoE6saN+","previousCounter":0,"rootKey":"r/eI1ywOrcBumYpEpKhLJNTT2AaSGyvbakWxx5GUEeU="},"indexInfo":{"baseKey":"Bavpnjp1FU2rzsnOD4BDw+ajq7zgvJLLTAJ7rv3NPtVX","baseKeyType":2,"closed":-1,"used":1711687266078,"created":1711687266078,"remoteIdentityKey":"BdND8eOp17GGkEP8a4zlYYcxoI0icyrc5V3KhCTceUBX"},"_chains":{"BUlFdiSGrezg8q41D9kHNHBi8zBHNx1enaxtfoE6saN+":{"chainKey":{"counter":0,"key":"O5jBYB83E8CVg5BBWeivoOSA9d8u9RuzAWBUrPEmADw="},"chainType":2,"messageKeys":{}},"BeyaJydX6K4APx90Y1NuffBfAxJEGXjgl7v/kSNiXOFk":{"chainKey":{"counter":-1,"key":"TNTSzzVBYRws76cvHjGJ+ZzNn/w7KuRUG1yqP0j4WYM="},"chainType":1,"messageKeys":{}}}}},"version":"v1"}