{"_sessions":{"BW2S+uQ0bDUBT1ExlewyFzBGNmBa8fRUs8mtO9JMe75h":{"registrationId":1227777210,"currentRatchet":{"ephemeralKeyPair":{"pubKey":"BdGt3wuIH7LT/qMHWeAn5+vc4dvxW1da8u+4FEIoanA5","privKey":"aI0Rrr4MDjym9Vljj5xYvHonnxlAvqavZkoDQI85bnY="},"lastRemoteEphemeralKey":"BQ+tP3BNaAWyZtjxttIoXF1fLyjsFulqABndG4T8E65Y","previousCounter":0,"rootKey":"Dz6wxS0XEM9sJNPPtlsW7Tt+dqpvbO/KRtNr9qgeCJY="},"indexInfo":{"baseKey":"BW2S+uQ0bDUBT1ExlewyFzBGNmBa8fRUs8mtO9JMe75h","baseKeyType":1,"closed":-1,"used":1711684399745,"created":1711684399745,"remoteIdentityKey":"BTXLtg9DpH7u8NDtlPt9Q4Cs8i3MTGIlgJ8nlejYHGYc"},"_chains":{"BdGt3wuIH7LT/qMHWeAn5+vc4dvxW1da8u+4FEIoanA5":{"chainKey":{"counter":2,"key":"dsKuanmodlpzY9ExXCGoLYZh5f9iXXhS5a1O5rR9GH8="},"chainType":1,"messageKeys":{}}},"pendingPreKey":{"signedKeyId":24,"baseKey":"BW2S+uQ0bDUBT1ExlewyFzBGNmBa8fRUs8mtO9JMe75h","preKeyId":9492736}}},"version":"v1"}