{"_sessions":{"Bep2y1zKZlyHOH7UJ7+Rirgsrt/6Sn0x5aWXKh7o+owd":{"registrationId":164461562,"currentRatchet":{"ephemeralKeyPair":{"pubKey":"BTAbc8dYZ0rLwoilmo6hTUj6guFiRCkdsRAu807I8LUH","privKey":"aIAAi1HnrbeOE9F+QAY6cBvEfUj5+goKYlFbaSaA80Y="},"lastRemoteEphemeralKey":"BTRCU0MKt0KsuOOdebBdJ0tLSq8IIET6srJSQHhXALZl","previousCounter":0,"rootKey":"MRl2BLXKfYjhO+KbV0n43KONsZ4Yw8mS6kMckx5cEqQ="},"indexInfo":{"baseKey":"Bep2y1zKZlyHOH7UJ7+Rirgsrt/6Sn0x5aWXKh7o+owd","baseKeyType":1,"closed":-1,"used":1711684399612,"created":1711684399612,"remoteIdentityKey":"BQoBzOPOHuZWdnTVxdkDI9O0anhDJK6lK9tQnSuCiodG"},"_chains":{"BTAbc8dYZ0rLwoilmo6hTUj6guFiRCkdsRAu807I8LUH":{"chainKey":{"counter":2,"key":"d37ffbe9opcJsYVc1yezV2wA3+VW3zsfSa4FxU16mMs="},"chainType":1,"messageKeys":{}}},"pendingPreKey":{"signedKeyId":0,"baseKey":"Bep2y1zKZlyHOH7UJ7+Rirgsrt/6Sn0x5aWXKh7o+owd"}}},"version":"v1"}