{"_sessions":{"BSJoch3iLhMO9B8AmciC6sPV8/kwT1SG7e/xpZ3dRKRD":{"registrationId":303134263,"currentRatchet":{"ephemeralKeyPair":{"pubKey":"BXCzjYYb4GPksIKOBeIi+JepitCHGGd1mMPgrV6ejbMf","privKey":"eFDQEzMhgsDOJBHoWlffYfDdOu4YlGGHBvAgKfm/Zm8="},"lastRemoteEphemeralKey":"BXWfAB3JKH4OjH83a2c28lBj6TTVD7oIkCZv+1CjIsd5","previousCounter":0,"rootKey":"1ww3zAzOyjUIIvKLox/a5yCoOiVKqyYJ9ONYhEUiCCk="},"indexInfo":{"baseKey":"BSJoch3iLhMO9B8AmciC6sPV8/kwT1SG7e/xpZ3dRKRD","baseKeyType":1,"closed":-1,"used":1711684401525,"created":1711684401525,"remoteIdentityKey":"BXFXt8FYOvGbZYZN1tZxlmSXE6MFsUXsiHDLOAzrM7wS"},"_chains":{"BXCzjYYb4GPksIKOBeIi+JepitCHGGd1mMPgrV6ejbMf":{"chainKey":{"counter":2,"key":"faMmrsrjcFGb2/k2e7+xRVpyNA4wtRN1mH91spV3q8o="},"chainType":1,"messageKeys":{}}},"pendingPreKey":{"signedKeyId":0,"baseKey":"BSJoch3iLhMO9B8AmciC6sPV8/kwT1SG7e/xpZ3dRKRD","preKeyId":10382213}}},"version":"v1"}