{"_sessions":{"BXggbIdF8eQq7Ki7t4FMbnUwcrC3hVLXlsJAPsZqVugF":{"registrationId":1407501724,"currentRatchet":{"ephemeralKeyPair":{"pubKey":"BVIPeDVYtrd0r4w5K+CdkGNSkhYvTkXdVhD+vaLQ1bt9","privKey":"eOQZzFnKS0ptIFz6XWVaThT0fjksX4OwS8p3hprPtH0="},"lastRemoteEphemeralKey":"BfpXFvR1oukO7BrEt84YAoGkYKaoQ9010mIH8UPG08wg","previousCounter":0,"rootKey":"lycSusqQnjnj0IwFK/NXtPtBYKNf5Q5rhIK0o9fnYwE="},"indexInfo":{"baseKey":"BXggbIdF8eQq7Ki7t4FMbnUwcrC3hVLXlsJAPsZqVugF","baseKeyType":1,"closed":-1,"used":1711684399725,"created":1711684399725,"remoteIdentityKey":"BTbQoHzkvgu2dRN7KmozIN0AmqZJv6dvovRvTAT2yU8g"},"_chains":{"BVIPeDVYtrd0r4w5K+CdkGNSkhYvTkXdVhD+vaLQ1bt9":{"chainKey":{"counter":2,"key":"gu9GWPp/Hl4iBpX86DF+uif/sE7INltMBJj6jiKwsDk="},"chainType":1,"messageKeys":{}}},"pendingPreKey":{"signedKeyId":2,"baseKey":"BXggbIdF8eQq7Ki7t4FMbnUwcrC3hVLXlsJAPsZqVugF","preKeyId":11133684}}},"version":"v1"}