{"_sessions":{"BT31LA7bBzvOId15WcgxjEEM6b5zF7TW5DP6ha4bEjFb":{"registrationId":1531334239,"currentRatchet":{"ephemeralKeyPair":{"pubKey":"BaleM1pKvBuoio4RiH7F3z9FPSq6fKKm+CCM6T90ibV/","privKey":"0KWwB2rruXGmeXlfxDX3q7EV9jkbGLHpbMXilkBfUFk="},"lastRemoteEphemeralKey":"BddaZjJ1ES9w2uFWxDlV26f3twNQq+9XlcU3peRTRjp+","previousCounter":0,"rootKey":"dEutS86+tzypQ1tRU5r7BxIHXLe+TIv2e7HxoV+TFsg="},"indexInfo":{"baseKey":"BT31LA7bBzvOId15WcgxjEEM6b5zF7TW5DP6ha4bEjFb","baseKeyType":1,"closed":-1,"used":1711684401599,"created":1711684401599,"remoteIdentityKey":"BcEQhelnvJ2DlhTpLV2zOudGawO6fZExQD1vb/uqRzpX"},"_chains":{"BaleM1pKvBuoio4RiH7F3z9FPSq6fKKm+CCM6T90ibV/":{"chainKey":{"counter":2,"key":"2vLNs/mgoqBKP5hCtBZFSPM4I1UNohl8ZKNawNmBkts="},"chainType":1,"messageKeys":{}}},"pendingPreKey":{"signedKeyId":1,"baseKey":"BT31LA7bBzvOId15WcgxjEEM6b5zF7TW5DP6ha4bEjFb","preKeyId":13292001}}},"version":"v1"}