{"_sessions":{"Ba6TspU7Ozh1rgIugbYo77Ya1PG9URlJxmUq/WVMDJEI":{"registrationId":1772267453,"currentRatchet":{"ephemeralKeyPair":{"pubKey":"BdkeN5+w1GNgJUsgIrHx/bfsuovyGiH4LFRuEPxc/+Yg","privKey":"yAlwPC3xviPxWQwHyJ8H1offg/32ha+QmbEXPWcrIWk="},"lastRemoteEphemeralKey":"BbYKq8AvjcR/V/76hdNVJjUrsdjzXRYblL1elyJZiRg9","previousCounter":0,"rootKey":"2a/39rG5cfd9MxTVTqxlFYErDE/Nd4hdPy/K/kw6lUE="},"indexInfo":{"baseKey":"Ba6TspU7Ozh1rgIugbYo77Ya1PG9URlJxmUq/WVMDJEI","baseKeyType":1,"closed":-1,"used":1711684400699,"created":1711684400699,"remoteIdentityKey":"BQmKrVH73WSzW1xofG60din6euIul5Z38k7otizlz1Uf"},"_chains":{"BdkeN5+w1GNgJUsgIrHx/bfsuovyGiH4LFRuEPxc/+Yg":{"chainKey":{"counter":2,"key":"IHo7piO17TAZ/aOSQio5DAwDkoiVofCbo5zaHB8jN4E="},"chainType":1,"messageKeys":{}}},"pendingPreKey":{"signedKeyId":0,"baseKey":"Ba6TspU7Ozh1rgIugbYo77Ya1PG9URlJxmUq/WVMDJEI"}}},"version":"v1"}