{"_sessions":{"BWHF3UgvFZTRTjoWhJXokjgvNR4e67jqtlLZ8hf7XMp/":{"registrationId":693659098,"currentRatchet":{"ephemeralKeyPair":{"pubKey":"BWml1BgjGkACK7/JcmUVRpCo1fV5jvubqRFUL7KMz80g","privKey":"yOLPWnZP6f+MTkdZcmnPxCE4BovNsGL8DQfJovwkfEo="},"lastRemoteEphemeralKey":"Bf9f09hm/sx42VcPY2Ycc0IQymPXGm35YioX6hZ4PTAT","previousCounter":0,"rootKey":"/ydhb4ryP5mmjTw1eZ8qovHLAfwzZIxG1z1Wgvx1FP8="},"indexInfo":{"baseKey":"BWHF3UgvFZTRTjoWhJXokjgvNR4e67jqtlLZ8hf7XMp/","baseKeyType":1,"closed":-1,"used":1711684325599,"created":1711684325599,"remoteIdentityKey":"BQ8JvH2UMSE4moqMU+wpZsa1DHAgWl6+jh/C6yhJTegX"},"_chains":{"BWml1BgjGkACK7/JcmUVRpCo1fV5jvubqRFUL7KMz80g":{"chainKey":{"counter":8,"key":"NCh5/OTFsmLzNGrcW7HMkwS/FbH06pUIVrqXpzZGTbw="},"chainType":1,"messageKeys":{}}},"pendingPreKey":{"signedKeyId":9,"baseKey":"BWHF3UgvFZTRTjoWhJXokjgvNR4e67jqtlLZ8hf7XMp/","preKeyId":2175619}}},"version":"v1"}