{"_sessions":{"BR+BELfKqVrnXXHI+ZMSXHiw1ycV2F5vtJzck4uV6Bkx":{"registrationId":632020631,"currentRatchet":{"ephemeralKeyPair":{"pubKey":"BUB2myHHWYOiVF7EeG6V0jzlq0NbQOH8VWOKPB98qHkn","privKey":"+K90reqJnFUjHERK0v4+ev5W8Gij1tJv/cVktDex9k0="},"lastRemoteEphemeralKey":"BQ1SQWNZo3L/AkxSMbW9MLnnjgyRNojnk187ihO7JuF9","previousCounter":0,"rootKey":"8jB04GIZp+30ZtM7eae7z+W3iU7J8qx7MbG3Qynd6Vg="},"indexInfo":{"baseKey":"BR+BELfKqVrnXXHI+ZMSXHiw1ycV2F5vtJzck4uV6Bkx","baseKeyType":1,"closed":-1,"used":1711684400420,"created":1711684400420,"remoteIdentityKey":"BTO77jipsz0EztKlFX6EgaMT/tu+CBvKSQ/6oXFiwsp0"},"_chains":{"BUB2myHHWYOiVF7EeG6V0jzlq0NbQOH8VWOKPB98qHkn":{"chainKey":{"counter":2,"key":"uO1q0+dVaMc+VpYRInV9gk+bAq1qbA3eZz1WDff7bOM="},"chainType":1,"messageKeys":{}}},"pendingPreKey":{"signedKeyId":1,"baseKey":"BR+BELfKqVrnXXHI+ZMSXHiw1ycV2F5vtJzck4uV6Bkx","preKeyId":11917023}}},"version":"v1"}