{"_sessions":{"BfiIhNExCMLDokorevmTVv6ujkRlCjzIeev6fyuU8Llq":{"registrationId":104459624,"currentRatchet":{"ephemeralKeyPair":{"pubKey":"BW2bQOt2GM3rfOjR6FKYRLN4zZ/pfIC9RO2RbxjXUQtu","privKey":"GMJ73BSADM6FL9M0gxWTKXcL/c4eKRH7hiMZrEvLRlc="},"lastRemoteEphemeralKey":"BUjA57XcTLe57TCJ+pxlNTbz1QHr4lUlmWRopiGzcIE6","previousCounter":0,"rootKey":"GpK6qWKs+OcgXYRXC5RnwVgVtJPM2EEbZ2sQhqUJqyg="},"indexInfo":{"baseKey":"BfiIhNExCMLDokorevmTVv6ujkRlCjzIeev6fyuU8Llq","baseKeyType":1,"closed":-1,"used":1711684399010,"created":1711684399010,"remoteIdentityKey":"Be9su/ZS1VkDK57bbZGdh93Mxc6kCxainBsT36TShaoB"},"_chains":{"BW2bQOt2GM3rfOjR6FKYRLN4zZ/pfIC9RO2RbxjXUQtu":{"chainKey":{"counter":2,"key":"v/4XR3vXZIzBUd04Fqby6rP7UNqivswtmMNlKNbD0AY="},"chainType":1,"messageKeys":{}}},"pendingPreKey":{"signedKeyId":5,"baseKey":"BfiIhNExCMLDokorevmTVv6ujkRlCjzIeev6fyuU8Llq"}}},"version":"v1"}