{"_sessions":{"BRFu0KUAnxlVXYq4ng6VSENorOvTO/8lrmd4rIdgjzRb":{"registrationId":1486205324,"currentRatchet":{"ephemeralKeyPair":{"pubKey":"BZum9x7jvYvXxJm/FArWrdm8eFzsik8o6v5yUlUcj0JZ","privKey":"wMImQSykU8THL7XL5DrEbozGg0Z1LC5hhnVv4sOBrmQ="},"lastRemoteEphemeralKey":"Beha4tSb0W407lkl/X/D+CmTialg6K3byua9USBVbTB8","previousCounter":0,"rootKey":"dPd+tzgKfAFgI9TqS+pg1mPolrNuKmtHRH/0kWuGWqg="},"indexInfo":{"baseKey":"BRFu0KUAnxlVXYq4ng6VSENorOvTO/8lrmd4rIdgjzRb","baseKeyType":1,"closed":-1,"used":1711684398025,"created":1711684398025,"remoteIdentityKey":"BR/9PZdkSo0bfUhasO2B1U6suab+avQaOOqk00bBjr46"},"_chains":{"BZum9x7jvYvXxJm/FArWrdm8eFzsik8o6v5yUlUcj0JZ":{"chainKey":{"counter":2,"key":"oq5Fgt8LbExYv4II1Jy0r/XcOOMG3a7m5ckjSzrjX0c="},"chainType":1,"messageKeys":{}}},"pendingPreKey":{"signedKeyId":1,"baseKey":"BRFu0KUAnxlVXYq4ng6VSENorOvTO/8lrmd4rIdgjzRb"}}},"version":"v1"}