{"_sessions":{"BerKSzcqRmw5YggRDpPkUm7h20wcW+a9fru0brBqeTh0":{"registrationId":377225737,"currentRatchet":{"ephemeralKeyPair":{"pubKey":"BQe25rgJeGTpBvJOrTU8sia/WZKow6qyWIXBCF2EnkYM","privKey":"aI9BIZxzSY+BbOOSsmKtjUfnhcnPND4y8c6UXIvsGWk="},"lastRemoteEphemeralKey":"BTZ3jahJB3iaDV6GYO4xyLUvj6xoKO2ImfucvrAGrpMD","previousCounter":0,"rootKey":"QrguhCRYkKTg6DtaSk4Beu8gPAem5YHMth48PAP1MF4="},"indexInfo":{"baseKey":"BerKSzcqRmw5YggRDpPkUm7h20wcW+a9fru0brBqeTh0","baseKeyType":1,"closed":-1,"used":1711684398524,"created":1711684398524,"remoteIdentityKey":"BX2Pr4B8NZV1lteJIgiRg9KMxLkK4iroYq2dwchCF6Vp"},"_chains":{"BQe25rgJeGTpBvJOrTU8sia/WZKow6qyWIXBCF2EnkYM":{"chainKey":{"counter":2,"key":"G7r50RnTAESqCcULCY1TnfJA28GDBLayQvyDFghKFEI="},"chainType":1,"messageKeys":{}}},"pendingPreKey":{"signedKeyId":20,"baseKey":"BerKSzcqRmw5YggRDpPkUm7h20wcW+a9fru0brBqeTh0","preKeyId":8746029}}},"version":"v1"}