{"_sessions":{"BSlslLS8zwp5ZWwlXaYzY6QTbykB/PdFxAUp5A9d+mFd":{"registrationId":886352399,"currentRatchet":{"ephemeralKeyPair":{"pubKey":"BU33Ly0saoh/qEPTHsKREGGry003NrYNvUkX+BOVAKsW","privKey":"MHrfRTvYje5x3jPHe7cZk0VA/5vvq0qZ+51QfHh1lFM="},"lastRemoteEphemeralKey":"BUtzBBWKMy5p8n1MgECUgLRB5qBK+OyNEW4jQJMuUJwj","previousCounter":0,"rootKey":"xwn7fYByciy8dNz/ioCuOLOq9gtN79o7wyJc+IV75jU="},"indexInfo":{"baseKey":"BSlslLS8zwp5ZWwlXaYzY6QTbykB/PdFxAUp5A9d+mFd","baseKeyType":1,"closed":-1,"used":1711684400599,"created":1711684400599,"remoteIdentityKey":"BXDmc6TqAQzhpkVUUdNsx5l9XElEdm7tL4EwRla9ep9c"},"_chains":{"BU33Ly0saoh/qEPTHsKREGGry003NrYNvUkX+BOVAKsW":{"chainKey":{"counter":2,"key":"WvZ9wGNOVVJ9z+fHGsgHdYTs7+mypakHZ10yrfPpYKs="},"chainType":1,"messageKeys":{}}},"pendingPreKey":{"signedKeyId":0,"baseKey":"BSlslLS8zwp5ZWwlXaYzY6QTbykB/PdFxAUp5A9d+mFd"}}},"version":"v1"}