{"_sessions":{"Bas1eb95wEN74Qse1/8lvzOGgW/JD6mZ4ajayw/wDUJ5":{"registrationId":2129445199,"currentRatchet":{"ephemeralKeyPair":{"pubKey":"BdOR329JrkSfuCN1bEVHT/osjCI5YSL9eK9Vvrcsb7Y7","privKey":"IMc7ZJJ/Tiq29ovkIlgu0woMQBWYGwL+DL8J6oVPGUE="},"lastRemoteEphemeralKey":"BX0QmQk5pL4129o9v350JVzDpLf+DiGg+M1whC5CL+Yy","previousCounter":0,"rootKey":"oTOwVNEj56yOL4+ADzERLXygHlXYIaFvRGTk0IRPd88="},"indexInfo":{"baseKey":"Bas1eb95wEN74Qse1/8lvzOGgW/JD6mZ4ajayw/wDUJ5","baseKeyType":2,"closed":-1,"used":1711685611180,"created":1711685611179,"remoteIdentityKey":"BVF96AYK8eRknhyIf0ha6FUSNHPuPAVWj7e12g1rKeQk"},"_chains":{"BX0QmQk5pL4129o9v350JVzDpLf+DiGg+M1whC5CL+Yy":{"chainKey":{"counter":2,"key":"jnQ4a9fxQLqhqyA2vw3kmkXYX+NXZ2tH6HuGkr5lpl4="},"chainType":2,"messageKeys":{}},"BdOR329JrkSfuCN1bEVHT/osjCI5YSL9eK9Vvrcsb7Y7":{"chainKey":{"counter":-1,"key":"959kWb9YypqWlnLFxxMYBIjoTlNKF5ckoMtm/pvcwVA="},"chainType":1,"messageKeys":{}}}}},"version":"v1"}