{"_sessions":{"BZFE+6ZLTmccrcTQfa7phNsbjvRX+Yt5hx1WuwX7BMUC":{"registrationId":1156494091,"currentRatchet":{"ephemeralKeyPair":{"pubKey":"BbcWgZltimSLYoX16rZQ0GgvmbSgUZISj3xmq+UXWuIX","privKey":"CPmBOVSofaI8hXKeWODjzurjT6R6WG8cVPJCJHkWdlM="},"lastRemoteEphemeralKey":"BWGU8STfOQEZjNgBHrwPrpsU98AoQFAwQUz5yxIebZ1h","previousCounter":0,"rootKey":"fryOSEsyKgzMyfb52EsJ6as7OOgQX0kE70tScJEt/94="},"indexInfo":{"baseKey":"BZFE+6ZLTmccrcTQfa7phNsbjvRX+Yt5hx1WuwX7BMUC","baseKeyType":1,"closed":-1,"used":1711684399520,"created":1711684399520,"remoteIdentityKey":"BVHLd5a/G4+DaLX0HhEVSL5HI8sVRrpoGjANDCma7nMY"},"_chains":{"BbcWgZltimSLYoX16rZQ0GgvmbSgUZISj3xmq+UXWuIX":{"chainKey":{"counter":2,"key":"XNnefda5Cn+0YWCLCOf72BEQjOSCInbPKHEtEx3tM2M="},"chainType":1,"messageKeys":{}}},"pendingPreKey":{"signedKeyId":0,"baseKey":"BZFE+6ZLTmccrcTQfa7phNsbjvRX+Yt5hx1WuwX7BMUC","preKeyId":16238952}}},"version":"v1"}