{"_sessions":{"BWJ6l8M2DYej3mFFq88htZrUlL6mK11H5pW31HZErcQ3":{"registrationId":2002514738,"currentRatchet":{"ephemeralKeyPair":{"pubKey":"BYDvZLiB7L7hM/w5lEZ6yu8EaTFeQGpz7+VwMWePJBdA","privKey":"QIhkRKGQEYxB4O1ftESH35WBhQ2POBU6Hd3c2yrMjkA="},"lastRemoteEphemeralKey":"BZrFQgBqZMsvc3eseanC95nSIX1FglLJdbp3AKl8vvtk","previousCounter":0,"rootKey":"BpcmH45WMJ+irafbTEP6c/Ct/6HS+RC+4iue6ENU4N8="},"indexInfo":{"baseKey":"BWJ6l8M2DYej3mFFq88htZrUlL6mK11H5pW31HZErcQ3","baseKeyType":2,"closed":-1,"used":1711688749080,"created":1711688749080,"remoteIdentityKey":"BVqD6UYSIFFsNRGy/OgXJKxnJMR2zsFDhl/Nike14g07"},"_chains":{"BZrFQgBqZMsvc3eseanC95nSIX1FglLJdbp3AKl8vvtk":{"chainKey":{"counter":0,"key":"1gZLwiJNjLFw3ND1n5sHDjSM+Vw/yNxnaxSHQp/ajeI="},"chainType":2,"messageKeys":{}},"BYDvZLiB7L7hM/w5lEZ6yu8EaTFeQGpz7+VwMWePJBdA":{"chainKey":{"counter":-1,"key":"rtro27zqWzNRHSbwExdFJ28vMCAwoG3yHWX8wqvJeVU="},"chainType":1,"messageKeys":{}}}}},"version":"v1"}