{"_sessions":{"BYnjJUxE0xeRlfxGMmFXdhvkgrEf/ujZgoFBl7Mq/qth":{"registrationId":11510,"currentRatchet":{"ephemeralKeyPair":{"pubKey":"BWoR2IeAixVgevdVISmxwfmV2VJAIlmSyd7hEcgPjSVA","privKey":"QJIFrvyXz9Kk9+dMyAmzrWS428t4LGwRN8h6yoPi33E="},"lastRemoteEphemeralKey":"BSVo5JqsK3P3zvRlp1g0qbIRY98olLllrjsLbfxCwIEN","previousCounter":0,"rootKey":"PMaKnCQg0B8a52Q5IVpgBRrmUI+FKAGdr3gVF4QaRl0="},"indexInfo":{"baseKey":"BYnjJUxE0xeRlfxGMmFXdhvkgrEf/ujZgoFBl7Mq/qth","baseKeyType":1,"closed":-1,"used":1711684398019,"created":1711684398019,"remoteIdentityKey":"BURekcdDpy3hBCdS3CmBnXWq+JjSiHbUahqJHD+fFHh9"},"_chains":{"BWoR2IeAixVgevdVISmxwfmV2VJAIlmSyd7hEcgPjSVA":{"chainKey":{"counter":2,"key":"TbS49BMOv3NhNkIVvRLIwHwihYTyjXOz8YEOciQU8Ag="},"chainType":1,"messageKeys":{}}},"pendingPreKey":{"signedKeyId":1,"baseKey":"BYnjJUxE0xeRlfxGMmFXdhvkgrEf/ujZgoFBl7Mq/qth"}}},"version":"v1"}