{"_sessions":{"BVQ0MXfeYhwXFpajG6F+8T4Clo3vKIw2GyBWXjn+DzpK":{"registrationId":1929173413,"currentRatchet":{"ephemeralKeyPair":{"pubKey":"BWr7bB51xFOTUiVDonp+R1oWGY05PI3ySQ5YZjflOuZc","privKey":"cFRpzSNjxbNC8UMLyQY+JLcPoowMmkYzd+TIXNFBKGM="},"lastRemoteEphemeralKey":"Ba61/bs5zCltg1qxnSKUb5tDwGkbzqVFb8v53t4kyG0n","previousCounter":0,"rootKey":"KOw5nZrDE44DDlmZVjU9IdsabraePo9gLM4d9ud6ufQ="},"indexInfo":{"baseKey":"BVQ0MXfeYhwXFpajG6F+8T4Clo3vKIw2GyBWXjn+DzpK","baseKeyType":1,"closed":-1,"used":1711684399037,"created":1711684399037,"remoteIdentityKey":"BRnhacbBfe+kv9RVraPpyZb2gpXn919HQbOgNTT0tQ86"},"_chains":{"BWr7bB51xFOTUiVDonp+R1oWGY05PI3ySQ5YZjflOuZc":{"chainKey":{"counter":2,"key":"sFzNVLb/pOh5uhuglltvdFILLHz8bXwdYZYUj5t+i7g="},"chainType":1,"messageKeys":{}}},"pendingPreKey":{"signedKeyId":2,"baseKey":"BVQ0MXfeYhwXFpajG6F+8T4Clo3vKIw2GyBWXjn+DzpK","preKeyId":15105414}}},"version":"v1"}