{"_sessions":{"BdV2mVzT8lIKHaPKx9Iw4qnOIYYDVxaFvJTnA5zPOp9X":{"registrationId":524817242,"currentRatchet":{"ephemeralKeyPair":{"pubKey":"BW7z4hQAUng0+IkzB7e+VX/PfEhGnqSBUg0UVLiJyaw1","privKey":"oImrCfRxmD+EAqLEYFNI6Bto+BYoHjpXII1yPDG2IG0="},"lastRemoteEphemeralKey":"BR8UXMfwzZtWYj62f2oqh5BdoDdLhRun8lTdgSqA128a","previousCounter":0,"rootKey":"seVXiiZCHrTliLe50DMbQH1oKYqjWsEbCxRKZhhlTM0="},"indexInfo":{"baseKey":"BdV2mVzT8lIKHaPKx9Iw4qnOIYYDVxaFvJTnA5zPOp9X","baseKeyType":1,"closed":-1,"used":1711684399411,"created":1711684399411,"remoteIdentityKey":"BV6SXYjDHo7lHx7YpiKI6NoS8vGe4da+RG+YNDKNgMkV"},"_chains":{"BW7z4hQAUng0+IkzB7e+VX/PfEhGnqSBUg0UVLiJyaw1":{"chainKey":{"counter":2,"key":"BOUkCQIs49ksuoh63qMOuT0B4KKtQ0VERFTYxF7tFsM="},"chainType":1,"messageKeys":{}}},"pendingPreKey":{"signedKeyId":3,"baseKey":"BdV2mVzT8lIKHaPKx9Iw4qnOIYYDVxaFvJTnA5zPOp9X","preKeyId":9317481}}},"version":"v1"}