{"_sessions":{"BeK+Aya7HMqCu77SpQTaDoGmRi+sC7fr0TY/aEo+LOFA":{"registrationId":705801503,"currentRatchet":{"ephemeralKeyPair":{"pubKey":"BdjgiqfccUUpWuDmwJ7WA17r8zz/ZcH9ZKomm31vszNp","privKey":"QHNyPjb3oEK9PtV9z2pLkRxYMdFQ0LV+i/9xvHClWkA="},"lastRemoteEphemeralKey":"BXYrvFzW59nQpff+oRC+QdexXKegITptg48IUYoDrxoU","previousCounter":0,"rootKey":"1TdjBSsBozFBCHjprpJAJf3g80gNSO2wVFVOY4qdZxc="},"indexInfo":{"baseKey":"BeK+Aya7HMqCu77SpQTaDoGmRi+sC7fr0TY/aEo+LOFA","baseKeyType":1,"closed":-1,"used":1711684400118,"created":1711684400118,"remoteIdentityKey":"BdIkt1J9hVzyRqKhkFHGX6T9S9Civ7HLneD6DOrbp2kU"},"_chains":{"BdjgiqfccUUpWuDmwJ7WA17r8zz/ZcH9ZKomm31vszNp":{"chainKey":{"counter":2,"key":"4KvWTKvsCt+co4hYNPMBZjYT63Tp2jpUKCNWkKTfdWw="},"chainType":1,"messageKeys":{}}},"pendingPreKey":{"signedKeyId":2,"baseKey":"BeK+Aya7HMqCu77SpQTaDoGmRi+sC7fr0TY/aEo+LOFA","preKeyId":14848113}}},"version":"v1"}