{"_sessions":{"BaFJL5oc7D4ritfCDSt6u+lUixztopXurWj0MX4NiC8e":{"registrationId":1720137922,"currentRatchet":{"ephemeralKeyPair":{"pubKey":"BU7LI+gqcCkjkUNJgUkn8rh1trCHgFBXxI7chDq+uvBa","privKey":"kHmFQTVVBhpWzBo6CCHvG5xFiXlV7ZZV1585KR5nUEw="},"lastRemoteEphemeralKey":"BR01vFhsLoOAxsfBK5c/JpHkQqsdfkR6gW4JNqSTb1Ul","previousCounter":0,"rootKey":"vF3edWWlWc51kTG150YNQGuxoxYW5hR1wb4BPQF1oBc="},"indexInfo":{"baseKey":"BaFJL5oc7D4ritfCDSt6u+lUixztopXurWj0MX4NiC8e","baseKeyType":1,"closed":-1,"used":1711684401534,"created":1711684401534,"remoteIdentityKey":"BRhaaomffSpj1peswxn4O97HpOAOB63ZxJTd87Io4YMz"},"_chains":{"BU7LI+gqcCkjkUNJgUkn8rh1trCHgFBXxI7chDq+uvBa":{"chainKey":{"counter":2,"key":"Gfiq17F0+U9r6XdZWdu+kAZ9XaiWQR79PDP8Jws0FLU="},"chainType":1,"messageKeys":{}}},"pendingPreKey":{"signedKeyId":7,"baseKey":"BaFJL5oc7D4ritfCDSt6u+lUixztopXurWj0MX4NiC8e","preKeyId":5660809}}},"version":"v1"}