{"_sessions":{"BfS+rRsMwOllrkLRo/rAABIe9CXZVpXOIFMvw6yRNYAp":{"registrationId":1423146311,"currentRatchet":{"ephemeralKeyPair":{"pubKey":"BeZou6W0ocePZFfh9NxLw++bslfpj4zmk0vHlqcYsll7","privKey":"QI6RnYxVaVWVaiLJu+jMxCsWnRLYJ4EUZ9s2l1g6Dng="},"lastRemoteEphemeralKey":"BSW3LASh2BqWjJYbTk299kfsIFZyXKZc2hY8aV7ZtUk+","previousCounter":0,"rootKey":"+ujSaCW8eTKoLpdAix5CTpQDGFmLOjg/F+gc8NGjP/E="},"indexInfo":{"baseKey":"BfS+rRsMwOllrkLRo/rAABIe9CXZVpXOIFMvw6yRNYAp","baseKeyType":1,"closed":-1,"used":1711684528731,"created":1711684528731,"remoteIdentityKey":"BUwzitPfOBX8EgFdh9/6Y3NZJroT7s6CGe4y3iQpAP9q"},"_chains":{"BeZou6W0ocePZFfh9NxLw++bslfpj4zmk0vHlqcYsll7":{"chainKey":{"counter":4,"key":"3h+gczMiYOTr8FuAqfKJLIQe+8jls8ap63csnStfB9c="},"chainType":1,"messageKeys":{}}},"pendingPreKey":{"signedKeyId":0,"baseKey":"BfS+rRsMwOllrkLRo/rAABIe9CXZVpXOIFMvw6yRNYAp","preKeyId":5613455}}},"version":"v1"}