{"_sessions":{"BVXzWiaEpE+ClQDcofgWNCBou47mH2LtWP09v6/KVh0z":{"registrationId":2106936579,"currentRatchet":{"ephemeralKeyPair":{"pubKey":"BU+rTXINumTKhUhPm4VZBiZJ+jHDAZ3RxoNyMbch70Zr","privKey":"0DM8tpKeRWnfC4MOAQlLZZC4rivIg7AfuA2B13C7tHI="},"lastRemoteEphemeralKey":"BXyUMI3TRd/VyhT4558LDa11HhtqLv4X7oqw4mPwBMZ6","previousCounter":0,"rootKey":"mpmPAlMVlbjMTmf8aAtLd2STkyhGbrowpH+NKJbN3NI="},"indexInfo":{"baseKey":"BVXzWiaEpE+ClQDcofgWNCBou47mH2LtWP09v6/KVh0z","baseKeyType":2,"closed":-1,"used":1711684001263,"created":1711684001263,"remoteIdentityKey":"BRincQcYP5/SDc4d9/OQrWM1vmUo5FpPj4Gte5JZP0I2"},"_chains":{"BXyUMI3TRd/VyhT4558LDa11HhtqLv4X7oqw4mPwBMZ6":{"chainKey":{"counter":1,"key":"EijVyY0i50stidJZ2YYlAxSaKg4SCkltnVwUs04V1Jo="},"chainType":2,"messageKeys":{}},"BU+rTXINumTKhUhPm4VZBiZJ+jHDAZ3RxoNyMbch70Zr":{"chainKey":{"counter":-1,"key":"yZsrk41xHhRQz+yu9Y8d4cewSpSs37YH6eLIlM1t5UU="},"chainType":1,"messageKeys":{}}}}},"version":"v1"}