{"_sessions":{"BXVcfK27sZilo1tzNEkCxJo1TOM/P5dEzxuiyA3+6vhI":{"registrationId":919625625,"currentRatchet":{"ephemeralKeyPair":{"pubKey":"BTJPQTUB3dztaIIkdDHY6C1D2gqlY077EFcxopJK1wxI","privKey":"aMF52/g4YPtJSsiLlI+Ldt1Bqnwq29+1/uLaBGkhP20="},"lastRemoteEphemeralKey":"BS6IQsfsYlpWZGHGwFDrobUzqiXh3wDNQUuAtIMaqxNK","previousCounter":0,"rootKey":"z3bukF0H2ZY2OjDb2nPLyEWvEzH6wbvGqQc99rVHcfo="},"indexInfo":{"baseKey":"BXVcfK27sZilo1tzNEkCxJo1TOM/P5dEzxuiyA3+6vhI","baseKeyType":1,"closed":-1,"used":1711684399914,"created":1711684399914,"remoteIdentityKey":"BbCohdUnFPLzmjiB7OC8f6vH4LSbKkPiSMUY2XdlExth"},"_chains":{"BTJPQTUB3dztaIIkdDHY6C1D2gqlY077EFcxopJK1wxI":{"chainKey":{"counter":2,"key":"C0+XGRyF6r23VtOMw4kOPZDia/KacpakqIeGmDxH9hc="},"chainType":1,"messageKeys":{}}},"pendingPreKey":{"signedKeyId":11,"baseKey":"BXVcfK27sZilo1tzNEkCxJo1TOM/P5dEzxuiyA3+6vhI","preKeyId":3996496}}},"version":"v1"}