{"_sessions":{"BbvqNyrOlkV9ygOEsbAgj4UhOG2MmZk29nBL5M3EP3kO":{"registrationId":197530546,"currentRatchet":{"ephemeralKeyPair":{"pubKey":"BUy5rN753l2MupwD8K0rxv6Q0fpl41AoKVk14NrFblRO","privKey":"ODi+Zs1+2LkkcCO7auEPnZv6Ykf0ZFkEMy0FhsDCJ2U="},"lastRemoteEphemeralKey":"Bb8KLEKamW8I6/34MW/2poD3AZLvegIcDkHHVep+ckhh","previousCounter":0,"rootKey":"tEr5Bek1juRNUY0nMxsIwX4Oa0I8vU8B5LBpyGAGjAk="},"indexInfo":{"baseKey":"BbvqNyrOlkV9ygOEsbAgj4UhOG2MmZk29nBL5M3EP3kO","baseKeyType":1,"closed":-1,"used":1711684400124,"created":1711684400124,"remoteIdentityKey":"BcK8Ga1AQ/TeoQ8tX6ZN5LCh/hj1NiQ2Bh4W2GrZWHN5"},"_chains":{"BUy5rN753l2MupwD8K0rxv6Q0fpl41AoKVk14NrFblRO":{"chainKey":{"counter":2,"key":"9mOFTTJOUOH6wHP68LM+OfD8QMT00k8misnm6RlhnOk="},"chainType":1,"messageKeys":{}}},"pendingPreKey":{"signedKeyId":10,"baseKey":"BbvqNyrOlkV9ygOEsbAgj4UhOG2MmZk29nBL5M3EP3kO","preKeyId":8862020}}},"version":"v1"}