{"_sessions":{"BXp+JQMYXdcpUZ2PksgiJxxeRcywyLbZuN1yexItF6Md":{"registrationId":355202060,"currentRatchet":{"ephemeralKeyPair":{"pubKey":"BSZv/Y9GOxRlWKYTcy3VMfiPCvfSkida+U3pj0z/6/Ij","privKey":"GC16FzI6ln+NYJrSgRkP0Jzv4bdYrvBpy6mSBRBOyFU="},"lastRemoteEphemeralKey":"BaG4xFS5j91vqPbVST6GluaEOm8V5y6uNJF6jhUmTgRD","previousCounter":0,"rootKey":"Kln3LUoedGPnSJaqKlpkHAL5EzFG0Ia70J8Y8xuTXVk="},"indexInfo":{"baseKey":"BXp+JQMYXdcpUZ2PksgiJxxeRcywyLbZuN1yexItF6Md","baseKeyType":1,"closed":-1,"used":1711684401205,"created":1711684401205,"remoteIdentityKey":"BSrMO9G7XpVhmwTPTuZVub3pK/PS6q+Hx/BEUSVT1a1U"},"_chains":{"BSZv/Y9GOxRlWKYTcy3VMfiPCvfSkida+U3pj0z/6/Ij":{"chainKey":{"counter":2,"key":"ZP/FK7AWecEHHQSbDmXexLF21fnhwcPcVHDKQhoM4oc="},"chainType":1,"messageKeys":{}}},"pendingPreKey":{"signedKeyId":2,"baseKey":"BXp+JQMYXdcpUZ2PksgiJxxeRcywyLbZuN1yexItF6Md","preKeyId":9177232}}},"version":"v1"}