{"_sessions":{"BarmEARqvxcFwlIoFoeyoyigTcsdAKtTUrE+dZUxwso1":{"registrationId":658448591,"currentRatchet":{"ephemeralKeyPair":{"pubKey":"BR231lIQ+/r3qItHI2fzNXwB+cXfl8Jb9E04bRSrUEAT","privKey":"2LvcCAVeMg55rYP61JsAp22Lfk1Jvk793HtLyRp9C0s="},"lastRemoteEphemeralKey":"BZ/IxBPUVToPsgU+L25Z9fAOO5cDQPTHjsl5xIgUtJUe","previousCounter":0,"rootKey":"9ZhLTtk5/nMQgioj+jvaHi2mHtauuf806U4uayMHhAw="},"indexInfo":{"baseKey":"BarmEARqvxcFwlIoFoeyoyigTcsdAKtTUrE+dZUxwso1","baseKeyType":2,"closed":-1,"used":1711685611680,"created":1711685611680,"remoteIdentityKey":"BU0WOX+PNHYZTtqFygv9G8J0GhXq5Q6wuZfKFohwnDw/"},"_chains":{"BZ/IxBPUVToPsgU+L25Z9fAOO5cDQPTHjsl5xIgUtJUe":{"chainKey":{"counter":0,"key":"rEXpifgmoZZ2l/1BC1hK3eaj5IsQEIN0aAvpmjHLOYI="},"chainType":2,"messageKeys":{}},"BR231lIQ+/r3qItHI2fzNXwB+cXfl8Jb9E04bRSrUEAT":{"chainKey":{"counter":-1,"key":"Iy5Lf1XAhibS1rMXSzAGRt4SSdg0HHEkay/roHa8mo0="},"chainType":1,"messageKeys":{}}}}},"version":"v1"}