{"_sessions":{"BXHIaOg0z1lCdg/gb/s9AwB4vUrn8Muf65gqKuU8BRFO":{"registrationId":805622211,"currentRatchet":{"ephemeralKeyPair":{"pubKey":"BV5VVK1omu8A5/lqUKgOx+4mqoHRh7CwLgeHoEseWQZ+","privKey":"SMN4PKwhA9GtgERXNPRZru7+78DN2t0ZixUX9AUUd3M="},"lastRemoteEphemeralKey":"BcjbCs4u766A2a1ch2CiaJjppo7zDlxNJOYFg0hLR0sf","previousCounter":0,"rootKey":"+pwrdQH0BtjXf4OilibdjwhRiqLqzg3+AWZ2BgM7NRQ="},"indexInfo":{"baseKey":"BXHIaOg0z1lCdg/gb/s9AwB4vUrn8Muf65gqKuU8BRFO","baseKeyType":2,"closed":-1,"used":1711685644912,"created":1711685644912,"remoteIdentityKey":"BTl1RKQ8e9iq0sR8EVRYkZoppwrxp2QqgwgX2j8t6TYK"},"_chains":{"BcjbCs4u766A2a1ch2CiaJjppo7zDlxNJOYFg0hLR0sf":{"chainKey":{"counter":0,"key":"2jL3JZtDI+vYvXinl/NWPmoVTPwtMK/YXwjje0Xim6Y="},"chainType":2,"messageKeys":{}},"BV5VVK1omu8A5/lqUKgOx+4mqoHRh7CwLgeHoEseWQZ+":{"chainKey":{"counter":-1,"key":"cR5SR5eRtTikj44ISTbHeJ/ApCw4LOvIa1k/pLNzZI8="},"chainType":1,"messageKeys":{}}}}},"version":"v1"}