{"_sessions":{"BecWDBRW/JHGd84wl9Ffp4weMgX7K60zZKpEWu6Cl0Bx":{"registrationId":774514309,"currentRatchet":{"ephemeralKeyPair":{"pubKey":"BQ9Fx19wei9XsFQIJbx/+bM425Pzm24I4bjfuy+MQ0Ih","privKey":"YGcLQQNsQedZSu87jwDNIVrG+xW5lfm3+LS9SFgnQ0Y="},"lastRemoteEphemeralKey":"Bdg9PRJPDVi8OZQkD7/snJRaCKHZmFsvuxvLmG/LgdlH","previousCounter":0,"rootKey":"1KunZ0MA00WnsGPZYGbp6dMcIWA7rZ2i912z1dNSW/4="},"indexInfo":{"baseKey":"BecWDBRW/JHGd84wl9Ffp4weMgX7K60zZKpEWu6Cl0Bx","baseKeyType":1,"closed":-1,"used":1711684400024,"created":1711684400024,"remoteIdentityKey":"BYObxIsrGkukdS/aEfXuvDRt5O+bJ9r37yUl94o/pzQM"},"_chains":{"BQ9Fx19wei9XsFQIJbx/+bM425Pzm24I4bjfuy+MQ0Ih":{"chainKey":{"counter":2,"key":"gyekAY6hZsIYyvZf6z3Sl4SbHDCuXrb8naCNBUP5wWs="},"chainType":1,"messageKeys":{}}},"pendingPreKey":{"signedKeyId":0,"baseKey":"BecWDBRW/JHGd84wl9Ffp4weMgX7K60zZKpEWu6Cl0Bx"}}},"version":"v1"}