{"_sessions":{"BTjuBNxjadBwO/jKxHD9c+h1aqByZqPNfPZtrUYki5oe":{"registrationId":101138313,"currentRatchet":{"ephemeralKeyPair":{"pubKey":"BaCa1BHT0p0OxavY3kiNS0NlsNY0TYHo12I5dleqWVtM","privKey":"MDA4vQXtP6OZTW+jgEjbTgxMFFPJrRSZcwg/ngueI1k="},"lastRemoteEphemeralKey":"BVISV5a5M4gx0MX66EmFRHFY+kW+OAsCyL6TgfRrfhlp","previousCounter":0,"rootKey":"X/AiQQRhwr5JVMfeHjtpECNx2Z7dldhoQezvQJlxz9Y="},"indexInfo":{"baseKey":"BTjuBNxjadBwO/jKxHD9c+h1aqByZqPNfPZtrUYki5oe","baseKeyType":1,"closed":-1,"used":1711684399606,"created":1711684399606,"remoteIdentityKey":"BaOPQ7eWt8h/1I/VlljDXVrBaGadNr3rcPBOQI91gOt2"},"_chains":{"BaCa1BHT0p0OxavY3kiNS0NlsNY0TYHo12I5dleqWVtM":{"chainKey":{"counter":7,"key":"m+Su3SBbARzteq5/g4ZVv0Vaql9fHSa/DeOV27JRQys="},"chainType":1,"messageKeys":{}}},"pendingPreKey":{"signedKeyId":0,"baseKey":"BTjuBNxjadBwO/jKxHD9c+h1aqByZqPNfPZtrUYki5oe"}}},"version":"v1"}