{"_sessions":{"BRIeXWs7Qw6g/bV46tkevBxPXysihm2UAMixq2on8/si":{"registrationId":584910918,"currentRatchet":{"ephemeralKeyPair":{"pubKey":"BdwXATapcvOFO4XTAmF7p8C/w86Sz6lpAdlMwkXJIgUx","privKey":"ONzbrIFur7CM3aQuGXHVrxUrqZjhZiXpxZ19RBqLLn0="},"lastRemoteEphemeralKey":"BVs+U7+BD2NKC3M4kJK3g4MffsK4x5rv036ihzoar24k","previousCounter":0,"rootKey":"obpS4bB+mhOx/VjgDf1eZGThfVfjvtk0ofVX1Rh01E0="},"indexInfo":{"baseKey":"BRIeXWs7Qw6g/bV46tkevBxPXysihm2UAMixq2on8/si","baseKeyType":1,"closed":-1,"used":1711684399942,"created":1711684399942,"remoteIdentityKey":"BZXnKSN+RmhvAFk15hqTF9nph1qnyHasxjjgnq2jKLdX"},"_chains":{"BdwXATapcvOFO4XTAmF7p8C/w86Sz6lpAdlMwkXJIgUx":{"chainKey":{"counter":2,"key":"otV5OyjEIAJ9ECwnxwvLXIbO1aJ2Qq+cBA7bvbvCFyo="},"chainType":1,"messageKeys":{}}},"pendingPreKey":{"signedKeyId":1,"baseKey":"BRIeXWs7Qw6g/bV46tkevBxPXysihm2UAMixq2on8/si"}}},"version":"v1"}