{"_sessions":{"BaCMygQkE3/GItXQ2MX3LbTHwZHP51rR9NceKf+A7b0e":{"registrationId":791443927,"currentRatchet":{"ephemeralKeyPair":{"pubKey":"BVOzIOvd9CQbX2c1WZ/n74CJ/zUp5DHv0Nb7n45Nfage","privKey":"sHEFl9KHuYd9WvD0B3TfH70CjP1AEBOx7xVkv6iuCUA="},"lastRemoteEphemeralKey":"BRYLAP4ZTHxxODk6uyxNyFSOwmHF+kAaBh9qLq8+kEUs","previousCounter":0,"rootKey":"no1pOkdl2phyzPJ2NKjcNMPAZZMO02TsOfHjdw6txyA="},"indexInfo":{"baseKey":"BaCMygQkE3/GItXQ2MX3LbTHwZHP51rR9NceKf+A7b0e","baseKeyType":2,"closed":-1,"used":1711687267777,"created":1711687267777,"remoteIdentityKey":"BctOotnL28xWWHrWWlgBP84vGgvRdMLlXde/4rHYHuZQ"},"_chains":{"BRYLAP4ZTHxxODk6uyxNyFSOwmHF+kAaBh9qLq8+kEUs":{"chainKey":{"counter":2,"key":"vZit+13npraBHfJbVGpiWUnDLRiX496vCNIyL+Ud7no="},"chainType":2,"messageKeys":{}},"BVOzIOvd9CQbX2c1WZ/n74CJ/zUp5DHv0Nb7n45Nfage":{"chainKey":{"counter":-1,"key":"28Y3kBZHds1wvSrty6cPR6gWBNEMZQCdRlLpHIW1/YQ="},"chainType":1,"messageKeys":{}}}}},"version":"v1"}