{"_sessions":{"BQNHUN3fTAeAKRJXbPII70aiExB46K1TJRdWpqMGI6p8":{"registrationId":878794600,"currentRatchet":{"ephemeralKeyPair":{"pubKey":"BbhHtQQCpXrcYj1iRTwMqNUr/Uz9E2IM4Lz414h/z2c1","privKey":"iG7fLqjj3C0eyhQc4QEwavr3Lz3VaKsQ8/+Gjeeui0o="},"lastRemoteEphemeralKey":"BV9i5z4JQ1Xqx/oYsDg9jtInl1XUfm7YrPKMWg+TN5Zj","previousCounter":0,"rootKey":"XLOdlzVF7YKYwppcHmtoxzUtTHlx/vuLusg8EKRWaQw="},"indexInfo":{"baseKey":"BQNHUN3fTAeAKRJXbPII70aiExB46K1TJRdWpqMGI6p8","baseKeyType":1,"closed":-1,"used":1711684400724,"created":1711684400724,"remoteIdentityKey":"BSqHYYJ56D4vo+mvj/4yC0IjgwX6uOdV3TQeQJqpyY8H"},"_chains":{"BbhHtQQCpXrcYj1iRTwMqNUr/Uz9E2IM4Lz414h/z2c1":{"chainKey":{"counter":2,"key":"eKBjCU49NKdjlwgj2SSB3atqipA646iuaKX1BJpeS7U="},"chainType":1,"messageKeys":{}}},"pendingPreKey":{"signedKeyId":14,"baseKey":"BQNHUN3fTAeAKRJXbPII70aiExB46K1TJRdWpqMGI6p8","preKeyId":14560942}}},"version":"v1"}