{"_sessions":{"BdEgHkXzG0pRVO9iVO+XwJAbH0Li3xJb0AAD3ymRvRB3":{"registrationId":1692640538,"currentRatchet":{"ephemeralKeyPair":{"pubKey":"BVOLVuiCkQYGIVkSuZj0+Q9HZpJUYi/vLfdP132LtLYL","privKey":"wPA4d5WeVS+8K/z+rLUSfxOxMNuZ3K7sKS3O4Wxhq0U="},"lastRemoteEphemeralKey":"BYCvUPyWfBS33pPaNTcuuTa4YeUusPsmfiJa+7+NqmFD","previousCounter":0,"rootKey":"Im3PQSaBa3Lo077DAFRHDr3VpP4g55hF7Ofh8UywW1U="},"indexInfo":{"baseKey":"BdEgHkXzG0pRVO9iVO+XwJAbH0Li3xJb0AAD3ymRvRB3","baseKeyType":1,"closed":-1,"used":1711684398748,"created":1711684398748,"remoteIdentityKey":"BRGz2BT6ptIyRaUgx9sI9/niFJDkqMpGzfqLpcTziDkH"},"_chains":{"BVOLVuiCkQYGIVkSuZj0+Q9HZpJUYi/vLfdP132LtLYL":{"chainKey":{"counter":2,"key":"b//p8JO/qR3YX+/1HINRkC60Lx/LQYqwA+4ROzr1Tgc="},"chainType":1,"messageKeys":{}}},"pendingPreKey":{"signedKeyId":4,"baseKey":"BdEgHkXzG0pRVO9iVO+XwJAbH0Li3xJb0AAD3ymRvRB3","preKeyId":11204415}}},"version":"v1"}