{"_sessions":{"Bf8QRQ4bbPpU9Guy5wbreGpUR2P6hIriW8LmbKvhX8E7":{"registrationId":280504612,"currentRatchet":{"ephemeralKeyPair":{"pubKey":"BThZc+ssxh6rcnKUY3R+ZbiObi3AXpYQsxv3iXukjex9","privKey":"WMYv+cplmdriptIjJq0kFJu0ZGjPBXYGG4zPnFMBQm4="},"lastRemoteEphemeralKey":"BQ1vY7ykQml6QVbT/JskYhi1Z+nJnrv7AceL43AhNhcO","previousCounter":0,"rootKey":"q90kVI9Cc5VRsRJdg/8w5lqc+zPp7rK8GH/hErACaRU="},"indexInfo":{"baseKey":"Bf8QRQ4bbPpU9Guy5wbreGpUR2P6hIriW8LmbKvhX8E7","baseKeyType":1,"closed":-1,"used":1711684399698,"created":1711684399698,"remoteIdentityKey":"BUDoIQLGkxZnWhg6+40R4Bz4z6rbQ4StbAkqI37DJUwr"},"_chains":{"BThZc+ssxh6rcnKUY3R+ZbiObi3AXpYQsxv3iXukjex9":{"chainKey":{"counter":2,"key":"p6MfRLkSTwcBHrCnCyohwZmHX8gMfzREfYfbzRzYbaQ="},"chainType":1,"messageKeys":{}}},"pendingPreKey":{"signedKeyId":1,"baseKey":"Bf8QRQ4bbPpU9Guy5wbreGpUR2P6hIriW8LmbKvhX8E7"}}},"version":"v1"}