{"_sessions":{"BT2tuvIyyv4Y/jUtbdKelk8019aGWdaU9azzAafM2vZ6":{"registrationId":43777230,"currentRatchet":{"ephemeralKeyPair":{"pubKey":"BVW4t9h9Tl2//yDXpUJL46OUjIubTjXlTAjrfaD/82lH","privKey":"QDOzTGDNZqx5hqcsQNt8D6VcQUbOnO4S0SviYTyae04="},"lastRemoteEphemeralKey":"BRgOCcntZD7NyZfOowGqn6GN0KDw8qDOM9YxpjygnVkc","previousCounter":0,"rootKey":"ci80JHrY+z3JNx1sCjaod8WViaMleEkanBq0pOle2lU="},"indexInfo":{"baseKey":"BT2tuvIyyv4Y/jUtbdKelk8019aGWdaU9azzAafM2vZ6","baseKeyType":1,"closed":-1,"used":1711684399998,"created":1711684399998,"remoteIdentityKey":"BaFv/xMyTGKf4cg5QSGPx1eaqAaRhIb5E9TbRyifKE9q"},"_chains":{"BVW4t9h9Tl2//yDXpUJL46OUjIubTjXlTAjrfaD/82lH":{"chainKey":{"counter":2,"key":"On20vmZNkRrjoMPbCthn2QrrO7WPei05ZOu2CoewdgE="},"chainType":1,"messageKeys":{}}},"pendingPreKey":{"signedKeyId":0,"baseKey":"BT2tuvIyyv4Y/jUtbdKelk8019aGWdaU9azzAafM2vZ6","preKeyId":11361046}}},"version":"v1"}