{"_sessions":{"BZsmVlbKz2UoUkE2Djn1e4YQucd+XkpPLggi+nvdLIId":{"registrationId":1631788048,"currentRatchet":{"ephemeralKeyPair":{"pubKey":"BRDPn58yKJOZkt5oRHt3wN6DaCeNZs26wQJpDDKNYnR3","privKey":"sE9OG2KB1+v/FYiGAoON0kn+taes8mCy8FDR3oUZI2s="},"lastRemoteEphemeralKey":"BZNam2PseOLzhzKdevVFB5/aC3xcf7OT3eKr0pUIoXQs","previousCounter":0,"rootKey":"Qi8p3FomExeKuoUUhjMbo/26uRW+Dtyk+fbRjyrSB6Q="},"indexInfo":{"baseKey":"BZsmVlbKz2UoUkE2Djn1e4YQucd+XkpPLggi+nvdLIId","baseKeyType":1,"closed":-1,"used":1711684400824,"created":1711684400824,"remoteIdentityKey":"Bd47V03RfH47uCPpyVfFuGFwOCdKstF2Lu9mdJ+9iCtg"},"_chains":{"BRDPn58yKJOZkt5oRHt3wN6DaCeNZs26wQJpDDKNYnR3":{"chainKey":{"counter":2,"key":"ab+vtb/Ktl1NrxJmlxGDvhY80XmouaDAH+ewPuhWBEw="},"chainType":1,"messageKeys":{}}},"pendingPreKey":{"signedKeyId":0,"baseKey":"BZsmVlbKz2UoUkE2Djn1e4YQucd+XkpPLggi+nvdLIId","preKeyId":3439705}}},"version":"v1"}