{"_sessions":{"BctQWaTxf6er14idbtex8KsEJAeMWmFHZYZ7aZoGZFgf":{"registrationId":1069754614,"currentRatchet":{"ephemeralKeyPair":{"pubKey":"BcuO4jzrYX2UfYTd4uGRlju7MlBa2mR5zLMyumcoSQVC","privKey":"aBORZt5rWhzDwqZlJFmS3TFv+NWvMuime1mu56+EJmc="},"lastRemoteEphemeralKey":"BXmQE1fYO+N5SusvNUN5fGUBj87HDdPOOQeuQ1gCJx4k","previousCounter":0,"rootKey":"rXBOC4gfdXMNBndobHhnwlDZU0aOOh6zseApmQy2nwo="},"indexInfo":{"baseKey":"BctQWaTxf6er14idbtex8KsEJAeMWmFHZYZ7aZoGZFgf","baseKeyType":2,"closed":-1,"used":1711686022870,"created":1711686022870,"remoteIdentityKey":"BQ804zBS+Kygc5X4/K9dHKZi7WousVHIe3PLfd4+ZD14"},"_chains":{"BXmQE1fYO+N5SusvNUN5fGUBj87HDdPOOQeuQ1gCJx4k":{"chainKey":{"counter":0,"key":"QrzKo9CwGblFig/pZSZVf4UUfYN1rsqnVRxuOZAtgHo="},"chainType":2,"messageKeys":{}},"BcuO4jzrYX2UfYTd4uGRlju7MlBa2mR5zLMyumcoSQVC":{"chainKey":{"counter":-1,"key":"Cj2PRxRZh/hdY/0Em+FF4MbMEsvbw+r+McvMaRSeyIY="},"chainType":1,"messageKeys":{}}}}},"version":"v1"}