{"_sessions":{"BWcSXSpaui9rcD/PtH9HgHDVtgMXYUnkTL+CRcttD6gg":{"registrationId":613653256,"currentRatchet":{"ephemeralKeyPair":{"pubKey":"BY+X3jDXmK7zZkzppwdl+1O2Y1Rb9kczV6afM8ZKaZRV","privKey":"MPYSSsvmdJkQFxZxBi94odxYWsmdTaBCX8equHQuj3E="},"lastRemoteEphemeralKey":"BQhY/ghTekqx4VN0PghnKRgYzOElcUtd311OSWwepmkX","previousCounter":0,"rootKey":"ZH4XKwZYJ4kKnT0ekzZmk70pFbxwJBmxQh7s3z5baRw="},"indexInfo":{"baseKey":"BWcSXSpaui9rcD/PtH9HgHDVtgMXYUnkTL+CRcttD6gg","baseKeyType":2,"closed":-1,"used":1711687270617,"created":1711687270617,"remoteIdentityKey":"Bc3qGPlOifN5UGBAAQZR1NECfYu4ZAqCpr96egVHDf4E"},"_chains":{"BQhY/ghTekqx4VN0PghnKRgYzOElcUtd311OSWwepmkX":{"chainKey":{"counter":1,"key":"Lxvlj5qc2kfAacsRQTpHOrl/iPXRTQpFag16T3UJ934="},"chainType":2,"messageKeys":{}},"BY+X3jDXmK7zZkzppwdl+1O2Y1Rb9kczV6afM8ZKaZRV":{"chainKey":{"counter":-1,"key":"//GEndpjhym+SxVrKKV5I5TljQ5075fDnp2VJvOsVKg="},"chainType":1,"messageKeys":{}}}}},"version":"v1"}