{"_sessions":{"BdwjAGMLKHP/DR5COmdD4SmoFMkKGQ1J886Rs4jhHuRy":{"registrationId":109509859,"currentRatchet":{"ephemeralKeyPair":{"pubKey":"BeGEm1+ZTuWolHBp4YohkWynKm5JmlHeDw2OQuV+cpxB","privKey":"wI3ceQAla9moNmaW6r/vKv/PNTVi6Whth2xD2UMaQ0Y="},"lastRemoteEphemeralKey":"BcomgGMWJhERuO3KGTzOKdT5baGC6wSxg0kPCk2PxMoU","previousCounter":0,"rootKey":"IcuUjnnNfW077PuUq9cmab3pDUWQnZfydBHJcvHh7+A="},"indexInfo":{"baseKey":"BdwjAGMLKHP/DR5COmdD4SmoFMkKGQ1J886Rs4jhHuRy","baseKeyType":1,"closed":-1,"used":1711684528737,"created":1711684528737,"remoteIdentityKey":"BXMqBHta59m+vvc645iWXENnocVdR7yp0rTBUdWsz8h9"},"_chains":{"BeGEm1+ZTuWolHBp4YohkWynKm5JmlHeDw2OQuV+cpxB":{"chainKey":{"counter":4,"key":"QylIJGD11hKdqSEPYmt/dufPf0MfS9A/caMhVmmq5Pg="},"chainType":1,"messageKeys":{}}},"pendingPreKey":{"signedKeyId":0,"baseKey":"BdwjAGMLKHP/DR5COmdD4SmoFMkKGQ1J886Rs4jhHuRy","preKeyId":13814915}}},"version":"v1"}