{"_sessions":{"BSvzdTZKHpUDse8Rj9rnNbXLn19wKGT0hEKTsc6JZj1X":{"registrationId":242712084,"currentRatchet":{"ephemeralKeyPair":{"pubKey":"BVzfDtqAkhr9M5yHtzWruDAQ+8/TI4+34P5QCOBubMl9","privKey":"uIL8GN9vflqw4MFkF3MFLc5lZwhoHJTNa/k9UMvlFFc="},"lastRemoteEphemeralKey":"BZL3Der3kFoqG67m2sPc+xARMFMoGJx/OpoQt6ksnMAr","previousCounter":0,"rootKey":"Ti0eX5BdlsUrMzWVm1cGa+NR29lEHYjvrqilHDVfETU="},"indexInfo":{"baseKey":"BSvzdTZKHpUDse8Rj9rnNbXLn19wKGT0hEKTsc6JZj1X","baseKeyType":1,"closed":-1,"used":1711684401197,"created":1711684401197,"remoteIdentityKey":"BSfOi1RLT9/gnFy71WT+hdMueTLWcz3gvWJXbIpv21lu"},"_chains":{"BVzfDtqAkhr9M5yHtzWruDAQ+8/TI4+34P5QCOBubMl9":{"chainKey":{"counter":2,"key":"k3si2H9kDOe4J0YeU/yfGDPLol/UKyk32FfkGR+5xts="},"chainType":1,"messageKeys":{}}},"pendingPreKey":{"signedKeyId":0,"baseKey":"BSvzdTZKHpUDse8Rj9rnNbXLn19wKGT0hEKTsc6JZj1X","preKeyId":11470945}}},"version":"v1"}