{"_sessions":{"Bf0LBshoiykr9QPQHwqMbUkfnZjyjzmFtkrcmM9fvo4Y":{"registrationId":1177250761,"currentRatchet":{"ephemeralKeyPair":{"pubKey":"BZrZDk9a0zyPyOI/zPWAaBQZcrE8uZfx6vaLHNpqyJNu","privKey":"cF6Vmiqu2upXUCyZ4OhUnZOtuXF10iObNyqzYUv+NWY="},"lastRemoteEphemeralKey":"BVNGHt3ZYOS/7TM8Vg6Mh+FsO1glUKi6pBiW4EGBDPcP","previousCounter":0,"rootKey":"Nt1psahjC9xgp0NhxyGTHyUNHCL/RcS6g/gE99wz6BI="},"indexInfo":{"baseKey":"Bf0LBshoiykr9QPQHwqMbUkfnZjyjzmFtkrcmM9fvo4Y","baseKeyType":1,"closed":-1,"used":1711684401041,"created":1711684401041,"remoteIdentityKey":"Bc1h5938Ugb5qRoG46FOt1Hd5leP2BrlwuEYNawTG5I1"},"_chains":{"BZrZDk9a0zyPyOI/zPWAaBQZcrE8uZfx6vaLHNpqyJNu":{"chainKey":{"counter":2,"key":"fW14bS8/oQflcc+wyOBCTeq5kd9mMDME18ZbM/Qcwd0="},"chainType":1,"messageKeys":{}}},"pendingPreKey":{"signedKeyId":2,"baseKey":"Bf0LBshoiykr9QPQHwqMbUkfnZjyjzmFtkrcmM9fvo4Y"}}},"version":"v1"}