{"_sessions":{"BYD+qUOoQ06mVVeLetu24OkURu6mCH99v1M5kQFIMkNq":{"registrationId":574662784,"currentRatchet":{"ephemeralKeyPair":{"pubKey":"BYfLRdlLVMIUfoz08UVgMDqdm5g4dWpf/gCOZrJyM9wH","privKey":"GOQ+NsoskUoRkvLLdB3mTqF+l1XODqxFENGcvCrsFUs="},"lastRemoteEphemeralKey":"BX2yxbpbn92U8vc9FQYd+gqk8FQ5dW/niYUNg3HO3A16","previousCounter":0,"rootKey":"GhG7x2QxD5pwnzlyj/Hx9KUEZkAaPkkysAgi7JKydJU="},"indexInfo":{"baseKey":"BYD+qUOoQ06mVVeLetu24OkURu6mCH99v1M5kQFIMkNq","baseKeyType":2,"closed":-1,"used":1711687453894,"created":1711687453894,"remoteIdentityKey":"Ba/aFRWLzvcJ+cTIaKV6RcRmb0F3FMyWVV7NnXRCi6RK"},"_chains":{"BX2yxbpbn92U8vc9FQYd+gqk8FQ5dW/niYUNg3HO3A16":{"chainKey":{"counter":0,"key":"Qk5LfpIZ1PVu2HZ5pyHO0rlyn14Why8719rJB3saDgQ="},"chainType":2,"messageKeys":{}},"BYfLRdlLVMIUfoz08UVgMDqdm5g4dWpf/gCOZrJyM9wH":{"chainKey":{"counter":-1,"key":"xpS6Z8ok4C0gS5y4w5y3Bg+nUh3iwxIrkS0EoMFMM7k="},"chainType":1,"messageKeys":{}}}}},"version":"v1"}