{"_sessions":{"BXph5w3709ZWO0R61yXIWRPv/vJ9XozxoO4CO6H7DSk9":{"registrationId":402035309,"currentRatchet":{"ephemeralKeyPair":{"pubKey":"BcIXfRms66nd0hM24qR0qaMWgMNVGd9oBpatwNxI8hkn","privKey":"6NFc5BJ9t9ANzeJejWX9+7a9Xb6Alha/3JS1HM9b3HU="},"lastRemoteEphemeralKey":"BTwkH21+aTWubKycS+h0NOItA/aF7tGXsp8PIiJdd9wE","previousCounter":0,"rootKey":"CXEfCr8rfALrHqeYtHBFMw0lCniQ+9EacrygsLOWVN8="},"indexInfo":{"baseKey":"BXph5w3709ZWO0R61yXIWRPv/vJ9XozxoO4CO6H7DSk9","baseKeyType":1,"closed":-1,"used":1711684398227,"created":1711684398227,"remoteIdentityKey":"BcWv4UneikfSEdkZFCwYWydyWbeHCyZxpPKU2HwF0g1p"},"_chains":{"BcIXfRms66nd0hM24qR0qaMWgMNVGd9oBpatwNxI8hkn":{"chainKey":{"counter":2,"key":"HCu1ouplluOCMXPxDYse6oZeuuzSs5T2Zf1lChbQLU0="},"chainType":1,"messageKeys":{}}},"pendingPreKey":{"signedKeyId":6,"baseKey":"BXph5w3709ZWO0R61yXIWRPv/vJ9XozxoO4CO6H7DSk9","preKeyId":495850}}},"version":"v1"}