{"_sessions":{"BdjPpmmk5N3sswL8Ff08bH9mOabj5NrGT7CKtnSePMM3":{"registrationId":147489443,"currentRatchet":{"ephemeralKeyPair":{"pubKey":"BapcExVjV3toKJm0lMMD1UVrA2DiYk+Qpo9AYux47Oww","privKey":"AD3TRDCCP5tIBTYDZkuvVj3iFtWoO1J6S6YulMYjl1c="},"lastRemoteEphemeralKey":"BfdigytZ8Uyp9uk7kvaqVu9QIUcHVPgDJC1+EfPf1ilm","previousCounter":0,"rootKey":"H99DMPfYcS2aio5EEqvHAk+IOYoRe/1VQGg+PJdMgfE="},"indexInfo":{"baseKey":"BdjPpmmk5N3sswL8Ff08bH9mOabj5NrGT7CKtnSePMM3","baseKeyType":2,"closed":-1,"used":1711684795250,"created":1711684795250,"remoteIdentityKey":"BRID/J5zrQt9JpoFsYIaiE4QPd4HAP/+q114kA/d/uUq"},"_chains":{"BfdigytZ8Uyp9uk7kvaqVu9QIUcHVPgDJC1+EfPf1ilm":{"chainKey":{"counter":0,"key":"aTFhmAOHONykCkwBCPZglhe8ODLdtBaiIM2Kl9JBCsY="},"chainType":2,"messageKeys":{}},"BapcExVjV3toKJm0lMMD1UVrA2DiYk+Qpo9AYux47Oww":{"chainKey":{"counter":-1,"key":"k0fN7uVD8cXhN0VqvFJrxn/rUWumaZ6GwG6FQxQxiBM="},"chainType":1,"messageKeys":{}}}}},"version":"v1"}