{"_sessions":{"BaLx5hm/nN/36nGY+CEoawCaIPNKc3hiJxjiqwzkhBFr":{"registrationId":1792155754,"currentRatchet":{"ephemeralKeyPair":{"pubKey":"BfpCzpxMiA7S1Jm4GLz4KLSDmTAq6eP0xnud/GkXSW9t","privKey":"8PoWamTbXxSqjKfjiJv6zkLJaGLPJQuwElqXMJ8EcGo="},"lastRemoteEphemeralKey":"BVlctV+VToc8DUmXg+jP9g28vFKi03Aqe4p4lXit8sEf","previousCounter":0,"rootKey":"VArZgR83p/cWemAayzEgvpMYpHD7zI7iB7WteRftFko="},"indexInfo":{"baseKey":"BaLx5hm/nN/36nGY+CEoawCaIPNKc3hiJxjiqwzkhBFr","baseKeyType":1,"closed":-1,"used":1711684401037,"created":1711684401037,"remoteIdentityKey":"BcjLlpkrPJJu/EPfYb5cJZ71BYorWSOBeFSA2/bQ8ocN"},"_chains":{"BfpCzpxMiA7S1Jm4GLz4KLSDmTAq6eP0xnud/GkXSW9t":{"chainKey":{"counter":2,"key":"Q9U4u1Xreu4NmeKbxMOqo+fjwAP3SNhg3gQ+xznREng="},"chainType":1,"messageKeys":{}}},"pendingPreKey":{"signedKeyId":6,"baseKey":"BaLx5hm/nN/36nGY+CEoawCaIPNKc3hiJxjiqwzkhBFr","preKeyId":11103783}}},"version":"v1"}