{"_sessions":{"Bc6paaWuiLl6sKKQby/O8MyLTqDrWHiLzn2HR1pGgNsD":{"registrationId":1493037873,"currentRatchet":{"ephemeralKeyPair":{"pubKey":"Bdp5Td0CCW5DZzhLgpzX5WNjvHv9TTeGkQMc7S4n2MUM","privKey":"cMOJVR/rXUhideSFKycKTnRfMvCfcVEq+xw/HgCaPHQ="},"lastRemoteEphemeralKey":"BW1jzER6MFATSx2wlgOYGXazkpApOsU5smE1mObHdNhW","previousCounter":0,"rootKey":"f4zn3Uxnn1LqYhUx55P6h1MHtlWXSTmEkrOyK44uMbk="},"indexInfo":{"baseKey":"Bc6paaWuiLl6sKKQby/O8MyLTqDrWHiLzn2HR1pGgNsD","baseKeyType":1,"closed":-1,"used":1711684400918,"created":1711684400918,"remoteIdentityKey":"Ba7lJRsGPFfW1dSyBMY1ae+LgHOksRWaRMIS767ZQtUv"},"_chains":{"Bdp5Td0CCW5DZzhLgpzX5WNjvHv9TTeGkQMc7S4n2MUM":{"chainKey":{"counter":2,"key":"0vP3/1vXhqY5IvLjFH/CFuybUma5CbfAxM/qZ2NCU20="},"chainType":1,"messageKeys":{}}},"pendingPreKey":{"signedKeyId":2,"baseKey":"Bc6paaWuiLl6sKKQby/O8MyLTqDrWHiLzn2HR1pGgNsD","preKeyId":10814607}}},"version":"v1"}