{"_sessions":{"BVa5Ri3j7lFDpaDTMhYnoqnw/vEO/L7KjF/MH1OYtrgX":{"registrationId":1756554968,"currentRatchet":{"ephemeralKeyPair":{"pubKey":"BQm55u5h/S64jqqloeBy+99fRc9apllsrZa2qROzVLhS","privKey":"8MA8mCQWtPGtJ0YEGF4Hr2DzArUw1N//Ha9BS/2SnHI="},"lastRemoteEphemeralKey":"BRbXgZKM1F5qJ5IEEporb0sdv8kBu8Ld985BL1fLxowW","previousCounter":0,"rootKey":"XLjCBFsFhvqIONQVrVKEQnlFmn9wO8SXswxITzmcIjY="},"indexInfo":{"baseKey":"BVa5Ri3j7lFDpaDTMhYnoqnw/vEO/L7KjF/MH1OYtrgX","baseKeyType":2,"closed":-1,"used":1711686250953,"created":1711686250953,"remoteIdentityKey":"BUjzP7RmDaOaxBLu/3TBFfGAUMdKo0SiUnw+inTQsPRP"},"_chains":{"BRbXgZKM1F5qJ5IEEporb0sdv8kBu8Ld985BL1fLxowW":{"chainKey":{"counter":2,"key":"tO84aN5K/5+kLB51sR0i3D3kZPctPiJ4fUl3wsdoxEA="},"chainType":2,"messageKeys":{}},"BQm55u5h/S64jqqloeBy+99fRc9apllsrZa2qROzVLhS":{"chainKey":{"counter":-1,"key":"UybJagiXP7yN9I/kf3A96vPLkbNqxmfTb9xautoBgVI="},"chainType":1,"messageKeys":{}}}}},"version":"v1"}