{"_sessions":{"Bdb0xpQrOFjeWzBf4Pysvq4ubdxbQsq8SUcFeYmd8i82":{"registrationId":379197147,"currentRatchet":{"ephemeralKeyPair":{"pubKey":"BZnoWWQBT972T5uo7b7utYYoR/8o7XQR92SQLMq857JH","privKey":"0DwV4vmMmCddQFoTnJeeNCIEl+jqvpmz0ednL0KvcXg="},"lastRemoteEphemeralKey":"BbISZ5Uerr0NwIcsCnUHv/2HSig3R16TgSX9N3Z0tFxX","previousCounter":0,"rootKey":"K+bd7u/7kwmmcBnanR0S8WbESH8Jxv4mtLadma/ltEY="},"indexInfo":{"baseKey":"Bdb0xpQrOFjeWzBf4Pysvq4ubdxbQsq8SUcFeYmd8i82","baseKeyType":2,"closed":-1,"used":1711684773718,"created":1711684773718,"remoteIdentityKey":"BYwCcsQ1cF8RfoY/FH9ry8EVcjcnUejFdk6xLYucNTYK"},"_chains":{"BbISZ5Uerr0NwIcsCnUHv/2HSig3R16TgSX9N3Z0tFxX":{"chainKey":{"counter":0,"key":"JO3KxojXwubbAcJOg9KaBzHYNHj/neFao43KQ76cA3A="},"chainType":2,"messageKeys":{}},"BZnoWWQBT972T5uo7b7utYYoR/8o7XQR92SQLMq857JH":{"chainKey":{"counter":-1,"key":"hN0/aNatoqtDuuas51vmC2ZH4K/kOatVaND6OpI4QnA="},"chainType":1,"messageKeys":{}}}}},"version":"v1"}