{"_sessions":{"Bce6118D5BcWSU9CX4xYRCA9Lx1vesetbuS/W2csFcwF":{"registrationId":630369147,"currentRatchet":{"ephemeralKeyPair":{"pubKey":"BWz+j/0Xo0S6C33CkYzlRMZVrMUoWavdS5LWweYd205g","privKey":"aGAqK3R2qhUmdcDg80xUlZ48Ixw75BjESDz3YNOYJlo="},"lastRemoteEphemeralKey":"BQSUfVeQOWV1QWcG74b2gtE5i/YLONLClR5D1FD1PYlO","previousCounter":0,"rootKey":"mW+I7NT2AldKXUGmT4UaUpLZbHaHMdO+J+K5FlA/lPY="},"indexInfo":{"baseKey":"Bce6118D5BcWSU9CX4xYRCA9Lx1vesetbuS/W2csFcwF","baseKeyType":2,"closed":-1,"used":1711687267991,"created":1711687267991,"remoteIdentityKey":"BYuN3zGjwkW1eJVINgmkRKei72wJqof4K/01vvI6a9g6"},"_chains":{"BQSUfVeQOWV1QWcG74b2gtE5i/YLONLClR5D1FD1PYlO":{"chainKey":{"counter":0,"key":"ZIheDxS3xZo90y4kQTh5V78c5RtWSfwbe5OVhqgCaFQ="},"chainType":2,"messageKeys":{}},"BWz+j/0Xo0S6C33CkYzlRMZVrMUoWavdS5LWweYd205g":{"chainKey":{"counter":-1,"key":"1eqHSYOYl4G5C9896jcU0L5Go2KOJ/2e7cxBUMpn1Ds="},"chainType":1,"messageKeys":{}}}}},"version":"v1"}