{"_sessions":{"BS1lkbcGUdcXYu0QHrokWRzBoA3ftPXRNwXew2de48Bd":{"registrationId":1456991291,"currentRatchet":{"ephemeralKeyPair":{"pubKey":"BRImdiQ6SEGv7ss/sL1ZnSeUeClelD2T3fi2RxGpaeVP","privKey":"cAsdM+SSDrutX0VDyuoW2mWHUXfdBuRIF+gZu7JvF3o="},"lastRemoteEphemeralKey":"Bco74u+uWwdyXb7eXlbH6aw/s1cnNuajdgFMUwGfyfFV","previousCounter":0,"rootKey":"lbzdyBJ8hGRj07Vin+4thYUcwEsTk97mSoJWQMzB7MY="},"indexInfo":{"baseKey":"BS1lkbcGUdcXYu0QHrokWRzBoA3ftPXRNwXew2de48Bd","baseKeyType":1,"closed":-1,"used":1711684400734,"created":1711684400734,"remoteIdentityKey":"BUJyp5LwKmHUiCp+A3Sc/7q7zzQSpXfON0XX6S9Z8Ypz"},"_chains":{"BRImdiQ6SEGv7ss/sL1ZnSeUeClelD2T3fi2RxGpaeVP":{"chainKey":{"counter":2,"key":"eUjIT2o5XrY4nLHgm/YlhRH4vOfcrIoIZ+A1ObP90pU="},"chainType":1,"messageKeys":{}}},"pendingPreKey":{"signedKeyId":1,"baseKey":"BS1lkbcGUdcXYu0QHrokWRzBoA3ftPXRNwXew2de48Bd","preKeyId":7759522}}},"version":"v1"}