{"_sessions":{"BdkH50iGcPD8pvVKhm4ZC/2afI5yPItr191gcOg+3+1/":{"registrationId":1115779235,"currentRatchet":{"ephemeralKeyPair":{"pubKey":"BQ3x/PIevO/TmtGIC2hQWMjlpDrs7wIptggMkme/RxFM","privKey":"6M6WXkzK5lan/IQMGTIBeAwgjzQxDwg4e2PPiltPiW0="},"lastRemoteEphemeralKey":"BfCwcTSBfssA3j8zDQSFTwKuR/HcLdE4Bo7uZFZ2ynwK","previousCounter":0,"rootKey":"21pGVc2yO3C/c9XiOD5pNOgPhXCU39tBY4gOM+09VcQ="},"indexInfo":{"baseKey":"BdkH50iGcPD8pvVKhm4ZC/2afI5yPItr191gcOg+3+1/","baseKeyType":1,"closed":-1,"used":1711684401299,"created":1711684401299,"remoteIdentityKey":"BfRURRhPJ6rRWMdsXck0U5hJ/bOPP36fg+rZO+nPjHM4"},"_chains":{"BQ3x/PIevO/TmtGIC2hQWMjlpDrs7wIptggMkme/RxFM":{"chainKey":{"counter":2,"key":"UzoMJG4o6uLw840MFoka9zVZXkwKsJgbmERAFzYSLvI="},"chainType":1,"messageKeys":{}}},"pendingPreKey":{"signedKeyId":9,"baseKey":"BdkH50iGcPD8pvVKhm4ZC/2afI5yPItr191gcOg+3+1/","preKeyId":2619507}}},"version":"v1"}