{"_sessions":{"BcJ7XRUkBK0ajR4OIHmL4u+LkcQjvCcJRZTbeIovIMpW":{"registrationId":1410377887,"currentRatchet":{"ephemeralKeyPair":{"pubKey":"Bf1g4y5q+4WVKQ3bAGfrtYd3dmCbtpN9xuz3rVfNLrFK","privKey":"iA5/WFQ711ycdrsLlLPLX2JSoJz/vYtH9QoR3sF28Fs="},"lastRemoteEphemeralKey":"Be8mGJE5AERUEOgWQzm9rId2Xh3dRULuK02xNoIF5ekv","previousCounter":0,"rootKey":"RR06UqB9+M6ZB4662dZ3cpgUGhtfsHj0MgAPprCa6ys="},"indexInfo":{"baseKey":"BcJ7XRUkBK0ajR4OIHmL4u+LkcQjvCcJRZTbeIovIMpW","baseKeyType":1,"closed":-1,"used":1711684399919,"created":1711684399919,"remoteIdentityKey":"BcBFP4HUnDZxhnf/8bpdpY8b+FaSJdePowwOi9lOZuVp"},"_chains":{"Bf1g4y5q+4WVKQ3bAGfrtYd3dmCbtpN9xuz3rVfNLrFK":{"chainKey":{"counter":2,"key":"l9bSofKoPgTTH3z807NKIdfGjPaFzv9RFCLa54IY238="},"chainType":1,"messageKeys":{}}},"pendingPreKey":{"signedKeyId":0,"baseKey":"BcJ7XRUkBK0ajR4OIHmL4u+LkcQjvCcJRZTbeIovIMpW"}}},"version":"v1"}