{"_sessions":{"BbT6XvmuaEdzKhmDApPOSHp79DHyiEAzA5HnOQjiMw4q":{"registrationId":704439103,"currentRatchet":{"ephemeralKeyPair":{"pubKey":"BSvUqq1vLE/5WiVchbUw00sujeOePNzM3ZLe1nzdPS1S","privKey":"cDafWJ3eQ19fW1Y5c9tdedhA1FQvDXvs/O4sxmVJ12Y="},"lastRemoteEphemeralKey":"BWy8JEIkSAFtmCJg2x+e3HcDpMCrgW07XzFBAua263AL","previousCounter":0,"rootKey":"ENYi1FX5VEpGxalMcm2z6sx2KS52UkBza3eZH+nIedk="},"indexInfo":{"baseKey":"BbT6XvmuaEdzKhmDApPOSHp79DHyiEAzA5HnOQjiMw4q","baseKeyType":2,"closed":-1,"used":1711684071049,"created":1711684071049,"remoteIdentityKey":"BSBkwQLzasU5DzTxAsccuTGZ447MEbg+UALbcR0hu3d0"},"_chains":{"BWy8JEIkSAFtmCJg2x+e3HcDpMCrgW07XzFBAua263AL":{"chainKey":{"counter":27,"key":"YYN7G5tATaLq1+V/m63SSR2FDS5TguAiXczqzcIujiU="},"chainType":2,"messageKeys":{}},"BSvUqq1vLE/5WiVchbUw00sujeOePNzM3ZLe1nzdPS1S":{"chainKey":{"counter":-1,"key":"Fl6S6ZxLjs+E7ut+O3RDqGylyPZBTk7MiQC2yjcTtwY="},"chainType":1,"messageKeys":{}}}}},"version":"v1"}