{"_sessions":{"BZXT0xAbbKNEDtHVohen8lKHaRlv6JZ+dBd4b84vHS01":{"registrationId":1680133623,"currentRatchet":{"ephemeralKeyPair":{"pubKey":"Benu3VJRBgAn1x7S+pEZXuokZX//Q/8wZGk8cUT/NAoC","privKey":"WJrQMP4waA9HcDUY0okHEQ6LhqKGPe3uNZbtUCftgUU="},"lastRemoteEphemeralKey":"Bfmc7sbMEfI3by+2Qy92vErRzE9loB5C9h/NZwUf01MI","previousCounter":0,"rootKey":"OC8ngCxGA5ejKY1nJKTo+HPmzxcmWaX3XkKs/NluqLw="},"indexInfo":{"baseKey":"BZXT0xAbbKNEDtHVohen8lKHaRlv6JZ+dBd4b84vHS01","baseKeyType":1,"closed":-1,"used":1711684401047,"created":1711684401047,"remoteIdentityKey":"BcsN9ZXjinJjecdzY+EVXpoxHbWcJtfatLqK19xOCS4p"},"_chains":{"Benu3VJRBgAn1x7S+pEZXuokZX//Q/8wZGk8cUT/NAoC":{"chainKey":{"counter":2,"key":"6ksBoJYgawfUK3n5cb42RZd4lgQ65gBtWyH5SYk+32k="},"chainType":1,"messageKeys":{}}},"pendingPreKey":{"signedKeyId":6,"baseKey":"BZXT0xAbbKNEDtHVohen8lKHaRlv6JZ+dBd4b84vHS01","preKeyId":491486}}},"version":"v1"}