{"_sessions":{"BZXsAIeXKaHpJUT7HKBoLJSVGTfGLmYs8zfzRmy6iXVA":{"registrationId":1147774080,"currentRatchet":{"ephemeralKeyPair":{"pubKey":"BR2Lz2idr8oNgeIvqQfjSWrvsBbPVppHBzZyGbmAscI3","privKey":"QOg8SPHGdybvp50+Cae3UfdJUvccRh00W2LoLGoBsEM="},"lastRemoteEphemeralKey":"BboxqvTJmI+BkkEBIHtqclz3K0e9Y9pV/zucQNf/EXoE","previousCounter":0,"rootKey":"QL4qiDwcUT9SPuUZLqkCRlyccmElWxrZt5wcvodPPow="},"indexInfo":{"baseKey":"BZXsAIeXKaHpJUT7HKBoLJSVGTfGLmYs8zfzRmy6iXVA","baseKeyType":1,"closed":-1,"used":1711684400507,"created":1711684400507,"remoteIdentityKey":"BU9lIGqB+xHCVePAKBe1F04dcPSYpXXB4tTiq4wNj+A1"},"_chains":{"BR2Lz2idr8oNgeIvqQfjSWrvsBbPVppHBzZyGbmAscI3":{"chainKey":{"counter":2,"key":"XiSzPA5Z24bUhHDl8Oj4zpLF0zPGoMEb0lWYOmz9sew="},"chainType":1,"messageKeys":{}}},"pendingPreKey":{"signedKeyId":1,"baseKey":"BZXsAIeXKaHpJUT7HKBoLJSVGTfGLmYs8zfzRmy6iXVA","preKeyId":15168688}}},"version":"v1"}