{"_sessions":{"BUKc1nF2b9ncWp+H2TnFmxiSuiMVn+oK/27IFpFiNw1C":{"registrationId":440766550,"currentRatchet":{"ephemeralKeyPair":{"pubKey":"BbRNWJKNNRasOavnSpfx1mGiJTrqLCw3AaGTIzdVEhol","privKey":"APwVB5Z2kP61OZjWxj1amHXGN5m0A1KhdqLPkXV5clQ="},"lastRemoteEphemeralKey":"BeNgiTWNjOhpBipecFRP1HDJf0bgAOobFeRJde4IkPFX","previousCounter":0,"rootKey":"y9+Bhr3hanWC+jnSNgCzez8avb8Mii8P8xV9odkcHgo="},"indexInfo":{"baseKey":"BUKc1nF2b9ncWp+H2TnFmxiSuiMVn+oK/27IFpFiNw1C","baseKeyType":1,"closed":-1,"used":1711684399123,"created":1711684399123,"remoteIdentityKey":"BTTKuId33v6GxXfhtVLBcVPaPBilTul2o970Pxt9t4hX"},"_chains":{"BbRNWJKNNRasOavnSpfx1mGiJTrqLCw3AaGTIzdVEhol":{"chainKey":{"counter":2,"key":"KFnp1t3CFuS1aiy9mIopSV0LNi3tS4L/YwnTpYkX2dc="},"chainType":1,"messageKeys":{}}},"pendingPreKey":{"signedKeyId":37,"baseKey":"BUKc1nF2b9ncWp+H2TnFmxiSuiMVn+oK/27IFpFiNw1C","preKeyId":7778885}}},"version":"v1"}