{"_sessions":{"BaBrVkUOecnUsMyBYfrsH1E1vpxImjHL0yiHGL5Ztkpf":{"registrationId":1503,"currentRatchet":{"ephemeralKeyPair":{"pubKey":"BfBx1jwWagUF+m/4yoGqpRq28zk7iSuzcvc0gX2rXf8r","privKey":"4ECufB9KG3kWAnV0Usz/dQxJfwjGEmsd5hy/Wd4HJW8="},"lastRemoteEphemeralKey":"BRT1PJCfyVZuxT6MbKmtdUYfqLff7J7u9vpEBjaZJ8Z1","previousCounter":0,"rootKey":"96Agnle+fnJUvpfUDRMK1SLrNiGI52i1+rIX4CeY+Fc="},"indexInfo":{"baseKey":"BaBrVkUOecnUsMyBYfrsH1E1vpxImjHL0yiHGL5Ztkpf","baseKeyType":1,"closed":-1,"used":1711684398042,"created":1711684398042,"remoteIdentityKey":"BfCDBEE29MUHjnJi8L/FzU/f3LcEUXglniJFJPecSAF+"},"_chains":{"BfBx1jwWagUF+m/4yoGqpRq28zk7iSuzcvc0gX2rXf8r":{"chainKey":{"counter":2,"key":"A0UUFk4aGVNoho6AKHcJ30NrBNL33/8CLeAlbkPdtHM="},"chainType":1,"messageKeys":{}}},"pendingPreKey":{"signedKeyId":1,"baseKey":"BaBrVkUOecnUsMyBYfrsH1E1vpxImjHL0yiHGL5Ztkpf"}}},"version":"v1"}