{"_sessions":{"BUEjFmDtvHlpZGwpL1+BAmR61fbVbUpZlRkkxJ3HvrcU":{"registrationId":930502380,"currentRatchet":{"ephemeralKeyPair":{"pubKey":"BYv0+HI8jTH9AZBgJgBXYj6nlKk424/XcxBoXUuMso8o","privKey":"ILtUvOQGyTwyoHB10u838fagu29FE9dVuhpdgdWyhV8="},"lastRemoteEphemeralKey":"BZZuvD7XPAQF0366xzYArCSKcPyZMqjGNy3gJSneogow","previousCounter":0,"rootKey":"Di5W8WAmjokNJLImO7Hs1JXVdv6hiJ5qgv5oA6v82tI="},"indexInfo":{"baseKey":"BUEjFmDtvHlpZGwpL1+BAmR61fbVbUpZlRkkxJ3HvrcU","baseKeyType":1,"closed":-1,"used":1711684401327,"created":1711684401327,"remoteIdentityKey":"BeKwjA4zBN6+oCqhQkMr4acEHhHJ7U1p/WgYeiUclIVC"},"_chains":{"BYv0+HI8jTH9AZBgJgBXYj6nlKk424/XcxBoXUuMso8o":{"chainKey":{"counter":2,"key":"x0EY1fr+4zdjihJCFBZ3hBoDZayqmKo5yAZt4d4FggQ="},"chainType":1,"messageKeys":{}}},"pendingPreKey":{"signedKeyId":1,"baseKey":"BUEjFmDtvHlpZGwpL1+BAmR61fbVbUpZlRkkxJ3HvrcU","preKeyId":7412190}}},"version":"v1"}