{"_sessions":{"BaHahq8PDXgpR+pcxZJONuAhW/jsfRVBFXlARPCZMWs0":{"registrationId":1462102698,"currentRatchet":{"ephemeralKeyPair":{"pubKey":"BTIHzm+nPo4+F0DhWSF9nRjcf/wnLktzWpsMlVkgdilv","privKey":"mLCfvA+pt2P+kbBG76yGScjf0ELd3/jCUu8+qRKNyn0="},"lastRemoteEphemeralKey":"BcQTDLoQrkaCdS96+ezo8L42o7YOXmMaxQTBxqbLkvdt","previousCounter":2,"rootKey":"2WpJs7xIXKD02P3xmnD8Nz6nlIpBW+lhtmleiMWnYuI="},"indexInfo":{"baseKey":"BaHahq8PDXgpR+pcxZJONuAhW/jsfRVBFXlARPCZMWs0","baseKeyType":1,"closed":-1,"used":1711688502467,"created":1711684400218,"remoteIdentityKey":"Bag84myy99Zz3ehxobU4HDSd2HAKlJAifBeBpm8OmAZT"},"_chains":{"BcQTDLoQrkaCdS96+ezo8L42o7YOXmMaxQTBxqbLkvdt":{"chainKey":{"counter":1,"key":"pXlq7U10sePwsW0wTsv5NUyEtFwEh8+XUW7n5oe0G3k="},"chainType":2,"messageKeys":{}},"BTIHzm+nPo4+F0DhWSF9nRjcf/wnLktzWpsMlVkgdilv":{"chainKey":{"counter":-1,"key":"pos8JW7bmuHdQ1EM3kIZFBZ0Ku66AbPLYdM3FRtQazo="},"chainType":1,"messageKeys":{}}}}},"version":"v1"}