{"_sessions":{"BYLGCXmNr3ppSMzekoz+74/4a6z/VcFH0twwjPAQbglY":{"registrationId":1767844200,"currentRatchet":{"ephemeralKeyPair":{"pubKey":"BfR58S3Hbb5pAry8vYNlZHXAPuTt9xMAf00yvjN88vht","privKey":"yEuiIkzvS2lX9JxJtKFKP/1ZNEd+zluu9wQPFC1HhXI="},"lastRemoteEphemeralKey":"BUKG1sh7iaQxlQWxBVpv3whuMX2QcDY0aTuJsAcAuh0e","previousCounter":0,"rootKey":"cjhfgbMl80bpkp5AJdBkc2iHkVhs2Y2wIP+LtFSevO0="},"indexInfo":{"baseKey":"BYLGCXmNr3ppSMzekoz+74/4a6z/VcFH0twwjPAQbglY","baseKeyType":1,"closed":-1,"used":1711684401211,"created":1711684401211,"remoteIdentityKey":"BfF8eo2kBd7Hsiuj+cDrh7vz9vOssXe859zezpMMEF9c"},"_chains":{"BfR58S3Hbb5pAry8vYNlZHXAPuTt9xMAf00yvjN88vht":{"chainKey":{"counter":2,"key":"AiTInf1FSTQKR9IRn8WiKfqpjr7OTtKenLCOFo7IP/8="},"chainType":1,"messageKeys":{}}},"pendingPreKey":{"signedKeyId":7,"baseKey":"BYLGCXmNr3ppSMzekoz+74/4a6z/VcFH0twwjPAQbglY","preKeyId":12350421}}},"version":"v1"}