{"_sessions":{"BYsto+i5CRGvsQh+Brlbvtg0CLhZBax2zW6DJExoJXo2":{"registrationId":1555727046,"currentRatchet":{"ephemeralKeyPair":{"pubKey":"BXhqw/NdPKYPqHd3l2Ji0aL0zXARqyQX6KcnnkbniPZz","privKey":"0DRWQrJiWCJQYzfdYqlKMx7mThh1F9saMGiJVRFcuk4="},"lastRemoteEphemeralKey":"BcjM8OCXMUiznnd75PZ38+Lf+jmH3WwP236g2zOEh8JZ","previousCounter":0,"rootKey":"xWXJiaoE+y4TACUuT6begLvxlo4P5w6rla+9kkZd1DU="},"indexInfo":{"baseKey":"BYsto+i5CRGvsQh+Brlbvtg0CLhZBax2zW6DJExoJXo2","baseKeyType":1,"closed":-1,"used":1711684400298,"created":1711684400298,"remoteIdentityKey":"BW3nammgxpd/jev9jitKeivqKyrKwKqdEzqLOtoIY5IR"},"_chains":{"BXhqw/NdPKYPqHd3l2Ji0aL0zXARqyQX6KcnnkbniPZz":{"chainKey":{"counter":2,"key":"xuVHfpxTt3jpDQUk7pfeltZotxusDk8gAAVfPqhwqG0="},"chainType":1,"messageKeys":{}}},"pendingPreKey":{"signedKeyId":0,"baseKey":"BYsto+i5CRGvsQh+Brlbvtg0CLhZBax2zW6DJExoJXo2","preKeyId":2146902}}},"version":"v1"}