{"_sessions":{"Bdll3EoQYK6VZvujxNQK+uzSy0ooVMqQm1tNpBJGVvc+":{"registrationId":363040123,"currentRatchet":{"ephemeralKeyPair":{"pubKey":"BUhV0pGCTLZE8ZAVzkGvBTB9fBPflG/zS6hXLaS++Dp2","privKey":"2G5776yPCVc3kIEaeiY9LE4yHQRHHt/EzMxJOiFLVHI="},"lastRemoteEphemeralKey":"BaAwivf4h8YRv0/qXTwhUQc4epHeQiG+9kYnWxyYcUQX","previousCounter":0,"rootKey":"ZNyzx3tyJY3k7/ddbYnON+KVgHVT7q1cAh+b08S3koA="},"indexInfo":{"baseKey":"Bdll3EoQYK6VZvujxNQK+uzSy0ooVMqQm1tNpBJGVvc+","baseKeyType":2,"closed":-1,"used":1711687557889,"created":1711687557889,"remoteIdentityKey":"BewYI5S/vGB6Ss/uGZ01zNm9OmKteXGZM5lRoWyY0PxZ"},"_chains":{"BaAwivf4h8YRv0/qXTwhUQc4epHeQiG+9kYnWxyYcUQX":{"chainKey":{"counter":0,"key":"iwXQpqyRiz0bKzlo39vlKw0rZDvm1Zdm+JWxPnbVHR0="},"chainType":2,"messageKeys":{}},"BUhV0pGCTLZE8ZAVzkGvBTB9fBPflG/zS6hXLaS++Dp2":{"chainKey":{"counter":-1,"key":"V7MY04hocT3IKJKG/TBN2vooDZ+GyqhCgaAJjqgF3WM="},"chainType":1,"messageKeys":{}}}}},"version":"v1"}