{"_sessions":{"BQ7NXBPdUB+VPQdTMmIZltk60KTlkdydHaXDaUULtTMo":{"registrationId":1751378711,"currentRatchet":{"ephemeralKeyPair":{"pubKey":"BX4WO1tuR6H5MrJUUiQF3euTNMmtgYcAuMRR10DpXw1I","privKey":"UBkJHi+7wHjbSc2c6SzOsTwhUYROZybcCtUdPy7ieF8="},"lastRemoteEphemeralKey":"BfXXqBVXatOlWgY0X0ef45G+y7VsTT3UJM61/gzT4P9y","previousCounter":0,"rootKey":"XFqdjmIx0cK5ajxLiubTvatG6MlzTxYJ5pUYqhKUvcQ="},"indexInfo":{"baseKey":"BQ7NXBPdUB+VPQdTMmIZltk60KTlkdydHaXDaUULtTMo","baseKeyType":1,"closed":-1,"used":1711684401215,"created":1711684401215,"remoteIdentityKey":"BTW3hhYiC6P+E3nfqcSDtWc2zPXq9asM9W6HRGDW8DwT"},"_chains":{"BX4WO1tuR6H5MrJUUiQF3euTNMmtgYcAuMRR10DpXw1I":{"chainKey":{"counter":2,"key":"s2ByFwhAYnb9DE8mZkiFQJKPaWFV8tmlboKfhCCnQZI="},"chainType":1,"messageKeys":{}}},"pendingPreKey":{"signedKeyId":1,"baseKey":"BQ7NXBPdUB+VPQdTMmIZltk60KTlkdydHaXDaUULtTMo"}}},"version":"v1"}