{"_sessions":{"BZ/eHxKOmnyHkRreAw+BBxpqELH2nLGuxAfGbC8AiGpC":{"registrationId":1477993714,"currentRatchet":{"ephemeralKeyPair":{"pubKey":"BRFZg0+O7IpBc/4LusLQ/HyJSdinnicN/RnOSLQ3Y1om","privKey":"aDwX0RMZZZm/EoUlu8KwPK6E7/uJCJj8wZ1wVrgMrW0="},"lastRemoteEphemeralKey":"BUOr6liyykHmEabiv7+zWZlUUYvJdPBKAEp4Mvf5XitE","previousCounter":0,"rootKey":"XslhBbQWrGGSiJCY+uDg362ZZx16itT0FlHBDF//8aU="},"indexInfo":{"baseKey":"BZ/eHxKOmnyHkRreAw+BBxpqELH2nLGuxAfGbC8AiGpC","baseKeyType":1,"closed":-1,"used":1711684399530,"created":1711684399530,"remoteIdentityKey":"BaqBLdbK+U+cJ/Szkwm5jsDP+bCCUa/IoXI33S+Zs7Mr"},"_chains":{"BRFZg0+O7IpBc/4LusLQ/HyJSdinnicN/RnOSLQ3Y1om":{"chainKey":{"counter":2,"key":"EUzdpv76MYByQ889frCIZ/WTFnZL5d/7i3dBLm8gaGI="},"chainType":1,"messageKeys":{}}},"pendingPreKey":{"signedKeyId":0,"baseKey":"BZ/eHxKOmnyHkRreAw+BBxpqELH2nLGuxAfGbC8AiGpC","preKeyId":6779307}}},"version":"v1"}