{"_sessions":{"BcrI8k9Hslgu5yxEfX3gHwmPd7lhWQZ0h/KH1sLVjiEJ":{"registrationId":910110171,"currentRatchet":{"ephemeralKeyPair":{"pubKey":"BXDOXgQQJ1R9OlfgD+WRmvfj18/48kSZKr7CY3RIdTB9","privKey":"0JCj5bea36OfbWyZe4Vh8ZfjpbJsKk8WCddfk5N+t3g="},"lastRemoteEphemeralKey":"BS4EPY16HdI/sESyw5Mt9CSnvFXoaMU78c+1YtasKmVC","previousCounter":0,"rootKey":"Dk+3m7yqZgow4I+uAVJrJtPXZx2rMIOog1zfG8EydaI="},"indexInfo":{"baseKey":"BcrI8k9Hslgu5yxEfX3gHwmPd7lhWQZ0h/KH1sLVjiEJ","baseKeyType":1,"closed":-1,"used":1711684398312,"created":1711684398312,"remoteIdentityKey":"BTKkoKy+pe34xHPBrcTBlmdiWxDCEo/FGyGvs2i5lOkr"},"_chains":{"BXDOXgQQJ1R9OlfgD+WRmvfj18/48kSZKr7CY3RIdTB9":{"chainKey":{"counter":7,"key":"pdG8JJfRrTHsFb0NL1Xmua7Y56zzyPVdMUEETbXTI+I="},"chainType":1,"messageKeys":{}}},"pendingPreKey":{"signedKeyId":0,"baseKey":"BcrI8k9Hslgu5yxEfX3gHwmPd7lhWQZ0h/KH1sLVjiEJ","preKeyId":15130730}}},"version":"v1"}