{"_sessions":{"BTEpTMgOistwhur3JgilYsy0WXPaRtK5Ld9z7pwzTDYW":{"registrationId":571730463,"currentRatchet":{"ephemeralKeyPair":{"pubKey":"BZmAViSkrKIAHVxtczpU0KxbzJdLR+JFT2ouYdZiz+FX","privKey":"wFNSN1mmKO0siQfTcB9Ynr4Q/WE+x2ZMjnYEXoNuOk0="},"lastRemoteEphemeralKey":"BbIXeDf63ZZYreFpaXLbVrFNITlo+BPQF9ymT3cSFx0J","previousCounter":0,"rootKey":"5NMFNd075trxNCFZPCPYCN0AXg02H9z+nI99Y/WEeRI="},"indexInfo":{"baseKey":"BTEpTMgOistwhur3JgilYsy0WXPaRtK5Ld9z7pwzTDYW","baseKeyType":1,"closed":-1,"used":1711684399216,"created":1711684399216,"remoteIdentityKey":"BZYd+VjNwAk7WAMZTlLIsfDiKz51/FalvLCwaO5YQtgK"},"_chains":{"BZmAViSkrKIAHVxtczpU0KxbzJdLR+JFT2ouYdZiz+FX":{"chainKey":{"counter":2,"key":"jLxxaXi48i97FuhvEXXJh3Il6CNconP/1Mj3mWPoZBw="},"chainType":1,"messageKeys":{}}},"pendingPreKey":{"signedKeyId":0,"baseKey":"BTEpTMgOistwhur3JgilYsy0WXPaRtK5Ld9z7pwzTDYW"}}},"version":"v1"}