{"_sessions":{"BeE7133H+Gmlr5kEQ9f4E18Bm/ftGWCV/hYcKX4HWp4N":{"registrationId":530715337,"currentRatchet":{"ephemeralKeyPair":{"pubKey":"BTuC02talkrb1LMle8EoknPSVAyFu7DwnRqva9/dxQRQ","privKey":"oEXFiGGvlHLRdflYshWDiTGNYA/2ShcE6Atsm6OhLEQ="},"lastRemoteEphemeralKey":"BRUzYyJqR3OJ8xI2BFqTylsTJrOvcN4twJV9s0JIzgFv","previousCounter":0,"rootKey":"yD0YIUdQHiOVbZ/03lVSgvT6cNnyRp+ZKJBRtQIQ1KQ="},"indexInfo":{"baseKey":"BeE7133H+Gmlr5kEQ9f4E18Bm/ftGWCV/hYcKX4HWp4N","baseKeyType":1,"closed":-1,"used":1711684400231,"created":1711684400231,"remoteIdentityKey":"BV3oQ/FS7yrG9FKMmaHbZne6KsZXipqxzIN53jFHP8Bx"},"_chains":{"BTuC02talkrb1LMle8EoknPSVAyFu7DwnRqva9/dxQRQ":{"chainKey":{"counter":2,"key":"vo6diRjcWKJkrfM1Q+zBPGYldFixlhFINaFYv6p5NGY="},"chainType":1,"messageKeys":{}}},"pendingPreKey":{"signedKeyId":1,"baseKey":"BeE7133H+Gmlr5kEQ9f4E18Bm/ftGWCV/hYcKX4HWp4N","preKeyId":15601124}}},"version":"v1"}