{"_sessions":{"BW9LPvLxSOrUWbDbB089cGZ6QOZ/JO81uQirV2FWjDcn":{"registrationId":702141405,"currentRatchet":{"ephemeralKeyPair":{"pubKey":"BWUFEZ8xY5urZY+DRkNdBo4nsNNMVgzSfZWqgLrV95YI","privKey":"AJxXLWq0sUAV1ZVasbOmTcMpkdT2TB9+2b2pUSG6qX8="},"lastRemoteEphemeralKey":"BQ+ge7QmAUGWmsB6Qtkf5G8niA2BCVK32GwibUAEzaRI","previousCounter":0,"rootKey":"7V2yn8Z4rUd7+NSgs9/Q2Dnrwh0Jer9QkPpU0fB1V3o="},"indexInfo":{"baseKey":"BW9LPvLxSOrUWbDbB089cGZ6QOZ/JO81uQirV2FWjDcn","baseKeyType":1,"closed":-1,"used":1711684401021,"created":1711684401021,"remoteIdentityKey":"Bfm2ISPr8UqOg9+aHvnVTsFlI+zKUqzkDnG6PanuPTQ9"},"_chains":{"BWUFEZ8xY5urZY+DRkNdBo4nsNNMVgzSfZWqgLrV95YI":{"chainKey":{"counter":2,"key":"APQHw5Al7DRbDwcOJT0uXFLyEHVn2rg3jZI8ybsHEDA="},"chainType":1,"messageKeys":{}}},"pendingPreKey":{"signedKeyId":9,"baseKey":"BW9LPvLxSOrUWbDbB089cGZ6QOZ/JO81uQirV2FWjDcn","preKeyId":13779824}}},"version":"v1"}