{"_sessions":{"BT+uLLBZZN9L8wvS0+rlWBhv9rr4+NyeoorDuMH5VBBq":{"registrationId":1591479750,"currentRatchet":{"ephemeralKeyPair":{"pubKey":"BY/BpNSUMmYifgU4Y1YJ1j6EVKo3NFou9WRDeavNzChx","privKey":"+AkqTwkGhNHJ0eckZ5COeEP0jCuYB3HafFxYKCWC0EA="},"lastRemoteEphemeralKey":"BSnFZPjB+44pXY29mlGDyGb8awV81CN2GXhIrRTKSOYn","previousCounter":0,"rootKey":"+LxqdIC66VZo9rTKXDhCCYCli9AdJJHeyf3tlKqGOcw="},"indexInfo":{"baseKey":"BT+uLLBZZN9L8wvS0+rlWBhv9rr4+NyeoorDuMH5VBBq","baseKeyType":1,"closed":-1,"used":1711684398540,"created":1711684398540,"remoteIdentityKey":"Bbr10GXi/TYpEBw1xVbzy81No74QxZLrycAsvp1QyR0A"},"_chains":{"BY/BpNSUMmYifgU4Y1YJ1j6EVKo3NFou9WRDeavNzChx":{"chainKey":{"counter":2,"key":"2RyIBpV7/4Zl9yE6EsR0vZ+Icat0ybVNkvS8JCH0Rmc="},"chainType":1,"messageKeys":{}}},"pendingPreKey":{"signedKeyId":17,"baseKey":"BT+uLLBZZN9L8wvS0+rlWBhv9rr4+NyeoorDuMH5VBBq","preKeyId":10401506}}},"version":"v1"}