{"_sessions":{"BeTxfeQuin46Qq16pxC89BJZZ/+V61Yvh26btnU0TqkG":{"registrationId":1069754614,"currentRatchet":{"ephemeralKeyPair":{"pubKey":"BbWZr7J553G74YYpiRkY5hJC0y3VUj6XhiIN7PL9CBxQ","privKey":"SNZ+RN889RytdSJaJwOZobX/udWbQfCjokXH++iJbWo="},"lastRemoteEphemeralKey":"Bcyt6AvO0TygT3//51Xufr6FZPO5d/lFGB/w5y0zDNo8","previousCounter":0,"rootKey":"vRT2KOLPR1O+QKZN0HF/5oFRX3r8FnVzUxCw6/42I44="},"indexInfo":{"baseKey":"BeTxfeQuin46Qq16pxC89BJZZ/+V61Yvh26btnU0TqkG","baseKeyType":2,"closed":-1,"used":1711686027550,"created":1711686027550,"remoteIdentityKey":"BQ804zBS+Kygc5X4/K9dHKZi7WousVHIe3PLfd4+ZD14"},"_chains":{"Bcyt6AvO0TygT3//51Xufr6FZPO5d/lFGB/w5y0zDNo8":{"chainKey":{"counter":0,"key":"07Qw8EPsMYH6ScMaK5GTPPJHovU/I+neu1b3K4xzMcc="},"chainType":2,"messageKeys":{}},"BbWZr7J553G74YYpiRkY5hJC0y3VUj6XhiIN7PL9CBxQ":{"chainKey":{"counter":-1,"key":"aFyiy7THmZoEKT0SktzAZqJ6kNZovArYLNyp10lX1eA="},"chainType":1,"messageKeys":{}}}}},"version":"v1"}