{"_sessions":{"Bc3v8fzM1ooSLjROFwb8rOYrxnnayxQ3U0qVIzDu7AlN":{"registrationId":716251121,"currentRatchet":{"ephemeralKeyPair":{"pubKey":"BcSpBLZ6S2VaeVjmNJE0crU+0hVmKlCqheVLk/ZZjndy","privKey":"8LxYVSo1bnHiEhRwDdddSctvJqOaL/bEJjXTueOo8VQ="},"lastRemoteEphemeralKey":"BfWh4jEPbwbROL/pwSFMonK+VdJxhTmOZvXxFQEcDn4W","previousCounter":0,"rootKey":"kmURcqLrvBQT6idWntvbzZaTBaIv64JXQD5SAhfoevw="},"indexInfo":{"baseKey":"Bc3v8fzM1ooSLjROFwb8rOYrxnnayxQ3U0qVIzDu7AlN","baseKeyType":1,"closed":-1,"used":1711684398508,"created":1711684398508,"remoteIdentityKey":"BdtXaMhniLLOPdxHyu24HfHjK0cxDXt24FNf5Bk4NBUK"},"_chains":{"BcSpBLZ6S2VaeVjmNJE0crU+0hVmKlCqheVLk/ZZjndy":{"chainKey":{"counter":2,"key":"747osJzr2/lM/McngHaQmjMoKncUfiRnVu1EwkodCgw="},"chainType":1,"messageKeys":{}}},"pendingPreKey":{"signedKeyId":1,"baseKey":"Bc3v8fzM1ooSLjROFwb8rOYrxnnayxQ3U0qVIzDu7AlN","preKeyId":1276786}}},"version":"v1"}