{"_sessions":{"BRNY1qfYFwpUTEc02IGsEwudjjX/MJB5Y1FieqTYWL9h":{"registrationId":1024443559,"currentRatchet":{"ephemeralKeyPair":{"pubKey":"BbAM1n7a1Pq4PP2UI7qkP4KuiQlJoWWEV82Uk46jTB4b","privKey":"iG56gerrg9UX0k9gVuHsE/01uTuEOQSX9sUoyfVqal0="},"lastRemoteEphemeralKey":"BVSzf7Nqjxh6XvAxzd8ddIJDGG8YY3Ke0PEcLA7suyoC","previousCounter":0,"rootKey":"m88jhg7oJviDGHnCxXMYJVVkT/lVXIlF/48L4CqMk2I="},"indexInfo":{"baseKey":"BRNY1qfYFwpUTEc02IGsEwudjjX/MJB5Y1FieqTYWL9h","baseKeyType":2,"closed":-1,"used":1711688472158,"created":1711688472158,"remoteIdentityKey":"BXqIk+gOo4jpGT+23eLQJndbKycU1gJhVuiaMp6cHtpR"},"_chains":{"BVSzf7Nqjxh6XvAxzd8ddIJDGG8YY3Ke0PEcLA7suyoC":{"chainKey":{"counter":0,"key":"g/9yjBS1/94dHXAzZDdc6SqlqIEK2JWVSAVho3yPy0M="},"chainType":2,"messageKeys":{}},"BbAM1n7a1Pq4PP2UI7qkP4KuiQlJoWWEV82Uk46jTB4b":{"chainKey":{"counter":-1,"key":"f+XWm4FIv5F/9hvoE0zSIm3vA3UCIi7tj/ygyLabYLk="},"chainType":1,"messageKeys":{}}}}},"version":"v1"}