{"_sessions":{"BSw3AOQ9hBa7qCenEaUhKiUo1XMu0gyAaIVkAb+4VvVc":{"registrationId":180183573,"currentRatchet":{"ephemeralKeyPair":{"pubKey":"BdzZj3SdtmivzO5bSmfH7xDKYxPk5n4ootq7alZVwrkd","privKey":"GAV3shj08Wy4by4xkgGcGiUs+Ab6a0uQfitq+8Me2Go="},"lastRemoteEphemeralKey":"BQfkq/CFF087+cNKzuBYCcR04SOKjy8MAGUnIc8UMf0L","previousCounter":0,"rootKey":"El5pdKfogDR75s/JhLI6WAYCzKZWa3m+A8K/mfOEEg8="},"indexInfo":{"baseKey":"BSw3AOQ9hBa7qCenEaUhKiUo1XMu0gyAaIVkAb+4VvVc","baseKeyType":1,"closed":-1,"used":1711684398818,"created":1711684398818,"remoteIdentityKey":"BfErcAkXjBrqg5f0lUPXTlB0YqtlFZ8Vy8qf0NBoziEf"},"_chains":{"BdzZj3SdtmivzO5bSmfH7xDKYxPk5n4ootq7alZVwrkd":{"chainKey":{"counter":2,"key":"80wUZb46Ep7MM44V34XNENsYm7ldRWsg3252VNASDLY="},"chainType":1,"messageKeys":{}}},"pendingPreKey":{"signedKeyId":15,"baseKey":"BSw3AOQ9hBa7qCenEaUhKiUo1XMu0gyAaIVkAb+4VvVc","preKeyId":9499090}}},"version":"v1"}