{"_sessions":{"BQzbDoyOx9xi06oqEdxDGpuYz7CE9/pQPnxz3BXqFhY0":{"registrationId":1775741124,"currentRatchet":{"ephemeralKeyPair":{"pubKey":"BWm2F5AReVVngixXVA1JUvkIKZB2gjAFe9wEeDWaVPly","privKey":"KOFwd0KeVGbZomJPhwWsRghKVEFDAcqLKMunCPp0a20="},"lastRemoteEphemeralKey":"BYSZchSyZP6PiGJ5Mj3Hkxv06Mw9o4KZuWlOPWBhvZ54","previousCounter":0,"rootKey":"XQkh4nkTocq02SNbDHJYV/mbr9zTyADGKu1bXWmhemM="},"indexInfo":{"baseKey":"BQzbDoyOx9xi06oqEdxDGpuYz7CE9/pQPnxz3BXqFhY0","baseKeyType":2,"closed":-1,"used":1711687814355,"created":1711687814355,"remoteIdentityKey":"BV7qWVsXTMBiekqYOD1fJyBKppjWYyYs04YO+XtYZ8VS"},"_chains":{"BYSZchSyZP6PiGJ5Mj3Hkxv06Mw9o4KZuWlOPWBhvZ54":{"chainKey":{"counter":0,"key":"6LDvEHUgNPMvswzoN+5Jh43kZALf6y65ORu2hBtQVZI="},"chainType":2,"messageKeys":{}},"BWm2F5AReVVngixXVA1JUvkIKZB2gjAFe9wEeDWaVPly":{"chainKey":{"counter":-1,"key":"EifiBVTettdDNeZUTejUl2YT+44SJAfW5jGxyx0vbNY="},"chainType":1,"messageKeys":{}}}}},"version":"v1"}