{"_sessions":{"BVrWmfq6HjVSuEUHYmq9C3l3qX2uPsmdOk/BdNJ7Y3l7":{"registrationId":1322513155,"currentRatchet":{"ephemeralKeyPair":{"pubKey":"BZdV71bWpUB9wrp26RR7Sg2tFwhOIUHCGxJk/rzFjH5e","privKey":"aNq28QFFK8GHs5rgWirrO4FLOHHgRMODOsOnw2Hon30="},"lastRemoteEphemeralKey":"BRNRDnRA08XhPGW76REg1J5OrbwHFDRBJsdjqrqEASwm","previousCounter":0,"rootKey":"t+Oi52bYiK2tfnZH6XvgqK7cWmF+9uXq5BIM6y2H7X8="},"indexInfo":{"baseKey":"BVrWmfq6HjVSuEUHYmq9C3l3qX2uPsmdOk/BdNJ7Y3l7","baseKeyType":1,"closed":-1,"used":1711684398741,"created":1711684398741,"remoteIdentityKey":"BbWy9X+kizk1Ow8bUb3z26uSRprB8KcGiNNffEriGJdS"},"_chains":{"BZdV71bWpUB9wrp26RR7Sg2tFwhOIUHCGxJk/rzFjH5e":{"chainKey":{"counter":2,"key":"fdE+9NV6AvqFwJT/rJIjo1hyp18fB8E6ozhxDYvAry8="},"chainType":1,"messageKeys":{}}},"pendingPreKey":{"signedKeyId":0,"baseKey":"BVrWmfq6HjVSuEUHYmq9C3l3qX2uPsmdOk/BdNJ7Y3l7","preKeyId":6048219}}},"version":"v1"}