{"_sessions":{"BbzzrmRT/IRPYUQnkchn/V2C0zkZA+ougq6fi5KA1U5F":{"registrationId":89338714,"currentRatchet":{"ephemeralKeyPair":{"pubKey":"BQYRQBLdBPDsARreGxdxx9VCjDlT6Ij1QS5ghyhsX/Qh","privKey":"gEiguDxauis+wBwrEf1tpMDyDk6imOnFv9lSPPl9t1k="},"lastRemoteEphemeralKey":"BdsN20ReHDDIHeVu1lnlHojlo4Cqkjs/9wOPGziOMhgA","previousCounter":0,"rootKey":"MGKDvZKB7dfn/TRVewfohQw1RJFcZ+Xl8rZDO45FEXg="},"indexInfo":{"baseKey":"BbzzrmRT/IRPYUQnkchn/V2C0zkZA+ougq6fi5KA1U5F","baseKeyType":1,"closed":-1,"used":1711684400411,"created":1711684400411,"remoteIdentityKey":"BUy/GIpgRX4xF5fMnBKbD4u+WgwJCuzknFm409xiX0Bq"},"_chains":{"BQYRQBLdBPDsARreGxdxx9VCjDlT6Ij1QS5ghyhsX/Qh":{"chainKey":{"counter":2,"key":"Rbf8G8dScDtYrvPARkPHs22H2+y9J25s0Nq5/kulYos="},"chainType":1,"messageKeys":{}}},"pendingPreKey":{"signedKeyId":0,"baseKey":"BbzzrmRT/IRPYUQnkchn/V2C0zkZA+ougq6fi5KA1U5F","preKeyId":459590}}},"version":"v1"}