{"_sessions":{"BTw/4tDqhjz2DUnaPIo7qmFHeDAs2U3aMETwDzRM6zJm":{"registrationId":1799872818,"currentRatchet":{"ephemeralKeyPair":{"pubKey":"BV8ygl8oYubia1gkh4yYqg20uHZZD9dRjiwR4hpgymQv","privKey":"+M8qHVp09R6++6ruXywb9wiQGtz8tV88ItG1COzE62A="},"lastRemoteEphemeralKey":"BXh0iPY/K9go9IOYFuqC7SUStRw5ZU55lqFZe1Gs0+wx","previousCounter":0,"rootKey":"P3rJ79dSpLOaX/AsXeSUUkkxsnMgTncdoWcLAxDPADw="},"indexInfo":{"baseKey":"BTw/4tDqhjz2DUnaPIo7qmFHeDAs2U3aMETwDzRM6zJm","baseKeyType":1,"closed":-1,"used":1711684398952,"created":1711684398952,"remoteIdentityKey":"BZfn7lzDU/nT/8KfHLl9qBJHPMkGXxTwnK4JKJc9++F/"},"_chains":{"BV8ygl8oYubia1gkh4yYqg20uHZZD9dRjiwR4hpgymQv":{"chainKey":{"counter":2,"key":"T5XBGcajWKkmQJQF1M+sxx5ilTAH6lc1qdoR8s/SFh8="},"chainType":1,"messageKeys":{}}},"pendingPreKey":{"signedKeyId":3,"baseKey":"BTw/4tDqhjz2DUnaPIo7qmFHeDAs2U3aMETwDzRM6zJm"}}},"version":"v1"}