{"_sessions":{"BePtXLT2xBWHAz0rSmZCstteDpw7Lh6mtp3JpNvVnmp1":{"registrationId":671379382,"currentRatchet":{"ephemeralKeyPair":{"pubKey":"BfWVKugbZE9auZpRfpHeJsoabvBN/o8rBOtgDlbmtLVe","privKey":"+F6MXIVzEkbiasjIir5aB40nQvlbkpyEFKMA/jlYUVA="},"lastRemoteEphemeralKey":"BSEnjIuYtSpK54yal0KwNly+rbV9QPKO1KrVcTpG8TQb","previousCounter":0,"rootKey":"B5FvuJz5UhBkNGV2Ims2KzN7YzcJyJ2RMmKCwFU3Vjw="},"indexInfo":{"baseKey":"BePtXLT2xBWHAz0rSmZCstteDpw7Lh6mtp3JpNvVnmp1","baseKeyType":1,"closed":-1,"used":1711684399004,"created":1711684399004,"remoteIdentityKey":"BbFiMKtxIjPFF+gWsl5s4fCp0M8T+uP2guAb15UFOHod"},"_chains":{"BfWVKugbZE9auZpRfpHeJsoabvBN/o8rBOtgDlbmtLVe":{"chainKey":{"counter":2,"key":"BLhuPQYyOvNJbwf6IeWl3BEhfaOktnVOZcFPfGffcdQ="},"chainType":1,"messageKeys":{}}},"pendingPreKey":{"signedKeyId":8,"baseKey":"BePtXLT2xBWHAz0rSmZCstteDpw7Lh6mtp3JpNvVnmp1","preKeyId":2662940}}},"version":"v1"}