{"_sessions":{"BajKbJkHdD9z1lrbt/OYuGUz/G6nUU/R6+DbdkNFh9hc":{"registrationId":1209538735,"currentRatchet":{"ephemeralKeyPair":{"pubKey":"BSz1GqMgKs5kw+/BR7O3OCSFXDfZWb6FBnyN8biWE411","privKey":"GAoTWzC0Nnm5pYBqFF6g8GxvD1z3QEoeACLPMcZm5E8="},"lastRemoteEphemeralKey":"BWwRiy1b7g/uwSqySE97rExC6wIL3zC/QmDOven2vkUs","previousCounter":0,"rootKey":"TdYFxuBvjWI8oyUk7blXt1siVlmi1nxdM4xiAQinYcA="},"indexInfo":{"baseKey":"BajKbJkHdD9z1lrbt/OYuGUz/G6nUU/R6+DbdkNFh9hc","baseKeyType":1,"closed":-1,"used":1711684398240,"created":1711684398240,"remoteIdentityKey":"BVmyT7/I1lTl+LMnN5H+xv/DQiUyPIOxmJRLTSmP7htz"},"_chains":{"BSz1GqMgKs5kw+/BR7O3OCSFXDfZWb6FBnyN8biWE411":{"chainKey":{"counter":2,"key":"SpfUf5lhd43wMqbXeISXvDTeFrWPzCQ1C98hghho3ac="},"chainType":1,"messageKeys":{}}},"pendingPreKey":{"signedKeyId":6,"baseKey":"BajKbJkHdD9z1lrbt/OYuGUz/G6nUU/R6+DbdkNFh9hc","preKeyId":16143565}}},"version":"v1"}