{"_sessions":{"BZcMV2dSstg5c/7FQzLr8kGis5+pkm8y+c3BbIa0JykV":{"registrationId":1854906338,"currentRatchet":{"ephemeralKeyPair":{"pubKey":"BUOvXygWECIY0zR8uqhgQCKtJaSe0tMG/ZXjQpon8cZm","privKey":"OBpJtFRiNYnQ39Slp2HIsI0HschV2Dp59I+pCW+PZ3A="},"lastRemoteEphemeralKey":"BeEmYU0dNEarvPjeoZakYgyj647z4DFX1N9BuIdUay1g","previousCounter":0,"rootKey":"OQVT+DyUbYCFvrBEMgBzTPdwWRvr0936HLa+BlEHYXg="},"indexInfo":{"baseKey":"BZcMV2dSstg5c/7FQzLr8kGis5+pkm8y+c3BbIa0JykV","baseKeyType":1,"closed":-1,"used":1711684398620,"created":1711684398620,"remoteIdentityKey":"BX+S/3n1hV+ccSw2mxlsMvuzEBf9AABLVSTf5oz1duRc"},"_chains":{"BUOvXygWECIY0zR8uqhgQCKtJaSe0tMG/ZXjQpon8cZm":{"chainKey":{"counter":2,"key":"v7QOFHIgYUyTn0S7WwPR+K6ZZFkxX3ULZOdjoWXcNJc="},"chainType":1,"messageKeys":{}}},"pendingPreKey":{"signedKeyId":2,"baseKey":"BZcMV2dSstg5c/7FQzLr8kGis5+pkm8y+c3BbIa0JykV","preKeyId":13117001}}},"version":"v1"}