{"_sessions":{"BRgxaZHC/nvFoM0xWRDpk57nK1zcigVELatsgWhPgxVE":{"registrationId":159368425,"currentRatchet":{"ephemeralKeyPair":{"pubKey":"BbEYZBbXV0NoynGItZX6VtAol+Rgj6oEvzS9tV6XLz9K","privKey":"AORkxXUc/QRkSCOBosuVgzkqsOYZIGJ2gRorjikwSWU="},"lastRemoteEphemeralKey":"BcfJ4tMlTrRb0fooAONj6d5bjOsv24cogDWdt4hYjPMJ","previousCounter":0,"rootKey":"814McuZiIWSTo+gbRhGWQKc+2HRqg8U6e6cAhdBXlSg="},"indexInfo":{"baseKey":"BRgxaZHC/nvFoM0xWRDpk57nK1zcigVELatsgWhPgxVE","baseKeyType":1,"closed":-1,"used":1711684401428,"created":1711684401428,"remoteIdentityKey":"BejydkPjCLM8FFcemkmi52lx3O7E5sPi2BaY8ym5hkcR"},"_chains":{"BbEYZBbXV0NoynGItZX6VtAol+Rgj6oEvzS9tV6XLz9K":{"chainKey":{"counter":2,"key":"BT68AxFBOiDGkJiFrYuxEA2a1DHIAWDMV64MqDBm1t4="},"chainType":1,"messageKeys":{}}},"pendingPreKey":{"signedKeyId":9,"baseKey":"BRgxaZHC/nvFoM0xWRDpk57nK1zcigVELatsgWhPgxVE","preKeyId":15411043}}},"version":"v1"}