{"_sessions":{"BS7WwJB7BVo4kQfW4NWrvnOcj44ZpaxIxy/bTQ1f/GRy":{"registrationId":1518775676,"currentRatchet":{"ephemeralKeyPair":{"pubKey":"BfYUVmVOLVQtTo+VZsd500bR4tVMxzD0bqLWO6YVKF8z","privKey":"wOIL0RO8uAmYj1W5jTMLlWwo0Y92pj0iw5BABsnJ3Ek="},"lastRemoteEphemeralKey":"BZdQE21rxs7wvld0waiNEDYjEQbWFMY2NEMjTDHifOIo","previousCounter":0,"rootKey":"h1GPc6u5B3eoCrZN2qnZuoEDCekY/N5teRK6/XwdQNM="},"indexInfo":{"baseKey":"BS7WwJB7BVo4kQfW4NWrvnOcj44ZpaxIxy/bTQ1f/GRy","baseKeyType":1,"closed":-1,"used":1711684400632,"created":1711684400632,"remoteIdentityKey":"BYLKLdbmfTPNQFNiLqN8924pR3IF3Wts08eAMjAOon8R"},"_chains":{"BfYUVmVOLVQtTo+VZsd500bR4tVMxzD0bqLWO6YVKF8z":{"chainKey":{"counter":2,"key":"JrYe3rnG6T6EcvBE6fFxlxIXC8qxcwGqpkaoY7l/R3E="},"chainType":1,"messageKeys":{}}},"pendingPreKey":{"signedKeyId":1,"baseKey":"BS7WwJB7BVo4kQfW4NWrvnOcj44ZpaxIxy/bTQ1f/GRy","preKeyId":7206200}}},"version":"v1"}